School,Teacher,Teacher ID,Teacher Age Group,Experience,Grade,Class size,Income Type,Ethnicity,% of low,% of multi,AveAca,AveSocio,Cluster,Gifted
1,1,1,40.0,2.0,6,20,1,1,5.0,10.0,0.685363426,0.522471667,10,0
1,1,1,40.0,2.0,6,20,1,2,5.0,10.0,0.204406636,0.522471667,5,0
1,1,1,40.0,2.0,6,20,1,1,5.0,10.0,-1.238463734,-1.067659494,2,0
1,1,1,40.0,2.0,6,20,1,1,5.0,10.0,-0.276550154,0.295310073,11,0
1,1,1,40.0,2.0,6,20,1,1,5.0,10.0,-0.517028549,-0.613336305,12,0
1,1,1,40.0,2.0,6,20,1,1,5.0,10.0,2.128233796,0.522471667,9,0
1,1,1,40.0,2.0,6,20,1,1,5.0,10.0,-1.478942129,-1.749144277,7,0
1,1,1,40.0,2.0,6,20,1,1,5.0,10.0,-0.997985339,0.749633262,11,0
1,1,1,40.0,2.0,6,20,1,1,5.0,10.0,-0.517028549,-0.613336305,12,0
1,1,1,40.0,2.0,6,20,1,1,5.0,10.0,-0.517028549,-0.613336305,12,0
1,1,1,40.0,2.0,6,20,1,1,5.0,10.0,0.444885031,-0.613336305,4,0
1,1,1,40.0,2.0,6,20,1,1,5.0,10.0,-0.517028549,-0.159013116,0,0
1,1,1,40.0,2.0,6,20,1,1,5.0,10.0,1.406798611,1.65827964,6,0
1,1,1,40.0,2.0,6,20,1,1,5.0,10.0,0.685363426,0.749633262,1,0
1,1,1,40.0,2.0,6,20,1,1,5.0,10.0,0.925841821,1.65827964,13,0
1,1,1,40.0,2.0,6,20,1,1,5.0,10.0,0.685363426,0.522471667,10,0
1,1,1,40.0,2.0,6,20,1,1,5.0,10.0,0.444885031,0.749633262,1,0
1,1,1,40.0,2.0,6,20,2,1,5.0,10.0,-1.238463734,-1.521982683,7,0
1,1,1,40.0,2.0,6,20,1,1,5.0,10.0,0.925841821,0.522471667,10,0
1,1,1,40.0,2.0,6,20,1,2,5.0,10.0,-1.238463734,-1.521982683,7,0
1,2,2,20.0,0.0,4,19,2,1,15.78,5.26,0.243285206,-0.920349632,4,0
1,2,2,20.0,0.0,4,19,1,1,15.78,5.26,-0.783918998,-0.434609548,17,0
1,2,2,20.0,0.0,4,19,1,1,15.78,5.26,0.756887308,0.294000577,10,0
1,2,2,20.0,0.0,4,19,1,1,15.78,5.26,3.324897818,0.051130535,9,0
1,2,2,20.0,0.0,4,19,1,1,15.78,5.26,0.243285206,1.994090869,13,0
1,2,2,20.0,0.0,4,19,1,1,15.78,5.26,-0.013515845,0.536870619,5,0
1,2,2,20.0,0.0,4,19,1,1,15.78,5.26,-0.270316896,0.536870619,11,0
1,2,2,20.0,0.0,4,19,1,1,15.78,5.26,-0.527117947,-0.920349632,8,0
1,2,2,20.0,0.0,4,19,2,1,15.78,5.26,-0.527117947,-0.434609548,12,0
1,2,2,20.0,0.0,4,19,1,1,15.78,5.26,-1.040720049,-1.163219674,2,0
1,2,2,20.0,0.0,4,19,1,1,15.78,5.26,-1.2975211,-1.648959757,7,0
1,2,2,20.0,0.0,4,19,1,1,15.78,5.26,-0.013515845,1.508350786,15,0
1,2,2,20.0,0.0,4,19,1,2,15.78,5.26,-0.270316896,-0.191739507,0,0
1,2,2,20.0,0.0,4,19,1,1,15.78,5.26,0.500086257,0.294000577,10,0
1,2,2,20.0,0.0,4,19,1,1,15.78,5.26,-0.783918998,0.294000577,11,0
1,2,2,20.0,0.0,4,19,1,1,15.78,5.26,0.756887308,0.536870619,10,0
1,2,2,20.0,0.0,4,19,1,1,15.78,5.26,0.243285206,1.508350786,15,0
1,2,2,20.0,0.0,4,19,1,1,15.78,5.26,-0.783918998,-1.406089716,8,0
1,2,2,20.0,0.0,4,19,2,1,15.78,5.26,0.243285206,-0.434609548,4,0
1,3,3,20.0,0.0,6,21,1,1,19.05,9.52,2.077745633,0.622978026,9,0
1,3,3,20.0,0.0,6,21,2,2,19.05,9.52,0.384537998,0.967255357,15,0
1,3,3,20.0,0.0,6,21,1,1,19.05,9.52,0.64503148,1.311532687,13,0
1,3,3,20.0,0.0,6,21,1,1,19.05,9.52,1.817252151,0.450839361,9,0
1,3,3,20.0,0.0,6,21,1,1,19.05,9.52,-0.787682673,-0.2377153,17,0
1,3,3,20.0,0.0,6,21,1,1,19.05,9.52,-0.787682673,-1.442685956,8,0
1,3,3,20.0,0.0,6,21,1,1,19.05,9.52,-1.178422896,-1.098408625,2,0
1,3,3,20.0,0.0,6,21,1,1,19.05,9.52,0.905524962,1.827948683,13,0
1,3,3,20.0,0.0,6,21,1,2,19.05,9.52,-0.917929414,-1.786963286,7,0
1,3,3,20.0,0.0,6,21,2,1,19.05,9.52,-1.048176155,-1.098408625,2,0
1,3,3,20.0,0.0,6,21,1,1,19.05,9.52,-0.787682673,-0.409853965,17,0
1,3,3,20.0,0.0,6,21,1,1,19.05,9.52,0.384537998,-0.58199263,4,0
1,3,3,20.0,0.0,6,21,1,1,19.05,9.52,-1.178422896,-0.92626996,2,0
1,3,3,20.0,0.0,6,21,1,1,19.05,9.52,1.166018445,1.311532687,13,0
1,3,3,20.0,0.0,6,21,1,1,19.05,9.52,-0.396942449,-0.065576634,0,0
1,3,3,20.0,0.0,6,21,1,1,19.05,9.52,-1.048176155,-0.754131295,2,0
1,3,3,20.0,0.0,6,21,2,1,19.05,9.52,-0.396942449,-0.065576634,0,0
1,3,3,20.0,0.0,6,21,1,1,19.05,9.52,-0.006202226,0.278700696,5,0
1,3,3,20.0,0.0,6,21,1,1,19.05,9.52,-0.396942449,-0.065576634,0,0
1,3,3,20.0,0.0,6,21,1,1,19.05,9.52,1.035771704,0.450839361,10,0
1,3,3,20.0,0.0,6,21,2,1,19.05,9.52,0.514784739,1.311532687,15,0
1,4,4,40.0,2.0,5,21,1,1,33.33,4.76,1.557936332,0.605877851,9,0
1,4,4,40.0,2.0,5,21,2,1,33.33,4.76,-1.059396706,-0.964916577,2,0
1,4,4,40.0,2.0,5,21,1,1,33.33,4.76,1.819669636,1.234195622,6,0
1,4,4,40.0,2.0,5,21,1,1,33.33,4.76,0.772736421,-0.02243992,10,0
1,4,4,40.0,2.0,5,21,2,1,33.33,4.76,-0.535930098,0.291718965,11,0
1,4,4,40.0,2.0,5,21,1,1,33.33,4.76,-0.143330143,-0.336598806,0,0
1,4,4,40.0,2.0,5,21,1,1,33.33,4.76,1.165336376,0.291718965,10,0
1,4,4,40.0,2.0,5,21,2,1,33.33,4.76,-1.190263358,-0.336598806,17,0
1,4,4,40.0,2.0,5,21,1,2,33.33,4.76,-0.274196794,-1.279075463,8,0
1,4,4,40.0,2.0,5,21,1,1,33.33,4.76,0.772736421,0.605877851,1,0
1,4,4,40.0,2.0,5,21,2,1,33.33,4.76,-0.66679675,-1.436154906,8,0
1,4,4,40.0,2.0,5,21,2,1,33.33,4.76,-1.059396706,-0.179519363,17,0
1,4,4,40.0,2.0,5,21,1,1,33.33,4.76,-1.190263358,-0.493678249,17,0
1,4,4,40.0,2.0,5,21,1,1,33.33,4.76,0.772736421,1.705433951,13,0
1,4,4,40.0,2.0,5,21,1,1,33.33,4.76,-0.012463491,-0.02243992,0,0
1,4,4,40.0,2.0,5,21,1,1,33.33,4.76,0.903603073,1.548354508,13,0
1,4,4,40.0,2.0,5,21,1,1,33.33,4.76,-1.451996661,-1.907393234,7,0
1,4,4,40.0,2.0,5,21,1,1,33.33,4.76,0.772736421,1.548354508,13,0
1,4,4,40.0,2.0,5,21,2,1,33.33,4.76,-0.797663402,-0.807837135,8,0
1,4,4,40.0,2.0,5,21,2,1,33.33,4.76,-0.797663402,-0.493678249,17,0
1,4,4,40.0,2.0,5,21,1,1,33.33,4.76,0.641869769,0.448798408,10,0
1,5,5,30.0,1.0,5,20,1,1,36.84,5.2,1.68103666,1.432968885,6,0
1,5,5,30.0,1.0,5,20,1,1,36.84,5.2,1.001468649,-0.194696859,10,0
1,5,5,30.0,1.0,5,20,1,1,36.84,5.2,1.409209455,1.432968885,6,0
1,5,5,30.0,1.0,5,20,2,1,36.84,5.2,-0.08584017,-0.046727246,0,0
1,5,5,30.0,1.0,5,20,1,1,36.84,5.2,-0.901321784,-0.342666472,17,0
1,5,5,30.0,1.0,5,20,1,2,36.84,5.2,-0.765408181,-1.082514538,8,0
1,5,5,30.0,1.0,5,20,1,1,36.84,5.2,0.321900637,0.841090432,15,0
1,5,5,30.0,1.0,5,20,2,1,36.84,5.2,-1.444976193,-1.822362603,7,0
1,5,5,30.0,1.0,5,20,2,1,36.84,5.2,-1.444976193,-1.082514538,2,0
1,5,5,30.0,1.0,5,20,1,1,36.84,5.2,1.001468649,1.432968885,13,0
1,5,5,30.0,1.0,5,20,1,1,36.84,5.2,1.137382251,1.137029659,1,0
1,5,5,30.0,1.0,5,20,2,1,36.84,5.2,-0.357667374,-0.342666472,12,0
1,5,5,30.0,1.0,5,20,2,1,36.84,5.2,-0.357667374,-0.638605699,12,0
1,5,5,30.0,1.0,5,20,1,1,36.84,5.2,0.865555046,1.137029659,1,0
1,5,5,30.0,1.0,5,20,1,1,36.84,5.2,-0.221753772,-0.194696859,0,0
1,5,5,30.0,1.0,5,20,1,1,36.84,5.2,-0.08584017,-0.342666472,0,0
1,5,5,30.0,1.0,5,20,1,1,36.84,5.2,-1.037235386,-0.934544925,2,0
1,5,5,30.0,1.0,5,20,2,1,36.84,5.2,-1.309062591,-0.934544925,2,0
1,5,5,30.0,1.0,5,20,2,1,36.84,5.2,0.593727842,0.545151206,10,0
2,1,6,40.0,2.0,3,22,1,2,13.64,77.27,0.986008239,0.373234784,10,0
2,1,6,40.0,2.0,3,22,1,2,13.64,77.27,-1.297379262,-1.216023005,2,0
2,1,6,40.0,2.0,3,22,1,2,13.64,77.27,0.300991989,1.432739976,15,0
2,1,6,40.0,2.0,3,22,1,2,13.64,77.27,-0.840701762,-1.216023005,8,0
2,1,6,40.0,2.0,3,22,1,2,13.64,77.27,-1.525718012,-1.745775601,7,0
2,1,6,40.0,2.0,3,22,1,2,13.64,77.27,-0.612363012,-1.216023005,8,0
2,1,6,40.0,2.0,3,22,1,2,13.64,77.27,-1.525718012,-1.216023005,14,0
2,1,6,40.0,2.0,3,22,1,1,13.64,77.27,0.072653239,0.373234784,5,0
2,1,6,40.0,2.0,3,22,1,1,13.64,77.27,1.442685739,0.90298738,9,0
2,1,6,40.0,2.0,3,22,1,2,13.64,77.27,0.529330739,-0.156517813,4,0
2,1,6,40.0,2.0,3,22,1,2,13.64,77.27,0.300991989,-0.156517813,4,0
2,1,6,40.0,2.0,3,22,1,2,13.64,77.27,0.757669489,0.90298738,1,0
2,1,6,40.0,2.0,3,22,1,2,13.64,77.27,1.442685739,1.697616274,6,0
2,1,6,40.0,2.0,3,22,2,2,13.64,77.27,-1.069040512,-0.951146707,2,0
2,1,6,40.0,2.0,3,22,1,2,13.64,77.27,0.986008239,0.638111082,1,0
2,1,6,40.0,2.0,3,22,1,1,13.64,77.27,0.757669489,1.167863678,1,0
2,1,6,40.0,2.0,3,22,2,2,13.64,77.27,1.214346989,0.108358486,10,0
2,1,6,40.0,2.0,3,22,1,2,13.64,77.27,0.072653239,0.373234784,5,0
2,1,6,40.0,2.0,3,22,1,1,13.64,77.27,-0.384024262,-0.156517813,0,0
2,1,6,40.0,2.0,3,22,1,1,13.64,77.27,0.072653239,1.167863678,15,0
2,1,6,40.0,2.0,3,22,2,2,13.64,77.27,0.072653239,-0.156517813,0,0
2,1,6,40.0,2.0,3,22,1,2,13.64,77.27,-1.754056762,-0.951146707,14,0
2,2,7,40.0,2.0,3,19,1,2,5.26,63.15,0.334441695,0.424294619,5,0
2,2,7,40.0,2.0,3,19,1,2,5.26,63.15,-0.47675731,-0.704329068,12,0
2,2,7,40.0,2.0,3,19,1,2,5.26,63.15,-1.152756482,-1.026792978,2,0
2,2,7,40.0,2.0,3,19,1,2,5.26,63.15,-0.882356813,-1.510488844,7,0
2,2,7,40.0,2.0,3,19,1,2,5.26,63.15,-0.071157808,-0.220633202,0,0
2,2,7,40.0,2.0,3,19,1,1,5.26,63.15,-1.42315615,-2.155416665,7,0
2,2,7,40.0,2.0,3,19,1,2,5.26,63.15,-0.747156979,-0.704329068,8,0
2,2,7,40.0,2.0,3,19,1,2,5.26,63.15,0.875241032,1.06922244,1,0
2,2,7,40.0,2.0,3,19,1,1,5.26,63.15,0.46964153,0.424294619,5,0
2,2,7,40.0,2.0,3,19,1,1,5.26,63.15,1.145640701,1.06922244,1,0
2,2,7,40.0,2.0,3,19,2,2,5.26,63.15,-1.693555819,-1.026792978,14,0
2,2,7,40.0,2.0,3,19,1,1,5.26,63.15,-1.017556647,0.101830709,17,0
2,2,7,40.0,2.0,3,19,1,2,5.26,63.15,0.875241032,0.746758529,1,0
2,2,7,40.0,2.0,3,19,1,1,5.26,63.15,-0.071157808,0.585526574,5,0
2,2,7,40.0,2.0,3,19,1,2,5.26,63.15,1.010440867,1.06922244,1,0
2,2,7,40.0,2.0,3,19,1,1,5.26,63.15,1.41604037,1.06922244,9,0
2,2,7,40.0,2.0,3,19,1,2,5.26,63.15,-0.341557476,-0.704329068,12,0
2,2,7,40.0,2.0,3,19,1,2,5.26,63.15,0.064042027,0.263062664,5,0
2,2,7,40.0,2.0,3,19,1,1,5.26,63.15,1.686440038,1.230454395,6,0
2,3,8,50.0,2.0,4,19,1,2,10.53,78.95,0.167705098,-0.361063595,4,0
2,3,8,50.0,2.0,4,19,1,2,10.53,78.95,-1.00623059,-0.949081449,2,0
2,3,8,50.0,2.0,4,19,1,2,10.53,78.95,-1.173935688,-0.753075497,2,0
2,3,8,50.0,2.0,4,19,1,1,10.53,78.95,0.503115295,0.030948308,10,0
2,3,8,50.0,2.0,4,19,1,2,10.53,78.95,-1.173935688,-1.1450874,2,0
2,3,8,50.0,2.0,4,19,1,1,10.53,78.95,1.00623059,0.030948308,10,0
2,3,8,50.0,2.0,4,19,1,2,10.53,78.95,0.670820393,1.402989967,13,0
2,3,8,50.0,2.0,4,19,1,1,10.53,78.95,-0.167705098,0.030948308,0,0
2,3,8,50.0,2.0,4,19,1,2,10.53,78.95,0.670820393,0.422960211,10,0
2,3,8,50.0,2.0,4,19,1,2,10.53,78.95,-0.335410197,-0.165057643,0,0
2,3,8,50.0,2.0,4,19,1,2,10.53,78.95,-0.335410197,0.030948308,0,0
2,3,8,50.0,2.0,4,19,2,2,10.53,78.95,-0.503115295,-0.557069546,12,0
2,3,8,50.0,2.0,4,19,1,1,10.53,78.95,-0.167705098,-0.557069546,12,0
2,3,8,50.0,2.0,4,19,1,2,10.53,78.95,-0.167705098,-0.557069546,12,0
2,3,8,50.0,2.0,4,19,1,2,10.53,78.95,2.180166278,2.187013773,6,0
2,3,8,50.0,2.0,4,19,1,2,10.53,78.95,-0.838525492,-0.753075497,8,0
2,3,8,50.0,2.0,4,19,1,2,10.53,78.95,2.180166278,2.383019724,6,0
2,3,8,50.0,2.0,4,19,1,2,10.53,78.95,-0.503115295,0.226954259,11,0
2,3,8,50.0,2.0,4,19,2,2,10.53,78.95,-1.00623059,-0.949081449,2,0
2,4,9,40.0,2.0,5,20,1,2,5.0,70.0,-1.162384532,-1.659517093,7,0
2,4,9,40.0,2.0,5,20,1,2,5.0,70.0,-1.472353741,-1.927181141,7,0
2,4,9,40.0,2.0,5,20,1,1,5.0,70.0,-0.542446115,-0.588860904,12,0
2,4,9,40.0,2.0,5,20,1,2,5.0,70.0,-1.162384532,-1.124188999,2,0
2,4,9,40.0,2.0,5,20,2,1,5.0,70.0,1.627338345,0.481795285,9,0
2,4,9,40.0,2.0,5,20,1,2,5.0,70.0,-1.472353741,-1.124188999,2,0
2,4,9,40.0,2.0,5,20,1,2,5.0,70.0,0.077492302,-0.588860904,4,0
2,4,9,40.0,2.0,5,20,1,2,5.0,70.0,0.077492302,-0.588860904,4,0
2,4,9,40.0,2.0,5,20,1,1,5.0,70.0,0.387461511,-0.053532809,4,0
2,4,9,40.0,2.0,5,20,1,1,5.0,70.0,0.077492302,-0.321196857,4,0
2,4,9,40.0,2.0,5,20,1,1,5.0,70.0,0.697430719,0.481795285,10,0
2,4,9,40.0,2.0,5,20,1,2,5.0,70.0,1.317369136,1.284787427,6,0
2,4,9,40.0,2.0,5,20,1,2,5.0,70.0,0.077492302,1.01712338,15,0
2,4,9,40.0,2.0,5,20,1,1,5.0,70.0,0.077492302,1.01712338,15,0
2,4,9,40.0,2.0,5,20,1,2,5.0,70.0,0.077492302,0.481795285,5,0
2,4,9,40.0,2.0,5,20,1,2,5.0,70.0,1.627338345,1.552451475,6,0
2,4,9,40.0,2.0,5,20,1,2,5.0,70.0,1.317369136,1.284787427,6,0
2,4,9,40.0,2.0,5,20,1,2,5.0,70.0,-0.232476906,0.214131238,0,0
2,4,9,40.0,2.0,5,20,1,2,5.0,70.0,-1.472353741,-0.321196857,17,0
2,4,9,40.0,2.0,5,20,1,2,5.0,70.0,0.077492302,0.481795285,5,0
2,5,10,20.0,0.0,6,19,1,1,15.79,42.1,0.453440424,-0.948430359,4,0
2,5,10,20.0,0.0,6,19,1,1,15.79,42.1,1.889335099,1.276282829,6,0
2,5,10,20.0,0.0,6,19,1,1,15.79,42.1,1.171387762,1.276282829,13,0
2,5,10,20.0,0.0,6,19,2,1,15.79,42.1,-2.238862093,-1.615844316,3,0
2,5,10,20.0,0.0,6,19,1,1,15.79,42.1,0.273953589,0.163926235,5,0
2,5,10,20.0,0.0,6,19,1,1,15.79,42.1,0.453440424,-0.281016403,4,0
2,5,10,20.0,0.0,6,19,1,2,15.79,42.1,-1.161941086,-1.170901678,2,0
2,5,10,20.0,0.0,6,19,1,2,15.79,42.1,-0.085020079,-0.72595904,12,0
2,5,10,20.0,0.0,6,19,1,1,15.79,42.1,0.632927258,0.608868873,1,0
2,5,10,20.0,0.0,6,19,1,2,15.79,42.1,-0.623480583,-1.170901678,8,0
2,5,10,20.0,0.0,6,19,1,2,15.79,42.1,0.812414093,0.163926235,10,0
2,5,10,20.0,0.0,6,19,2,1,15.79,42.1,0.632927258,1.498754148,13,0
2,5,10,20.0,0.0,6,19,1,2,15.79,42.1,-1.161941086,-0.72595904,2,0
2,5,10,20.0,0.0,6,19,1,1,15.79,42.1,-1.161941086,-0.058545084,17,0
2,5,10,20.0,0.0,6,19,1,2,15.79,42.1,-0.623480583,-1.170901678,8,0
2,5,10,20.0,0.0,6,19,2,1,15.79,42.1,0.273953589,0.608868873,5,0
2,5,10,20.0,0.0,6,19,1,2,15.79,42.1,0.991900927,0.831340191,1,0
2,5,10,20.0,0.0,6,19,1,1,15.79,42.1,-0.443993748,-0.058545084,0,0
2,5,10,20.0,0.0,6,19,1,2,15.79,42.1,-0.085020079,1.498754148,15,0
2,6,11,30.0,1.0,6,20,1,2,15.0,20.0,0.146398038,-0.592764593,4,0
2,6,11,30.0,1.0,6,20,1,1,15.0,20.0,1.272536792,0.348131587,10,0
2,6,11,30.0,1.0,6,20,1,1,15.0,20.0,1.272536792,0.912669294,9,0
2,6,11,30.0,1.0,6,20,1,1,15.0,20.0,0.82208129,1.477207002,13,0
2,6,11,30.0,1.0,6,20,2,1,15.0,20.0,-1.655423968,-1.157302301,14,0
2,6,11,30.0,1.0,6,20,1,1,15.0,20.0,-1.204968467,-1.345481537,7,0
2,6,11,30.0,1.0,6,20,1,1,15.0,20.0,-0.529285214,-0.404585357,12,0
2,6,11,30.0,1.0,6,20,1,1,15.0,20.0,-0.078829713,0.724490058,15,0
2,6,11,30.0,1.0,6,20,2,1,15.0,20.0,1.272536792,0.536310822,9,0
2,6,11,30.0,1.0,6,20,1,2,15.0,20.0,-0.078829713,-0.969123065,12,0
2,6,11,30.0,1.0,6,20,1,2,15.0,20.0,0.146398038,-0.216406121,4,0
2,6,11,30.0,1.0,6,20,1,1,15.0,20.0,-1.204968467,-1.157302301,2,0
2,6,11,30.0,1.0,6,20,1,1,15.0,20.0,0.146398038,0.912669294,15,0
2,6,11,30.0,1.0,6,20,1,1,15.0,20.0,0.82208129,0.724490058,1,0
2,6,11,30.0,1.0,6,20,1,1,15.0,20.0,-1.430196217,-1.533660773,7,0
2,6,11,30.0,1.0,6,20,1,1,15.0,20.0,-0.529285214,0.159952351,11,0
2,6,11,30.0,1.0,6,20,2,1,15.0,20.0,-0.304057464,-0.028226885,0,0
2,6,11,30.0,1.0,6,20,1,1,15.0,20.0,-0.078829713,-0.028226885,0,0
2,6,11,30.0,1.0,6,20,1,1,15.0,20.0,1.948220044,2.229923946,6,0
2,6,11,30.0,1.0,6,20,1,2,15.0,20.0,-0.754512965,-0.592764593,17,0
3,1,12,40.0,2.0,3,20,2,1,20.0,10.0,-1.047089831,-1.086363109,2,0
3,1,12,40.0,2.0,3,20,1,1,20.0,10.0,1.550342308,0.691321979,9,0
3,1,12,40.0,2.0,3,20,1,1,20.0,10.0,-1.371768849,-0.888842544,2,0
3,1,12,40.0,2.0,3,20,1,1,20.0,10.0,-1.047089831,-1.283883674,2,0
3,1,12,40.0,2.0,3,20,1,2,20.0,10.0,-0.560071305,0.493801413,11,0
3,1,12,40.0,2.0,3,20,1,1,20.0,10.0,-0.397731796,-0.098760283,0,0
3,1,12,40.0,2.0,3,20,1,1,20.0,10.0,-0.884750323,-0.296280848,17,0
3,1,12,40.0,2.0,3,20,1,1,20.0,10.0,0.738644765,0.296280848,10,0
3,1,12,40.0,2.0,3,20,1,1,20.0,10.0,0.738644765,0.691321979,1,0
3,1,12,40.0,2.0,3,20,1,1,20.0,10.0,1.550342308,1.48140424,6,0
3,1,12,40.0,2.0,3,20,1,1,20.0,10.0,1.3880028,1.87644537,6,0
3,1,12,40.0,2.0,3,20,2,1,20.0,10.0,-0.397731796,-0.691321979,12,0
3,1,12,40.0,2.0,3,20,1,1,20.0,10.0,-0.397731796,-0.493801413,12,0
3,1,12,40.0,2.0,3,20,2,1,20.0,10.0,0.576305256,0.493801413,10,0
3,1,12,40.0,2.0,3,20,1,1,20.0,10.0,-1.534108358,-1.87644537,7,0
3,1,12,40.0,2.0,3,20,1,1,20.0,10.0,-0.560071305,-0.691321979,12,0
3,1,12,40.0,2.0,3,20,2,1,20.0,10.0,-0.722410814,-1.086363109,8,0
3,1,12,40.0,2.0,3,20,1,1,20.0,10.0,0.738644765,0.691321979,1,0
3,1,12,40.0,2.0,3,20,1,1,20.0,10.0,0.576305256,1.086363109,1,0
3,1,12,40.0,2.0,3,20,1,2,20.0,10.0,1.063323782,0.691321979,1,0
3,2,13,,,4,22,2,1,40.9,13.64,-1.26344502,-1.58925359,7,0
3,2,13,,,4,22,1,1,40.9,13.64,-0.681943128,-0.916877071,8,0
3,2,13,,,4,22,1,1,40.9,13.64,1.178862927,0.696826574,1,0
3,2,13,,,4,22,1,1,40.9,13.64,1.178862927,0.293400663,10,0
3,2,13,,,4,22,1,1,40.9,13.64,-0.100441236,-0.110025249,0,0
3,2,13,,,4,22,2,2,40.9,13.64,-0.914543885,-1.051352375,8,0
3,2,13,,,4,22,1,1,40.9,13.64,0.713661413,0.965777182,1,0
3,2,13,,,4,22,2,1,40.9,13.64,-0.798243507,-1.58925359,7,0
3,2,13,,,4,22,2,2,40.9,13.64,-1.030844263,-1.051352375,2,0
3,2,13,,,4,22,1,1,40.9,13.64,-1.26344502,-1.185827679,2,0
3,2,13,,,4,22,1,1,40.9,13.64,1.644064441,1.234727789,6,0
3,2,13,,,4,22,1,1,40.9,13.64,-0.216741614,0.56235127,11,0
3,2,13,,,4,22,1,1,40.9,13.64,1.527764062,1.234727789,6,0
3,2,13,,,4,22,1,1,40.9,13.64,-0.333041993,0.427875967,11,0
3,2,13,,,4,22,2,1,40.9,13.64,0.829961792,0.831301878,1,0
3,2,13,,,4,22,1,1,40.9,13.64,-0.914543885,0.024450055,17,0
3,2,13,,,4,22,2,1,40.9,13.64,0.015859143,0.56235127,5,0
3,2,13,,,4,22,2,1,40.9,13.64,0.364760278,0.56235127,5,0
3,2,13,,,4,22,1,2,40.9,13.64,1.411463684,1.369203093,6,0
3,2,13,,,4,22,2,1,40.9,13.64,-0.914543885,-0.647926464,17,0
3,2,13,,,4,22,1,1,40.9,13.64,0.713661413,0.831301878,1,0
3,2,13,,,4,22,2,1,40.9,13.64,-1.147144642,-1.454778286,7,0
3,3,14,20.0,0.0,5,23,1,1,26.09,4.3,-0.432589799,-0.487605341,12,0
3,3,14,20.0,0.0,5,23,2,1,26.09,4.3,-1.853956283,-2.049176875,3,0
3,3,14,20.0,0.0,5,23,1,1,26.09,4.3,0.135956794,0.222199902,5,0
3,3,14,20.0,0.0,5,23,1,1,26.09,4.3,0.420230091,1.073966193,15,0
3,3,14,20.0,0.0,5,23,1,1,26.09,4.3,-0.148316503,0.790044096,15,0
3,3,14,20.0,0.0,5,23,1,1,26.09,4.3,-0.574726448,0.364160951,11,0
3,3,14,20.0,0.0,5,23,1,1,26.09,4.3,1.415186629,1.073966193,9,0
3,3,14,20.0,0.0,5,23,1,2,26.09,4.3,1.699459926,-1.765254777,16,1
3,3,14,20.0,0.0,5,23,1,1,26.09,4.3,-0.432589799,0.790044096,11,0
3,3,14,20.0,0.0,5,23,2,1,26.09,4.3,-1.853956283,-2.049176875,3,0
3,3,14,20.0,0.0,5,23,1,1,26.09,4.3,1.557323277,1.215927242,6,0
3,3,14,20.0,0.0,5,23,1,1,26.09,4.3,-0.858999744,-0.771527438,8,0
3,3,14,20.0,0.0,5,23,1,1,26.09,4.3,-0.432589799,-0.203683244,0,0
3,3,14,20.0,0.0,5,23,2,1,26.09,4.3,0.278093442,0.648083048,5,0
3,3,14,20.0,0.0,5,23,2,1,26.09,4.3,-0.290453151,0.364160951,11,0
3,3,14,20.0,0.0,5,23,1,1,26.09,4.3,-0.006179854,-0.203683244,0,0
3,3,14,20.0,0.0,5,23,2,1,26.09,4.3,1.130913332,1.35788829,13,0
3,3,14,20.0,0.0,5,23,1,1,26.09,4.3,1.557323277,0.790044096,9,0
3,3,14,20.0,0.0,5,23,1,1,26.09,4.3,-0.006179854,0.080238854,0,0
3,3,14,20.0,0.0,5,23,1,1,26.09,4.3,-0.290453151,-0.061722195,0,0
3,3,14,20.0,0.0,5,23,2,1,26.09,4.3,-1.001136393,-0.771527438,2,0
3,3,14,20.0,0.0,5,23,1,1,26.09,4.3,-0.716863096,-0.771527438,8,0
3,3,14,20.0,0.0,5,23,1,1,26.09,4.3,0.704503387,0.364160951,10,0
3,4,15,30.0,1.0,5,20,1,1,35.0,5.0,0.698443045,0.811155172,1,0
3,4,15,30.0,1.0,5,20,1,1,35.0,5.0,-0.248598372,-0.327308227,0,0
3,4,15,30.0,1.0,5,20,1,1,35.0,5.0,0.461682691,0.241923472,5,0
3,4,15,30.0,1.0,5,20,2,1,35.0,5.0,0.698443045,0.526539322,10,0
3,4,15,30.0,1.0,5,20,1,1,35.0,5.0,0.461682691,-0.042692377,4,0
3,4,15,30.0,1.0,5,20,2,1,35.0,5.0,-1.19563979,-1.181155777,2,0
3,4,15,30.0,1.0,5,20,2,1,35.0,5.0,1.408724109,1.380386872,6,0
3,4,15,30.0,1.0,5,20,1,1,35.0,5.0,-0.485358726,-0.327308227,12,0
3,4,15,30.0,1.0,5,20,2,1,35.0,5.0,-1.669160498,-1.465771627,14,0
3,4,15,30.0,1.0,5,20,2,1,35.0,5.0,0.698443045,0.241923472,10,0
3,4,15,30.0,1.0,5,20,2,1,35.0,5.0,-1.905920853,-1.465771627,14,0
3,4,15,30.0,1.0,5,20,1,1,35.0,5.0,-1.669160498,-1.181155777,14,0
3,4,15,30.0,1.0,5,20,1,1,35.0,5.0,0.224922337,-0.896539927,4,0
3,4,15,30.0,1.0,5,20,1,1,35.0,5.0,-0.011838018,0.241923472,5,0
3,4,15,30.0,1.0,5,20,1,1,35.0,5.0,1.645484463,1.949618572,6,0
3,4,15,30.0,1.0,5,20,1,1,35.0,5.0,-0.248598372,-0.327308227,0,0
3,4,15,30.0,1.0,5,20,1,1,35.0,5.0,-0.485358726,-0.042692377,0,0
3,4,15,30.0,1.0,5,20,2,1,35.0,5.0,0.461682691,1.949618572,13,0
3,4,15,30.0,1.0,5,20,1,2,35.0,5.0,0.224922337,0.241923472,5,0
3,4,15,30.0,1.0,5,20,1,1,35.0,5.0,0.9352034,-0.327308227,10,0
3,5,16,30.0,1.0,5,22,1,1,18.18,4.55,-1.264085582,-1.293600913,2,0
3,5,16,30.0,1.0,5,22,1,1,18.18,4.55,0.088827636,0.380470857,5,0
3,5,16,30.0,1.0,5,22,1,1,18.18,4.55,1.141093471,0.194462882,10,0
3,5,16,30.0,1.0,5,22,1,1,18.18,4.55,-1.264085582,-1.293600913,2,0
3,5,16,30.0,1.0,5,22,1,1,18.18,4.55,0.539798708,0.752486805,1,0
3,5,16,30.0,1.0,5,22,1,1,18.18,4.55,-1.715056655,-1.293600913,14,0
3,5,16,30.0,1.0,5,22,1,1,18.18,4.55,0.990769781,1.124502754,1,0
3,5,16,30.0,1.0,5,22,1,1,18.18,4.55,1.141093471,1.124502754,1,0
3,5,16,30.0,1.0,5,22,1,1,18.18,4.55,0.84044609,0.752486805,1,0
3,5,16,30.0,1.0,5,22,1,1,18.18,4.55,-0.211819746,0.008454908,0,0
3,5,16,30.0,1.0,5,22,1,1,18.18,4.55,-0.9634382,-0.921584964,2,0
3,5,16,30.0,1.0,5,22,2,1,18.18,4.55,-1.865380346,-2.595656733,3,0
3,5,16,30.0,1.0,5,22,1,2,18.18,4.55,0.990769781,0.566478831,10,0
3,5,16,30.0,1.0,5,22,1,1,18.18,4.55,0.990769781,1.310510728,13,0
3,5,16,30.0,1.0,5,22,1,1,18.18,4.55,0.990769781,0.752486805,1,0
3,5,16,30.0,1.0,5,22,1,1,18.18,4.55,-0.061496055,-0.363561041,0,0
3,5,16,30.0,1.0,5,22,2,1,18.18,4.55,-0.81311451,-0.73557699,8,0
3,5,16,30.0,1.0,5,22,1,1,18.18,4.55,0.990769781,0.752486805,1,0
3,5,16,30.0,1.0,5,22,1,1,18.18,4.55,-0.061496055,0.566478831,5,0
3,5,16,30.0,1.0,5,22,1,1,18.18,4.55,-0.061496055,-0.177553066,0,0
3,5,16,30.0,1.0,5,22,2,1,18.18,4.55,-0.9634382,-0.177553066,17,0
3,5,16,30.0,1.0,5,22,2,1,18.18,4.55,0.539798708,0.566478831,10,0
3,6,17,30.0,1.0,4,22,1,1,9.1,9.09,1.170577527,-0.59360568,16,1
3,6,17,30.0,1.0,4,22,1,1,9.1,9.09,-1.404693032,-1.192657284,2,0
3,6,17,30.0,1.0,4,22,2,1,9.1,9.09,-0.320368586,0.604497528,11,0
3,6,17,30.0,1.0,4,22,1,1,9.1,9.09,0.357334192,0.484687207,5,0
3,6,17,30.0,1.0,4,22,1,1,9.1,9.09,-0.591449698,-1.072846964,8,0
3,6,17,30.0,1.0,4,22,1,1,9.1,9.09,-0.049287475,-0.713416001,12,0
3,6,17,30.0,1.0,4,22,1,1,9.1,9.09,0.221793637,0.364876886,5,0
3,6,17,30.0,1.0,4,22,1,1,9.1,9.09,-1.269152476,-1.072846964,2,0
3,6,17,30.0,1.0,4,22,1,1,9.1,9.09,-0.726990253,-0.953036643,8,0
3,6,17,30.0,1.0,4,22,1,1,9.1,9.09,-1.404693032,-0.833226322,2,0
3,6,17,30.0,1.0,4,22,1,1,9.1,9.09,1.848280305,1.443169773,6,0
3,6,17,30.0,1.0,4,22,1,1,9.1,9.09,1.71273975,1.562980094,6,0
3,6,17,30.0,1.0,4,22,1,1,9.1,9.09,1.170577527,1.562980094,13,0
3,6,17,30.0,1.0,4,22,1,1,9.1,9.09,0.628415304,0.96392849,1,0
3,6,17,30.0,1.0,4,22,1,1,9.1,9.09,-1.404693032,-1.312467605,2,0
3,6,17,30.0,1.0,4,22,1,2,9.1,9.09,0.628415304,0.724307849,1,0
3,6,17,30.0,1.0,4,22,1,2,9.1,9.09,-0.049287475,0.245066565,5,0
3,6,17,30.0,1.0,4,22,1,1,9.1,9.09,-0.998071365,-1.432277926,7,0
3,6,17,30.0,1.0,4,22,1,1,9.1,9.09,-0.320368586,-0.234174718,0,0
3,6,17,30.0,1.0,4,22,1,1,9.1,9.09,1.035036971,1.323359453,13,0
3,6,17,30.0,1.0,4,22,2,1,9.1,9.09,-0.455909142,0.125256244,0,0
3,6,17,30.0,1.0,4,22,1,1,9.1,9.09,0.221793637,0.005445924,5,0
4,1,18,30.0,1.0,3,25,1,1,20.0,8.0,0.700349495,1.040867752,1,0
4,1,18,30.0,1.0,3,25,2,1,20.0,8.0,-0.867597135,-0.960801001,8,0
4,1,18,30.0,1.0,3,25,1,1,20.0,8.0,-0.606272697,-1.961635378,7,0
4,1,18,30.0,1.0,3,25,1,1,20.0,8.0,1.48432281,0.540450563,9,0
4,1,18,30.0,1.0,3,25,2,1,20.0,8.0,-1.390246012,-1.961635378,7,0
4,1,18,30.0,1.0,3,25,1,1,20.0,8.0,2.268296125,1.040867752,9,0
4,1,18,30.0,1.0,3,25,1,1,20.0,8.0,0.439025056,0.540450563,5,0
4,1,18,30.0,1.0,3,25,1,1,20.0,8.0,-0.344948259,0.540450563,11,0
4,1,18,30.0,1.0,3,25,1,1,20.0,8.0,0.961673933,1.040867752,1,0
4,1,18,30.0,1.0,3,25,1,2,20.0,8.0,-1.128921574,0.040033375,17,0
4,1,18,30.0,1.0,3,25,1,1,20.0,8.0,1.222998372,-0.460383813,16,1
4,1,18,30.0,1.0,3,25,1,1,20.0,8.0,-0.606272697,-0.960801001,8,0
4,1,18,30.0,1.0,3,25,1,1,20.0,8.0,-0.606272697,0.540450563,11,0
4,1,18,30.0,1.0,3,25,1,1,20.0,8.0,-0.867597135,-0.460383813,17,0
4,1,18,30.0,1.0,3,25,2,1,20.0,8.0,-1.651570451,0.040033375,17,0
4,1,18,30.0,1.0,3,25,2,1,20.0,8.0,-0.344948259,-0.460383813,12,0
4,1,18,30.0,1.0,3,25,1,1,20.0,8.0,0.439025056,2.542119316,13,0
4,1,18,30.0,1.0,3,25,2,1,20.0,8.0,0.177700618,0.540450563,5,0
4,1,18,30.0,1.0,3,25,1,1,20.0,8.0,0.177700618,0.040033375,5,0
4,1,18,30.0,1.0,3,25,1,1,20.0,8.0,-0.344948259,-0.460383813,12,0
4,1,18,30.0,1.0,3,25,1,1,20.0,8.0,-1.651570451,-0.960801001,14,0
4,1,18,30.0,1.0,3,25,1,2,20.0,8.0,0.439025056,1.040867752,15,0
4,1,18,30.0,1.0,3,25,2,1,20.0,8.0,0.700349495,0.040033375,10,0
4,1,18,30.0,1.0,3,25,1,1,20.0,8.0,0.700349495,-0.460383813,4,0
4,1,18,30.0,1.0,3,25,1,1,20.0,8.0,0.700349495,-0.460383813,4,0
4,2,19,30.0,1.0,4,22,1,1,22.73,9.09,-1.272221756,-0.764256954,2,0
4,2,19,30.0,1.0,4,22,1,1,22.73,9.09,-0.126478186,-0.313891249,0,0
4,2,19,30.0,1.0,4,22,1,1,22.73,9.09,-0.126478186,-0.013647446,0,0
4,2,19,30.0,1.0,4,22,2,2,22.73,9.09,0.364554772,-0.464013151,4,0
4,2,19,30.0,1.0,4,22,1,1,22.73,9.09,-1.108544103,-1.064500757,2,0
4,2,19,30.0,1.0,4,22,2,1,22.73,9.09,-1.272221756,-0.914378856,2,0
4,2,19,30.0,1.0,4,22,1,1,22.73,9.09,0.200877119,-0.313891249,4,0
4,2,19,30.0,1.0,4,22,1,1,22.73,9.09,0.364554772,-0.313891249,4,0
4,2,19,30.0,1.0,4,22,1,1,22.73,9.09,-1.435899409,-0.914378856,2,0
4,2,19,30.0,1.0,4,22,1,1,22.73,9.09,0.85558773,0.736962063,1,0
4,2,19,30.0,1.0,4,22,1,1,22.73,9.09,1.346620689,1.037205866,9,0
4,2,19,30.0,1.0,4,22,2,2,22.73,9.09,-0.781188797,-1.214622659,8,0
4,2,19,30.0,1.0,4,22,1,1,22.73,9.09,1.182943036,1.637693473,13,0
4,2,19,30.0,1.0,4,22,1,1,22.73,9.09,0.364554772,0.887083965,15,0
4,2,19,30.0,1.0,4,22,2,1,22.73,9.09,-1.272221756,-0.313891249,17,0
4,2,19,30.0,1.0,4,22,1,1,22.73,9.09,-0.781188797,-0.914378856,8,0
4,2,19,30.0,1.0,4,22,1,1,22.73,9.09,0.037199467,-0.464013151,4,0
4,2,19,30.0,1.0,4,22,1,1,22.73,9.09,1.182943036,0.286596358,10,0
4,2,19,30.0,1.0,4,22,1,1,22.73,9.09,1.182943036,0.887083965,1,0
4,2,19,30.0,1.0,4,22,1,1,22.73,9.09,1.182943036,1.637693473,13,0
4,2,19,30.0,1.0,4,22,1,1,22.73,9.09,1.182943036,2.088059178,13,0
4,2,19,30.0,1.0,4,22,2,1,22.73,9.09,-1.272221756,-1.214622659,2,0
4,3,20,,,4,22,2,1,13.64,13.64,-1.219913512,-0.10146391,17,0
4,3,20,,,4,22,1,1,13.64,13.64,0.813275675,-0.771125718,16,1
4,3,20,,,4,22,2,1,13.64,13.64,-1.42323243,-0.994346321,2,0
4,3,20,,,4,22,1,1,13.64,13.64,-1.016594593,-1.440787526,7,0
4,3,20,,,4,22,1,1,13.64,13.64,-4.51e-16,1.237859706,15,0
4,3,20,,,4,22,1,1,13.64,13.64,-4.51e-16,1.461080308,15,0
4,3,20,,,4,22,1,1,13.64,13.64,0.203318919,0.344977295,5,0
4,3,20,,,4,22,1,1,13.64,13.64,2.439827024,-0.324684513,9,0
4,3,20,,,4,22,1,1,13.64,13.64,-0.406637837,-0.547905116,12,0
4,3,20,,,4,22,1,1,13.64,13.64,-0.813275675,-0.547905116,17,0
4,3,20,,,4,22,1,1,13.64,13.64,-4.51e-16,-0.547905116,4,0
4,3,20,,,4,22,1,1,13.64,13.64,-0.406637837,-1.217566924,8,0
4,3,20,,,4,22,1,1,13.64,13.64,-0.609956756,-0.994346321,8,0
4,3,20,,,4,22,1,1,13.64,13.64,-0.609956756,-0.324684513,12,0
4,3,20,,,4,22,1,1,13.64,13.64,-0.813275675,-0.994346321,8,0
4,3,20,,,4,22,2,1,13.64,13.64,-0.813275675,-0.324684513,17,0
4,3,20,,,4,22,1,1,13.64,13.64,0.609956756,1.014639103,1,0
4,3,20,,,4,22,1,1,13.64,13.64,1.626551349,1.684300911,6,0
4,3,20,,,4,22,1,1,13.64,13.64,-0.203318919,1.461080308,15,0
4,3,20,,,4,22,1,1,13.64,13.64,-4.51e-16,-0.324684513,4,0
4,3,20,,,4,22,1,1,13.64,13.64,1.626551349,0.7914185,9,0
4,3,20,,,4,22,1,1,13.64,13.64,1.016594593,1.461080308,13,0
5,1,21,30.0,1.0,3,21,1,1,23.81,23.81,-0.146937062,-1.121619444,8,0
5,1,21,30.0,1.0,3,21,1,1,23.81,23.81,-1.689776213,-0.940434765,14,0
5,1,21,30.0,1.0,3,21,1,1,23.81,23.81,-1.346923068,-1.121619444,2,0
5,1,21,30.0,1.0,3,21,1,1,23.81,23.81,-2.032629357,-1.846358162,3,0
5,1,21,30.0,1.0,3,21,2,2,23.81,23.81,-0.489790207,-0.396880726,12,0
5,1,21,30.0,1.0,3,21,2,1,23.81,23.81,0.367342655,0.87141203,15,0
5,1,21,30.0,1.0,3,21,1,1,23.81,23.81,1.738755233,0.146673312,9,0
5,1,21,30.0,1.0,3,21,2,1,23.81,23.81,0.7101958,1.233781389,1,0
5,1,21,30.0,1.0,3,21,1,1,23.81,23.81,0.367342655,-0.759250085,4,0
5,1,21,30.0,1.0,3,21,1,1,23.81,23.81,0.538769227,-0.578065406,4,0
5,1,21,30.0,1.0,3,21,2,1,23.81,23.81,-1.175496496,-1.121619444,2,0
5,1,21,30.0,1.0,3,21,2,1,23.81,23.81,0.7101958,-0.215696047,4,0
5,1,21,30.0,1.0,3,21,1,1,23.81,23.81,0.195916083,0.87141203,15,0
5,1,21,30.0,1.0,3,21,1,1,23.81,23.81,1.053048944,1.596150748,13,0
5,1,21,30.0,1.0,3,21,1,1,23.81,23.81,1.395902089,1.777335427,6,0
5,1,21,30.0,1.0,3,21,1,1,23.81,23.81,-0.146937062,0.509042671,5,0
5,1,21,30.0,1.0,3,21,1,1,23.81,23.81,-0.489790207,-0.034511368,0,0
5,1,21,30.0,1.0,3,21,1,1,23.81,23.81,0.881622372,1.233781389,1,0
5,1,21,30.0,1.0,3,21,1,1,23.81,23.81,0.538769227,0.327857991,10,0
5,1,21,30.0,1.0,3,21,1,1,23.81,23.81,-0.318363634,-0.034511368,0,0
5,1,21,30.0,1.0,3,21,1,1,23.81,23.81,-0.661216779,-0.396880726,17,0
5,2,22,40.0,2.0,3,19,1,1,21.05,21.06,-1.136280085,-1.38721149,7,0
5,2,22,40.0,2.0,3,19,1,1,21.05,21.06,-0.866413565,-1.106817678,8,0
5,2,22,40.0,2.0,3,19,1,2,21.05,21.06,0.213052516,-0.265636243,4,0
5,2,22,40.0,2.0,3,19,1,1,21.05,21.06,1.832251636,1.416726628,6,0
5,2,22,40.0,2.0,3,19,1,1,21.05,21.06,1.292518596,-0.826423866,16,1
5,2,22,40.0,2.0,3,19,1,1,21.05,21.06,-0.326680524,0.295151381,11,0
5,2,22,40.0,2.0,3,19,2,1,21.05,21.06,1.022652076,1.416726628,13,0
5,2,22,40.0,2.0,3,19,1,1,21.05,21.06,-0.056814004,0.575545192,5,0
5,2,22,40.0,2.0,3,19,1,1,21.05,21.06,-0.056814004,0.575545192,5,0
5,2,22,40.0,2.0,3,19,1,1,21.05,21.06,-0.056814004,0.014757569,0,0
5,2,22,40.0,2.0,3,19,1,2,21.05,21.06,-0.866413565,0.295151381,11,0
5,2,22,40.0,2.0,3,19,1,1,21.05,21.06,0.213052516,0.855939004,15,0
5,2,22,40.0,2.0,3,19,1,1,21.05,21.06,1.022652076,1.416726628,13,0
5,2,22,40.0,2.0,3,19,1,2,21.05,21.06,-0.056814004,0.014757569,0,0
5,2,22,40.0,2.0,3,19,2,1,21.05,21.06,0.213052516,-0.265636243,4,0
5,2,22,40.0,2.0,3,19,1,1,21.05,21.06,-0.056814004,-0.265636243,0,0
5,2,22,40.0,2.0,3,19,1,1,21.05,21.06,0.482919036,-0.265636243,4,0
5,2,22,40.0,2.0,3,19,2,1,21.05,21.06,-0.056814004,0.014757569,0,0
5,2,22,40.0,2.0,3,19,2,2,21.05,21.06,-2.755479205,-2.508786737,3,0
5,3,23,50.0,3.0,4,20,1,1,10.0,10.0,0.893278254,0.691124903,1,0
5,3,23,50.0,3.0,4,20,1,1,10.0,10.0,1.089603145,0.92149987,1,0
5,3,23,50.0,3.0,4,20,1,1,10.0,10.0,-1.85527022,-1.842999741,3,0
5,3,23,50.0,3.0,4,20,1,1,10.0,10.0,0.893278254,0.691124903,1,0
5,3,23,50.0,3.0,4,20,1,1,10.0,10.0,-0.284671092,-0.460749935,12,0
5,3,23,50.0,3.0,4,20,1,1,10.0,10.0,-0.873645765,-0.691124903,17,0
5,3,23,50.0,3.0,4,20,2,1,10.0,10.0,-1.658945329,-1.382249806,14,0
5,3,23,50.0,3.0,4,20,1,1,10.0,10.0,-0.480995983,-0.460749935,12,0
5,3,23,50.0,3.0,4,20,1,1,10.0,10.0,-1.266295547,-0.92149987,2,0
5,3,23,50.0,3.0,4,20,1,1,10.0,10.0,-1.069970656,-1.151874838,2,0
5,3,23,50.0,3.0,4,20,1,1,10.0,10.0,1.089603145,1.382249806,13,0
5,3,23,50.0,3.0,4,20,1,1,10.0,10.0,-0.284671092,-0.460749935,12,0
5,3,23,50.0,3.0,4,20,1,1,10.0,10.0,0.10797869,-0.230374968,4,0
5,3,23,50.0,3.0,4,20,2,2,10.0,10.0,0.696953363,1.382249806,13,0
5,3,23,50.0,3.0,4,20,1,1,10.0,10.0,0.500628472,0.691124903,1,0
5,3,23,50.0,3.0,4,20,1,1,10.0,10.0,0.304303581,0.691124903,5,0
5,3,23,50.0,3.0,4,20,1,2,10.0,10.0,-0.088346201,-0.460749935,12,0
5,3,23,50.0,3.0,4,20,1,1,10.0,10.0,0.696953363,0.691124903,1,0
5,3,23,50.0,3.0,4,20,1,1,10.0,10.0,-0.284671092,-0.691124903,12,0
5,3,23,50.0,3.0,4,20,1,1,10.0,10.0,1.874902709,1.612624773,6,0
5,4,24,20.0,0.0,4,19,2,1,5.26,0.0,-1.324239645,-0.261711453,17,0
5,4,24,20.0,0.0,4,19,1,1,5.26,0.0,-1.019263242,-2.0376106,7,0
5,4,24,20.0,0.0,4,19,1,1,5.26,0.0,0.658106975,1.159007864,1,0
5,4,24,20.0,0.0,4,19,1,1,5.26,0.0,-1.934192451,-1.860020685,3,0
5,4,24,20.0,0.0,4,19,1,1,5.26,0.0,0.505618774,0.62623812,5,0
5,4,24,20.0,0.0,4,19,1,1,5.26,0.0,0.20064237,-0.616891283,4,0
5,4,24,20.0,0.0,4,19,1,1,5.26,0.0,0.048154169,0.093468376,5,0
5,4,24,20.0,0.0,4,19,1,1,5.26,0.0,1.573036185,0.98141795,9,0
5,4,24,20.0,0.0,4,19,1,1,5.26,0.0,0.810595177,0.093468376,10,0
5,4,24,20.0,0.0,4,19,1,1,5.26,0.0,-1.171751444,-1.327250941,2,0
5,4,24,20.0,0.0,4,19,1,1,5.26,0.0,-0.866775041,-0.084121539,17,0
5,4,24,20.0,0.0,4,19,1,1,5.26,0.0,0.20064237,0.448648205,5,0
5,4,24,20.0,0.0,4,19,1,1,5.26,0.0,0.658106975,0.803828035,1,0
5,4,24,20.0,0.0,4,19,1,1,5.26,0.0,0.658106975,-0.084121539,10,0
5,4,24,20.0,0.0,4,19,1,1,5.26,0.0,-1.019263242,-0.439301368,17,0
5,4,24,20.0,0.0,4,19,1,1,5.26,0.0,0.963083378,1.159007864,1,0
5,4,24,20.0,0.0,4,19,1,1,5.26,0.0,0.963083378,1.691777608,13,0
5,4,24,20.0,0.0,4,19,1,1,5.26,0.0,0.963083378,0.093468376,10,0
5,4,24,20.0,0.0,4,19,1,1,5.26,0.0,-0.866775041,-0.439301368,17,0
5,5,25,40.0,2.0,5,22,1,1,18.18,9.09,0.245252905,-0.512838767,4,0
5,5,25,40.0,2.0,5,22,1,1,18.18,9.09,0.045417205,-0.327880523,4,0
5,5,25,40.0,2.0,5,22,1,1,18.18,9.09,-1.153596998,-0.882755255,2,0
5,5,25,40.0,2.0,5,22,1,2,18.18,9.09,-1.353432699,-1.992504719,7,0
5,5,25,40.0,2.0,5,22,1,1,18.18,9.09,0.245252905,-0.142922279,4,0
5,5,25,40.0,2.0,5,22,1,1,18.18,9.09,0.844760007,-0.327880523,4,0
5,5,25,40.0,2.0,5,22,1,1,18.18,9.09,0.245252905,1.151785428,15,0
5,5,25,40.0,2.0,5,22,1,1,18.18,9.09,0.045417205,1.336743672,15,0
5,5,25,40.0,2.0,5,22,1,1,18.18,9.09,0.045417205,-1.067713499,12,0
5,5,25,40.0,2.0,5,22,1,1,18.18,9.09,0.445088606,-0.697797011,4,0
5,5,25,40.0,2.0,5,22,2,1,18.18,9.09,-1.553268399,-0.882755255,2,0
5,5,25,40.0,2.0,5,22,1,1,18.18,9.09,0.644924306,0.411952453,10,0
5,5,25,40.0,2.0,5,22,1,1,18.18,9.09,0.844760007,0.966827184,1,0
5,5,25,40.0,2.0,5,22,1,1,18.18,9.09,0.445088606,1.336743672,15,0
5,5,25,40.0,2.0,5,22,2,1,18.18,9.09,-2.152775501,-0.882755255,14,0
5,5,25,40.0,2.0,5,22,1,1,18.18,9.09,-1.353432699,-0.697797011,2,0
5,5,25,40.0,2.0,5,22,1,1,18.18,9.09,0.245252905,1.151785428,15,0
5,5,25,40.0,2.0,5,22,2,1,18.18,9.09,0.245252905,0.596910696,5,0
5,5,25,40.0,2.0,5,22,1,1,18.18,9.09,0.045417205,-0.512838767,4,0
5,5,25,40.0,2.0,5,22,1,2,18.18,9.09,1.644102809,1.151785428,6,0
5,5,25,40.0,2.0,5,22,1,1,18.18,9.09,1.843938509,1.521701916,6,0
5,5,25,40.0,2.0,5,22,2,1,18.18,9.09,-0.554089897,-0.697797011,12,0
5,6,26,30.0,1.0,5,22,1,1,4.54,9.09,1.000261387,1.56150596,13,0
5,6,26,30.0,1.0,5,22,1,1,4.54,9.09,0.388990539,-0.599068324,4,0
5,6,26,30.0,1.0,5,22,1,1,4.54,9.09,0.592747488,1.345448531,13,0
5,6,26,30.0,1.0,5,22,1,2,4.54,9.09,0.18523359,-0.599068324,4,0
5,6,26,30.0,1.0,5,22,1,1,4.54,9.09,-1.241065054,-0.599068324,17,0
5,6,26,30.0,1.0,5,22,1,1,4.54,9.09,-0.018523359,-0.166953467,0,0
5,6,26,30.0,1.0,5,22,1,1,4.54,9.09,2.426560031,1.56150596,6,0
5,6,26,30.0,1.0,5,22,2,1,4.54,9.09,-1.241065054,-0.815125753,2,0
5,6,26,30.0,1.0,5,22,1,1,4.54,9.09,0.592747488,-0.383010896,4,0
5,6,26,30.0,1.0,5,22,1,1,4.54,9.09,-0.222280308,-0.166953467,0,0
5,6,26,30.0,1.0,5,22,1,1,4.54,9.09,-1.444822003,-1.679355466,7,0
5,6,26,30.0,1.0,5,22,1,1,4.54,9.09,-1.037308105,-1.031183181,2,0
5,6,26,30.0,1.0,5,22,1,2,4.54,9.09,0.18523359,0.265161389,5,0
5,6,26,30.0,1.0,5,22,1,1,4.54,9.09,0.592747488,0.697276246,1,0
5,6,26,30.0,1.0,5,22,1,1,4.54,9.09,-1.241065054,-1.247240609,2,0
5,6,26,30.0,1.0,5,22,1,1,4.54,9.09,0.796504438,0.913333675,1,0
5,6,26,30.0,1.0,5,22,1,1,4.54,9.09,-0.426037257,-1.031183181,8,0
5,6,26,30.0,1.0,5,22,1,1,4.54,9.09,0.592747488,1.129391103,1,0
5,6,26,30.0,1.0,5,22,1,1,4.54,9.09,-0.833551156,-0.166953467,17,0
5,6,26,30.0,1.0,5,22,1,1,4.54,9.09,-1.241065054,-1.031183181,2,0
5,6,26,30.0,1.0,5,22,1,1,4.54,9.09,0.388990539,1.129391103,15,0
5,6,26,30.0,1.0,5,22,1,1,4.54,9.09,1.204018336,0.913333675,1,0
5,7,27,30.0,1.0,6,24,1,1,16.67,0.0,0.699257223,0.694701217,1,0
5,7,27,30.0,1.0,6,24,1,1,16.67,0.0,-0.765853149,-1.030074218,8,0
5,7,27,30.0,1.0,6,24,1,1,16.67,0.0,0.166489815,-0.167686501,4,0
5,7,27,30.0,1.0,6,24,2,1,16.67,0.0,-0.366277593,-0.167686501,0,0
5,7,27,30.0,1.0,6,24,1,1,16.67,0.0,0.699257223,0.407238644,10,0
5,7,27,30.0,1.0,6,24,1,1,16.67,0.0,-0.765853149,0.407238644,11,0
5,7,27,30.0,1.0,6,24,1,1,16.67,0.0,0.566065371,-0.311417787,4,0
5,7,27,30.0,1.0,6,24,2,1,16.67,0.0,-0.765853149,-0.742611645,8,0
5,7,27,30.0,1.0,6,24,1,1,16.67,0.0,1.23202463,0.55096993,9,0
5,7,27,30.0,1.0,6,24,1,1,16.67,0.0,-2.097771668,-2.179924507,3,0
5,7,27,30.0,1.0,6,24,1,1,16.67,0.0,0.832449074,0.838432503,1,0
5,7,27,30.0,1.0,6,24,2,1,16.67,0.0,-1.298620556,-0.886342932,2,0
5,7,27,30.0,1.0,6,24,1,1,16.67,0.0,0.566065371,0.838432503,1,0
5,7,27,30.0,1.0,6,24,1,1,16.67,0.0,1.098832778,0.982163789,1,0
5,7,27,30.0,1.0,6,24,1,1,16.67,0.0,0.033297963,0.694701217,5,0
5,7,27,30.0,1.0,6,24,1,1,16.67,0.0,0.832449074,1.125895075,1,0
5,7,27,30.0,1.0,6,24,1,1,16.67,0.0,-0.632661297,0.119776072,11,0
5,7,27,30.0,1.0,6,24,1,1,16.67,0.0,0.832449074,0.838432503,1,0
5,7,27,30.0,1.0,6,24,1,1,16.67,0.0,0.432873519,-0.311417787,4,0
5,7,27,30.0,1.0,6,24,2,1,16.67,0.0,-2.097771668,-2.179924507,3,0
5,7,27,30.0,1.0,6,24,1,1,16.67,0.0,-0.099893889,-0.742611645,12,0
5,7,27,30.0,1.0,6,24,1,1,16.67,0.0,1.23202463,1.413357648,13,0
5,7,27,30.0,1.0,6,24,1,1,16.67,0.0,-1.165428704,-1.173805504,2,0
5,7,27,30.0,1.0,6,24,1,1,16.67,0.0,0.832449074,0.982163789,1,0
5,8,28,20.0,0.0,6,24,2,1,16.67,0.0,-1.816284885,-1.610453026,3,0
5,8,28,20.0,0.0,6,24,1,1,16.67,0.0,-1.993483411,-2.310016331,3,0
5,8,28,20.0,0.0,6,24,1,1,16.67,0.0,1.018891521,0.663127716,1,0
5,8,28,20.0,0.0,6,24,1,1,16.67,0.0,0.310097419,-1.610453026,16,1
5,8,28,20.0,0.0,6,24,1,1,16.67,0.0,1.018891521,0.838018543,1,0
5,8,28,20.0,0.0,6,24,1,1,16.67,0.0,1.018891521,-0.561108068,16,1
5,8,28,20.0,0.0,6,24,1,1,16.67,0.0,0.487295945,0.663127716,1,0
5,8,28,20.0,0.0,6,24,1,1,16.67,0.0,-0.044299631,-0.211326415,0,0
5,8,28,20.0,0.0,6,24,1,1,16.67,0.0,1.196090046,1.362691022,13,0
5,8,28,20.0,0.0,6,24,1,1,16.67,0.0,0.487295945,0.838018543,1,0
5,8,28,20.0,0.0,6,24,2,1,16.67,0.0,-1.816284885,-1.085780547,14,0
5,8,28,20.0,0.0,6,24,1,1,16.67,0.0,-1.993483411,-0.91088972,14,0
5,8,28,20.0,0.0,6,24,2,1,16.67,0.0,-0.044299631,0.838018543,15,0
5,8,28,20.0,0.0,6,24,1,1,16.67,0.0,-0.221498157,0.48823689,11,0
5,8,28,20.0,0.0,6,24,1,1,16.67,0.0,0.66449447,1.187800195,1,0
5,8,28,20.0,0.0,6,24,1,1,16.67,0.0,-0.221498157,-0.91088972,12,0
5,8,28,20.0,0.0,6,24,2,1,16.67,0.0,0.132898894,0.138455238,5,0
5,8,28,20.0,0.0,6,24,1,1,16.67,0.0,-0.398696682,0.138455238,0,0
5,8,28,20.0,0.0,6,24,1,1,16.67,0.0,0.132898894,-0.211326415,4,0
5,8,28,20.0,0.0,6,24,1,1,16.67,0.0,0.132898894,-0.386217241,4,0
5,8,28,20.0,0.0,6,24,1,1,16.67,0.0,1.373288572,1.012909369,9,0
5,8,28,20.0,0.0,6,24,1,1,16.67,0.0,0.310097419,1.187800195,15,0
5,8,28,20.0,0.0,6,24,1,1,16.67,0.0,0.66449447,0.313346064,10,0
5,8,28,20.0,0.0,6,24,1,1,16.67,0.0,-0.398696682,0.138455238,0,0
6,1,29,40.0,2.0,3,23,1,1,8.7,26.08,0.96223045,0.28413923,10,0
6,1,29,40.0,2.0,3,23,2,2,8.7,26.08,-0.75909291,0.079914159,11,0
6,1,29,40.0,2.0,3,23,1,1,8.7,26.08,-1.742706259,-1.553886417,3,0
6,1,29,40.0,2.0,3,23,1,1,8.7,26.08,-0.75909291,-0.941211201,8,0
6,1,29,40.0,2.0,3,23,1,1,8.7,26.08,-0.75909291,-1.349661345,8,0
6,1,29,40.0,2.0,3,23,1,1,8.7,26.08,1.699940461,1.30526459,6,0
6,1,29,40.0,2.0,3,23,1,1,8.7,26.08,-1.988609596,-1.96233656,3,0
6,1,29,40.0,2.0,3,23,1,1,8.7,26.08,0.96223045,1.917939806,13,0
6,1,29,40.0,2.0,3,23,2,1,8.7,26.08,0.96223045,-0.328535985,10,0
6,1,29,40.0,2.0,3,23,1,2,8.7,26.08,-0.267286236,-0.124310913,0,0
6,1,29,40.0,2.0,3,23,1,1,8.7,26.08,-1.004996248,-0.736986129,2,0
6,1,29,40.0,2.0,3,23,1,1,8.7,26.08,0.96223045,0.896814446,1,0
6,1,29,40.0,2.0,3,23,1,1,8.7,26.08,-0.513189573,0.079914159,0,0
6,1,29,40.0,2.0,3,23,1,1,8.7,26.08,-0.267286236,-0.532761057,12,0
6,1,29,40.0,2.0,3,23,1,2,8.7,26.08,-0.75909291,-0.736986129,8,0
6,1,29,40.0,2.0,3,23,1,2,8.7,26.08,0.224520438,-0.124310913,4,0
6,1,29,40.0,2.0,3,23,1,2,8.7,26.08,-0.75909291,-0.328535985,17,0
6,1,29,40.0,2.0,3,23,1,1,8.7,26.08,-0.267286236,0.488364302,11,0
6,1,29,40.0,2.0,3,23,1,1,8.7,26.08,0.716327113,0.28413923,10,0
6,1,29,40.0,2.0,3,23,1,1,8.7,26.08,1.208133787,1.509489662,13,0
6,1,29,40.0,2.0,3,23,1,2,8.7,26.08,1.208133787,1.509489662,13,0
6,1,29,40.0,2.0,3,23,1,1,8.7,26.08,0.224520438,0.488364302,5,0
6,1,29,40.0,2.0,3,23,1,1,8.7,26.08,0.716327113,-0.124310913,10,0
6,2,30,30.0,1.0,4,23,1,1,8.7,13.04,-0.334323512,-0.520001286,12,0
6,2,30,30.0,1.0,4,23,2,1,8.7,13.04,0.690935258,0.61904915,1,0
6,2,30,30.0,1.0,4,23,1,1,8.7,13.04,1.203564642,1.473336978,13,0
6,2,30,30.0,1.0,4,23,1,1,8.7,13.04,1.203564642,0.049523932,10,0
6,2,30,30.0,1.0,4,23,1,1,8.7,13.04,-2.128526358,-1.943814332,3,0
6,2,30,30.0,1.0,4,23,1,1,8.7,13.04,-1.103267589,-1.374289114,7,0
6,2,30,30.0,1.0,4,23,1,1,8.7,13.04,1.459879335,0.90381176,9,0
6,2,30,30.0,1.0,4,23,1,1,8.7,13.04,-1.103267589,-0.520001286,17,0
6,2,30,30.0,1.0,4,23,1,2,8.7,13.04,1.716194027,0.90381176,9,0
6,2,30,30.0,1.0,4,23,1,1,8.7,13.04,1.203564642,1.473336978,13,0
6,2,30,30.0,1.0,4,23,1,1,8.7,13.04,-0.590638204,-0.804763896,8,0
6,2,30,30.0,1.0,4,23,1,1,8.7,13.04,0.178305873,0.049523932,5,0
6,2,30,30.0,1.0,4,23,1,1,8.7,13.04,-0.334323512,-0.235238677,0,0
6,2,30,30.0,1.0,4,23,1,1,8.7,13.04,-0.590638204,0.334286541,11,0
6,2,30,30.0,1.0,4,23,1,2,8.7,13.04,-0.846952896,-0.520001286,17,0
6,2,30,30.0,1.0,4,23,1,1,8.7,13.04,-0.590638204,0.049523932,0,0
6,2,30,30.0,1.0,4,23,1,1,8.7,13.04,0.434620565,0.334286541,5,0
6,2,30,30.0,1.0,4,23,1,1,8.7,13.04,0.178305873,-0.235238677,4,0
6,2,30,30.0,1.0,4,23,1,1,8.7,13.04,-1.359582281,-1.374289114,7,0
6,2,30,30.0,1.0,4,23,1,1,8.7,13.04,0.94724995,2.042862196,13,0
6,2,30,30.0,1.0,4,23,1,1,8.7,13.04,-0.334323512,-1.374289114,8,0
6,2,30,30.0,1.0,4,23,1,1,8.7,13.04,-0.078008819,0.334286541,5,0
6,2,30,30.0,1.0,4,23,2,2,8.7,13.04,0.178305873,0.334286541,5,0
6,3,31,20.0,0.0,5,22,2,1,13.64,4.55,-2.411819485,-1.415534704,14,0
6,3,31,20.0,0.0,5,22,1,2,13.64,4.55,-1.268988098,-2.370803523,7,0
6,3,31,20.0,0.0,5,22,1,1,13.64,4.55,1.506459555,2.023433044,6,0
6,3,31,20.0,0.0,5,22,1,1,13.64,4.55,-0.942464845,-0.269212122,17,0
6,3,31,20.0,0.0,5,22,1,1,13.64,4.55,-0.615941591,-0.460265885,12,0
6,3,31,20.0,0.0,5,22,1,1,13.64,4.55,0.363628168,0.30394917,5,0
6,3,31,20.0,0.0,5,22,1,1,13.64,4.55,0.526889795,0.877110461,1,0
6,3,31,20.0,0.0,5,22,1,1,13.64,4.55,0.853413048,-0.269212122,10,0
6,3,31,20.0,0.0,5,22,2,1,13.64,4.55,0.037104915,-0.078158358,0,0
6,3,31,20.0,0.0,5,22,2,1,13.64,4.55,0.853413048,0.686056697,1,0
6,3,31,20.0,0.0,5,22,1,1,13.64,4.55,-0.615941591,-1.224480941,8,0
6,3,31,20.0,0.0,5,22,1,1,13.64,4.55,-0.126156712,0.495002933,5,0
6,3,31,20.0,0.0,5,22,1,1,13.64,4.55,1.179936302,0.112895406,10,0
6,3,31,20.0,0.0,5,22,1,1,13.64,4.55,-0.615941591,-0.460265885,12,0
6,3,31,20.0,0.0,5,22,1,1,13.64,4.55,-0.126156712,0.495002933,5,0
6,3,31,20.0,0.0,5,22,1,1,13.64,4.55,-1.105726471,-0.842373413,2,0
6,3,31,20.0,0.0,5,22,1,1,13.64,4.55,1.506459555,1.259217988,6,0
6,3,31,20.0,0.0,5,22,1,1,13.64,4.55,0.690151422,0.30394917,10,0
6,3,31,20.0,0.0,5,22,1,1,13.64,4.55,1.179936302,1.641325516,13,0
6,3,31,20.0,0.0,5,22,1,1,13.64,4.55,0.037104915,-0.269212122,4,0
6,3,31,20.0,0.0,5,22,1,1,13.64,4.55,-0.126156712,-0.078158358,0,0
6,3,31,20.0,0.0,5,22,1,1,13.64,4.55,-0.779203218,-0.460265885,17,0
6,4,32,30.0,1.0,5,23,1,2,26.09,26.09,-1.443493593,-1.764096137,7,0
6,4,32,30.0,1.0,5,23,2,2,26.09,26.09,-0.966933507,-0.618856306,17,0
6,4,32,30.0,1.0,5,23,1,2,26.09,26.09,1.574720283,1.508017665,6,0
6,4,32,30.0,1.0,5,23,2,2,26.09,26.09,-1.125786869,-1.600490447,7,0
6,4,32,30.0,1.0,5,23,1,2,26.09,26.09,0.303893388,-0.618856306,4,0
6,4,32,30.0,1.0,5,23,1,1,26.09,26.09,1.098160197,0.362777835,10,0
6,4,32,30.0,1.0,5,23,1,1,26.09,26.09,0.145040026,-0.455250616,4,0
6,4,32,30.0,1.0,5,23,1,1,26.09,26.09,-0.649226783,0.199172144,11,0
6,4,32,30.0,1.0,5,23,1,1,26.09,26.09,-0.808080145,-1.600490447,7,0
6,4,32,30.0,1.0,5,23,1,1,26.09,26.09,1.415866921,1.180806285,6,0
6,4,32,30.0,1.0,5,23,1,1,26.09,26.09,-1.443493593,-0.782461996,2,0
6,4,32,30.0,1.0,5,23,1,1,26.09,26.09,1.257013559,1.180806285,1,0
6,4,32,30.0,1.0,5,23,1,1,26.09,26.09,0.145040026,0.199172144,5,0
6,4,32,30.0,1.0,5,23,2,1,26.09,26.09,-0.649226783,0.362777835,11,0
6,4,32,30.0,1.0,5,23,2,1,26.09,26.09,-0.013813336,0.853594905,15,0
6,4,32,30.0,1.0,5,23,2,1,26.09,26.09,-1.284640231,-0.782461996,2,0
6,4,32,30.0,1.0,5,23,1,1,26.09,26.09,-0.172666698,-0.782461996,12,0
6,4,32,30.0,1.0,5,23,1,1,26.09,26.09,0.145040026,0.362777835,5,0
6,4,32,30.0,1.0,5,23,2,1,26.09,26.09,0.939306836,1.180806285,1,0
6,4,32,30.0,1.0,5,23,1,1,26.09,26.09,-0.649226783,-0.291644926,17,0
6,4,32,30.0,1.0,5,23,1,1,26.09,26.09,-0.33152006,-0.455250616,12,0
6,4,32,30.0,1.0,5,23,1,1,26.09,26.09,1.733573645,1.508017665,6,0
6,4,32,30.0,1.0,5,23,1,1,26.09,26.09,0.780453474,0.853594905,1,0
6,5,33,40.0,2.0,6,20,2,1,10.0,15.0,-0.426088119,-0.211575986,0,0
6,5,33,40.0,2.0,6,20,1,2,10.0,15.0,0.246682595,0.846303945,15,0
6,5,33,40.0,2.0,6,20,1,1,10.0,15.0,0.02242569,0.493677301,5,0
6,5,33,40.0,2.0,6,20,1,2,10.0,15.0,-0.426088119,0.493677301,11,0
6,5,33,40.0,2.0,6,20,1,1,10.0,15.0,1.367967119,1.198930588,6,0
6,5,33,40.0,2.0,6,20,1,1,10.0,15.0,0.695196405,-1.974709204,16,1
6,5,33,40.0,2.0,6,20,1,1,10.0,15.0,0.4709395,0.141050657,10,0
6,5,33,40.0,2.0,6,20,1,2,10.0,15.0,-0.426088119,-0.211575986,0,0
6,5,33,40.0,2.0,6,20,1,1,10.0,15.0,-2.220143357,-1.62208256,3,0
6,5,33,40.0,2.0,6,20,1,1,10.0,15.0,0.4709395,-0.211575986,4,0
6,5,33,40.0,2.0,6,20,1,1,10.0,15.0,1.816480929,2.256810519,6,0
6,5,33,40.0,2.0,6,20,1,1,10.0,15.0,-0.426088119,-0.916829273,8,0
6,5,33,40.0,2.0,6,20,1,1,10.0,15.0,-1.995886453,-0.916829273,14,0
6,5,33,40.0,2.0,6,20,1,1,10.0,15.0,1.367967119,0.846303945,9,0
6,5,33,40.0,2.0,6,20,1,1,10.0,15.0,0.695196405,0.141050657,10,0
6,5,33,40.0,2.0,6,20,1,1,10.0,15.0,-0.426088119,0.493677301,11,0
6,5,33,40.0,2.0,6,20,1,1,10.0,15.0,0.246682595,0.493677301,5,0
6,5,33,40.0,2.0,6,20,1,1,10.0,15.0,0.02242569,0.141050657,5,0
6,5,33,40.0,2.0,6,20,1,1,10.0,15.0,-0.426088119,-0.211575986,0,0
6,5,33,40.0,2.0,6,20,2,1,10.0,15.0,-0.650345024,-1.269455917,8,0
7,1,34,30.0,1.0,3,23,1,1,8.7,4.35,-1.642975328,-1.513188513,14,0
7,1,34,30.0,1.0,3,23,1,1,8.7,4.35,0.270363029,0.262491885,5,0
7,1,34,30.0,1.0,3,23,2,1,8.7,4.35,1.705366796,0.262491885,9,0
7,1,34,30.0,1.0,3,23,1,1,8.7,4.35,1.705366796,0.972764044,9,0
7,1,34,30.0,1.0,3,23,1,1,8.7,4.35,0.031195734,-0.447780274,4,0
7,1,34,30.0,1.0,3,23,2,1,8.7,4.35,-0.447138855,-0.447780274,12,0
7,1,34,30.0,1.0,3,23,1,1,8.7,4.35,-1.164640739,-0.447780274,17,0
7,1,34,30.0,1.0,3,23,1,1,8.7,4.35,1.227032207,1.683036204,13,0
7,1,34,30.0,1.0,3,23,1,1,8.7,4.35,0.031195734,1.327900124,15,0
7,1,34,30.0,1.0,3,23,1,1,8.7,4.35,0.270363029,-1.158052434,4,0
7,1,34,30.0,1.0,3,23,1,1,8.7,4.35,1.227032207,0.617627965,9,0
7,1,34,30.0,1.0,3,23,1,1,8.7,4.35,0.270363029,0.262491885,5,0
7,1,34,30.0,1.0,3,23,1,1,8.7,4.35,0.270363029,-0.092644195,4,0
7,1,34,30.0,1.0,3,23,1,1,8.7,4.35,-1.403808033,-1.513188513,7,0
7,1,34,30.0,1.0,3,23,1,1,8.7,4.35,0.987864912,1.327900124,13,0
7,1,34,30.0,1.0,3,23,1,1,8.7,4.35,-0.925473444,-0.447780274,17,0
7,1,34,30.0,1.0,3,23,1,1,8.7,4.35,-0.68630615,-1.513188513,8,0
7,1,34,30.0,1.0,3,23,1,1,8.7,4.35,-0.447138855,-0.092644195,0,0
7,1,34,30.0,1.0,3,23,1,1,8.7,4.35,0.509530323,0.972764044,1,0
7,1,34,30.0,1.0,3,23,1,1,8.7,4.35,-1.164640739,-0.802916354,2,0
7,1,34,30.0,1.0,3,23,1,1,8.7,4.35,0.987864912,1.327900124,13,0
7,1,34,30.0,1.0,3,23,1,1,8.7,4.35,-0.447138855,0.617627965,11,0
7,1,34,30.0,1.0,3,23,1,2,8.7,4.35,-1.164640739,-1.158052434,2,0
7,2,35,30.0,1.0,3,21,1,1,14.29,4.76,-0.411414654,-0.910932086,8,0
7,2,35,30.0,1.0,3,21,1,1,14.29,4.76,0.740546377,0.393357037,10,0
7,2,35,30.0,1.0,3,21,1,1,14.29,4.76,-1.563375686,-1.563076648,7,0
7,2,35,30.0,1.0,3,21,1,1,14.29,4.76,-1.179388675,-0.910932086,2,0
7,2,35,30.0,1.0,3,21,1,1,14.29,4.76,0.932539883,0.610738558,1,0
7,2,35,30.0,1.0,3,21,1,1,14.29,4.76,-0.603408159,0.175975517,11,0
7,2,35,30.0,1.0,3,21,1,1,14.29,4.76,-0.98739517,-2.215221209,7,0
7,2,35,30.0,1.0,3,21,1,1,14.29,4.76,-0.219421149,-0.041406004,0,0
7,2,35,30.0,1.0,3,21,2,1,14.29,4.76,-1.179388675,-0.910932086,2,0
7,2,35,30.0,1.0,3,21,1,1,14.29,4.76,-0.411414654,0.828120078,11,0
7,2,35,30.0,1.0,3,21,1,1,14.29,4.76,-0.603408159,0.175975517,11,0
7,2,35,30.0,1.0,3,21,1,1,14.29,4.76,2.084500914,0.828120078,9,0
7,2,35,30.0,1.0,3,21,1,1,14.29,4.76,-0.027427644,1.045501599,15,0
7,2,35,30.0,1.0,3,21,1,1,14.29,4.76,0.356559367,0.175975517,5,0
7,2,35,30.0,1.0,3,21,1,1,14.29,4.76,-0.98739517,0.610738558,11,0
7,2,35,30.0,1.0,3,21,2,2,14.29,4.76,-0.603408159,-1.780458168,7,0
7,2,35,30.0,1.0,3,21,1,1,14.29,4.76,0.548552872,0.393357037,10,0
7,2,35,30.0,1.0,3,21,1,1,14.29,4.76,0.932539883,-0.041406004,10,0
7,2,35,30.0,1.0,3,21,1,1,14.29,4.76,1.124533388,0.828120078,1,0
7,2,35,30.0,1.0,3,21,2,1,14.29,4.76,0.356559367,1.045501599,15,0
7,2,35,30.0,1.0,3,21,1,1,14.29,4.76,1.700513904,1.262883119,6,0
7,3,36,30.0,1.0,4,22,1,1,27.27,9.1,-0.094052272,-0.741977026,12,0
7,3,36,30.0,1.0,4,22,2,2,27.27,9.1,-0.094052272,-0.741977026,12,0
7,3,36,30.0,1.0,4,22,1,1,27.27,9.1,0.282156815,-0.306683837,4,0
7,3,36,30.0,1.0,4,22,1,1,27.27,9.1,0.658365902,0.346255945,10,0
7,3,36,30.0,1.0,4,22,1,1,27.27,9.1,-1.975097707,-1.394916809,14,0
7,3,36,30.0,1.0,4,22,2,1,27.27,9.1,0.094052272,-0.524330432,4,0
7,3,36,30.0,1.0,4,22,1,1,27.27,9.1,1.034574989,0.999195728,1,0
7,3,36,30.0,1.0,4,22,1,1,27.27,9.1,0.470261359,0.56390254,5,0
7,3,36,30.0,1.0,4,22,1,1,27.27,9.1,0.094052272,-0.089037243,0,0
7,3,36,30.0,1.0,4,22,1,1,27.27,9.1,-0.658365902,-0.95962362,8,0
7,3,36,30.0,1.0,4,22,1,1,27.27,9.1,-0.658365902,-0.741977026,8,0
7,3,36,30.0,1.0,4,22,1,1,27.27,9.1,1.034574989,1.216842322,1,0
7,3,36,30.0,1.0,4,22,1,1,27.27,9.1,1.975097707,1.652135511,6,0
7,3,36,30.0,1.0,4,22,1,1,27.27,9.1,-0.470261359,-0.95962362,8,0
7,3,36,30.0,1.0,4,22,2,1,27.27,9.1,0.658365902,0.999195728,1,0
7,3,36,30.0,1.0,4,22,1,2,27.27,9.1,-0.282156815,0.128609351,0,0
7,3,36,30.0,1.0,4,22,2,1,27.27,9.1,-1.786993163,-1.612563403,3,0
7,3,36,30.0,1.0,4,22,1,1,27.27,9.1,-1.034574989,-0.95962362,2,0
7,3,36,30.0,1.0,4,22,1,1,27.27,9.1,1.410784076,1.652135511,6,0
7,3,36,30.0,1.0,4,22,2,1,27.27,9.1,0.094052272,0.999195728,15,0
7,3,36,30.0,1.0,4,22,2,1,27.27,9.1,-1.410784076,-0.524330432,17,0
7,3,36,30.0,1.0,4,22,1,1,27.27,9.1,0.658365902,0.999195728,1,0
7,4,37,30.0,1.0,4,21,1,1,23.8,0.0,0.391339604,0.15519505,5,0
7,4,37,30.0,1.0,4,21,1,1,23.8,0.0,-0.293504703,0.969969062,15,0
7,4,37,30.0,1.0,4,21,2,1,23.8,0.0,1.076183912,-1.745944312,16,1
7,4,37,30.0,1.0,4,21,1,1,23.8,0.0,-0.635926857,-1.745944312,7,0
7,4,37,30.0,1.0,4,21,1,1,23.8,0.0,1.076183912,0.698377725,1,0
7,4,37,30.0,1.0,4,21,2,1,23.8,0.0,0.391339604,0.969969062,15,0
7,4,37,30.0,1.0,4,21,2,1,23.8,0.0,-0.635926857,-0.659578962,12,0
7,4,37,30.0,1.0,4,21,2,1,23.8,0.0,0.048917451,0.969969062,15,0
7,4,37,30.0,1.0,4,21,2,1,23.8,0.0,-2.348037625,-0.387987625,14,0
7,4,37,30.0,1.0,4,21,1,1,23.8,0.0,-0.635926857,-1.202761637,8,0
7,4,37,30.0,1.0,4,21,1,1,23.8,0.0,-0.97834901,0.969969062,11,0
7,4,37,30.0,1.0,4,21,1,1,23.8,0.0,-0.635926857,-0.659578962,12,0
7,4,37,30.0,1.0,4,21,1,1,23.8,0.0,0.048917451,0.15519505,5,0
7,4,37,30.0,1.0,4,21,1,1,23.8,0.0,-0.635926857,0.969969062,11,0
7,4,37,30.0,1.0,4,21,1,1,23.8,0.0,-0.97834901,-0.9311703,2,0
7,4,37,30.0,1.0,4,21,1,1,23.8,0.0,0.733761758,0.426786387,10,0
7,4,37,30.0,1.0,4,21,1,1,23.8,0.0,1.418606065,0.698377725,9,0
7,4,37,30.0,1.0,4,21,1,1,23.8,0.0,1.418606065,0.969969062,9,0
7,4,37,30.0,1.0,4,21,1,1,23.8,0.0,-0.293504703,0.426786387,11,0
7,4,37,30.0,1.0,4,21,1,1,23.8,0.0,1.761028219,0.698377725,9,0
7,4,37,30.0,1.0,4,21,1,1,23.8,0.0,-0.293504703,-1.745944312,8,0
7,5,38,30.0,1.0,5,21,1,1,23.8,9.5,1.496346723,0.783080813,9,0
7,5,38,30.0,1.0,5,21,1,1,23.8,9.5,-1.064068781,-0.370933017,17,0
7,5,38,30.0,1.0,5,21,1,1,23.8,9.5,0.099756448,0.783080813,15,0
7,5,38,30.0,1.0,5,21,1,1,23.8,9.5,-0.133008598,-1.524946846,8,0
7,5,38,30.0,1.0,5,21,1,1,23.8,9.5,-1.064068781,-0.370933017,17,0
7,5,38,30.0,1.0,5,21,1,1,23.8,9.5,1.263581677,1.07158427,1,0
7,5,38,30.0,1.0,5,21,1,2,23.8,9.5,-1.064068781,-0.659436474,17,0
7,5,38,30.0,1.0,5,21,2,1,23.8,9.5,-1.529598873,-1.813450304,7,0
7,5,38,30.0,1.0,5,21,1,1,23.8,9.5,1.263581677,-0.659436474,16,1
7,5,38,30.0,1.0,5,21,1,1,23.8,9.5,-1.064068781,-1.236443389,2,0
7,5,38,30.0,1.0,5,21,1,1,23.8,9.5,0.099756448,0.783080813,15,0
7,5,38,30.0,1.0,5,21,2,1,23.8,9.5,0.798051586,1.07158427,1,0
7,5,38,30.0,1.0,5,21,2,1,23.8,9.5,0.798051586,0.494577356,10,0
7,5,38,30.0,1.0,5,21,1,1,23.8,9.5,0.56528654,1.360087728,13,0
7,5,38,30.0,1.0,5,21,1,1,23.8,9.5,-1.296833827,-0.947939932,2,0
7,5,38,30.0,1.0,5,21,2,2,23.8,9.5,-1.296833827,-0.947939932,2,0
7,5,38,30.0,1.0,5,21,2,1,23.8,9.5,-0.133008598,1.07158427,15,0
7,5,38,30.0,1.0,5,21,1,1,23.8,9.5,0.099756448,-0.082429559,0,0
7,5,38,30.0,1.0,5,21,1,1,23.8,9.5,1.263581677,0.494577356,9,0
7,5,38,30.0,1.0,5,21,1,1,23.8,9.5,1.030816632,1.360087728,13,0
7,5,38,30.0,1.0,5,21,1,1,23.8,9.5,-0.133008598,-0.659436474,12,0
7,6,39,40.0,2.0,6,21,1,1,19.05,4.76,-0.195366166,-0.651558364,12,0
7,6,39,40.0,2.0,6,21,1,1,19.05,4.76,3.321224827,2.823419578,6,0
7,6,39,40.0,2.0,6,21,1,1,19.05,4.76,0.390732333,0.217186121,5,0
7,6,39,40.0,2.0,6,21,1,1,19.05,4.76,-1.172196998,-1.303116728,2,0
7,6,39,40.0,2.0,6,21,1,1,19.05,4.76,-0.390732333,-1.085930607,8,0
7,6,39,40.0,2.0,6,21,1,1,19.05,4.76,-0.195366166,-0.217186121,0,0
7,6,39,40.0,2.0,6,21,1,1,19.05,4.76,0.390732333,0.217186121,5,0
7,6,39,40.0,2.0,6,21,1,2,19.05,4.76,0.195366166,4.82e-16,5,0
7,6,39,40.0,2.0,6,21,1,1,19.05,4.76,-0.586098499,4.82e-16,0,0
7,6,39,40.0,2.0,6,21,2,1,19.05,4.76,-1.367563164,-0.651558364,2,0
7,6,39,40.0,2.0,6,21,1,1,19.05,4.76,-1.172196998,-1.085930607,2,0
7,6,39,40.0,2.0,6,21,2,1,19.05,4.76,-0.781464665,-1.52030285,7,0
7,6,39,40.0,2.0,6,21,2,1,19.05,4.76,-4.34e-16,0.434372243,5,0
7,6,39,40.0,2.0,6,21,1,1,19.05,4.76,0.586098499,4.82e-16,10,0
7,6,39,40.0,2.0,6,21,1,1,19.05,4.76,-0.195366166,-0.434372243,12,0
7,6,39,40.0,2.0,6,21,1,1,19.05,4.76,0.976830831,1.085930607,1,0
7,6,39,40.0,2.0,6,21,1,1,19.05,4.76,0.586098499,1.52030285,13,0
7,6,39,40.0,2.0,6,21,1,1,19.05,4.76,0.781464665,0.868744486,1,0
7,6,39,40.0,2.0,6,21,2,1,19.05,4.76,-0.586098499,4.82e-16,0,0
7,6,39,40.0,2.0,6,21,1,1,19.05,4.76,-0.390732333,4.82e-16,0,0
7,6,39,40.0,2.0,6,21,1,1,19.05,4.76,-0.195366166,-0.217186121,0,0
7,7,40,20.0,0.0,6,22,1,1,22.73,4.55,1.674837246,0.964716126,9,0
7,7,40,20.0,0.0,6,22,1,1,22.73,4.55,-0.391317114,0.447063571,11,0
7,7,40,20.0,0.0,6,22,1,1,22.73,4.55,0.641760066,0.964716126,1,0
7,7,40,20.0,0.0,6,22,2,1,22.73,4.55,-1.252214764,-1.105894096,2,0
7,7,40,20.0,0.0,6,22,2,1,22.73,4.55,0.297401006,0.274512719,5,0
7,7,40,20.0,0.0,6,22,1,1,22.73,4.55,-1.080035234,-1.968648355,7,0
7,7,40,20.0,0.0,6,22,2,2,22.73,4.55,-0.391317114,0.101961867,0,0
7,7,40,20.0,0.0,6,22,1,1,22.73,4.55,0.813939596,0.447063571,10,0
7,7,40,20.0,0.0,6,22,1,1,22.73,4.55,0.125221476,0.101961867,5,0
7,7,40,20.0,0.0,6,22,1,1,22.73,4.55,-2.285291944,-1.796097504,3,0
7,7,40,20.0,0.0,6,22,1,1,22.73,4.55,0.813939596,0.792165274,1,0
7,7,40,20.0,0.0,6,22,1,1,22.73,4.55,1.158298656,0.964716126,1,0
7,7,40,20.0,0.0,6,22,1,1,22.73,4.55,0.813939596,0.792165274,1,0
7,7,40,20.0,0.0,6,22,1,1,22.73,4.55,-1.768753354,-1.796097504,3,0
7,7,40,20.0,0.0,6,22,1,1,22.73,4.55,-0.219137584,-0.070588985,0,0
7,7,40,20.0,0.0,6,22,2,1,22.73,4.55,0.986119126,0.964716126,1,0
7,7,40,20.0,0.0,6,22,1,1,22.73,4.55,-0.563496644,-0.415690689,12,0
7,7,40,20.0,0.0,6,22,2,1,22.73,4.55,0.641760066,-0.933343244,16,1
7,7,40,20.0,0.0,6,22,1,1,22.73,4.55,-0.735676174,-0.760792392,8,0
7,7,40,20.0,0.0,6,22,1,1,22.73,4.55,-0.046958054,0.274512719,5,0
7,7,40,20.0,0.0,6,22,1,1,22.73,4.55,-0.046958054,1.482368682,15,0
7,7,40,20.0,0.0,6,22,1,1,22.73,4.55,0.813939596,0.274512719,10,0
7,8,41,30.0,1.0,6,21,1,1,19.05,0.0,-1.191521188,-1.105819781,2,0
7,8,41,30.0,1.0,6,21,1,1,19.05,0.0,1.222877009,0.570010196,9,0
7,8,41,30.0,1.0,6,21,2,1,19.05,0.0,-0.313558207,-0.148202651,0,0
7,8,41,30.0,1.0,6,21,1,1,19.05,0.0,1.003386263,1.048818761,1,0
7,8,41,30.0,1.0,6,21,1,1,19.05,0.0,-0.094067462,-0.148202651,0,0
7,8,41,30.0,1.0,6,21,1,1,19.05,0.0,-1.411011933,-1.584628346,7,0
7,8,41,30.0,1.0,6,21,1,1,19.05,0.0,-0.094067462,0.570010196,5,0
7,8,41,30.0,1.0,6,21,1,1,19.05,0.0,-0.533048952,-0.387606934,12,0
7,8,41,30.0,1.0,6,21,1,1,19.05,0.0,1.661858499,1.048818761,9,0
7,8,41,30.0,1.0,6,21,1,1,19.05,0.0,1.661858499,1.767031609,6,0
7,8,41,30.0,1.0,6,21,1,1,19.05,0.0,-0.533048952,-0.866415499,8,0
7,8,41,30.0,1.0,6,21,2,1,19.05,0.0,-0.313558207,-0.866415499,12,0
7,8,41,30.0,1.0,6,21,1,1,19.05,0.0,0.564404773,1.048818761,1,0
7,8,41,30.0,1.0,6,21,1,1,19.05,0.0,-1.191521188,-0.866415499,2,0
7,8,41,30.0,1.0,6,21,1,1,19.05,0.0,-0.533048952,-1.105819781,8,0
7,8,41,30.0,1.0,6,21,2,1,19.05,0.0,1.661858499,1.527627326,6,0
7,8,41,30.0,1.0,6,21,1,1,19.05,0.0,-0.533048952,-0.148202651,0,0
7,8,41,30.0,1.0,6,21,1,1,19.05,0.0,-0.094067462,0.330605914,5,0
7,8,41,30.0,1.0,6,21,2,1,19.05,0.0,-1.411011933,-1.345224064,2,0
7,8,41,30.0,1.0,6,21,1,1,19.05,0.0,-0.313558207,-0.387606934,12,0
7,8,41,30.0,1.0,6,21,1,1,19.05,0.0,0.783895518,1.048818761,1,0
8,1,42,30.0,1.0,3,16,1,2,18.75,18.75,-2.692022475,-2.279496269,3,0
8,1,42,30.0,1.0,3,16,1,1,18.75,18.75,0.384574639,-0.308040036,4,0
8,1,42,30.0,1.0,3,16,1,1,18.75,18.75,0.104883993,0.020536002,5,0
8,1,42,30.0,1.0,3,16,1,1,18.75,18.75,-0.454497301,0.349112041,11,0
8,1,42,30.0,1.0,3,16,1,1,18.75,18.75,-0.174806654,0.020536002,0,0
8,1,42,30.0,1.0,3,16,2,1,18.75,18.75,0.384574639,-0.308040036,4,0
8,1,42,30.0,1.0,3,16,1,1,18.75,18.75,2.06271852,-1.293768152,16,1
8,1,42,30.0,1.0,3,16,1,1,18.75,18.75,-0.734187948,-0.308040036,17,0
8,1,42,30.0,1.0,3,16,1,2,18.75,18.75,0.384574639,-0.308040036,4,0
8,1,42,30.0,1.0,3,16,2,1,18.75,18.75,-0.734187948,0.349112041,11,0
8,1,42,30.0,1.0,3,16,1,2,18.75,18.75,-0.174806654,-0.308040036,0,0
8,1,42,30.0,1.0,3,16,1,1,18.75,18.75,0.664265286,0.67768808,1,0
8,1,42,30.0,1.0,3,16,2,1,18.75,18.75,-0.454497301,0.349112041,11,0
8,1,42,30.0,1.0,3,16,1,1,18.75,18.75,0.104883993,1.663416196,15,0
8,1,42,30.0,1.0,3,16,1,1,18.75,18.75,0.943955933,1.991992235,13,0
8,1,42,30.0,1.0,3,16,1,2,18.75,18.75,0.384574639,-0.308040036,4,0
8,2,43,40.0,2.0,3,16,2,2,25.0,25.0,-1.311450871,-1.038993882,2,0
8,2,43,40.0,2.0,3,16,1,1,25.0,25.0,0.141233171,0.455289454,5,0
8,2,43,40.0,2.0,3,16,1,2,25.0,25.0,1.593917212,1.949572789,6,0
8,2,43,40.0,2.0,3,16,1,1,25.0,25.0,0.464051847,-0.665423048,4,0
8,2,43,40.0,2.0,3,16,1,1,25.0,25.0,-0.827222857,-0.665423048,17,0
8,2,43,40.0,2.0,3,16,1,1,25.0,25.0,0.141233171,0.455289454,5,0
8,2,43,40.0,2.0,3,16,1,1,25.0,25.0,1.109689198,0.08171862,10,0
8,2,43,40.0,2.0,3,16,2,2,25.0,25.0,1.432507874,1.762787372,6,0
8,2,43,40.0,2.0,3,16,1,1,25.0,25.0,-0.181585505,-0.478637631,12,0
8,2,43,40.0,2.0,3,16,2,1,25.0,25.0,-0.181585505,-0.478637631,12,0
8,2,43,40.0,2.0,3,16,1,1,25.0,25.0,0.625461185,0.455289454,10,0
8,2,43,40.0,2.0,3,16,1,1,25.0,25.0,-1.472860209,-1.225779299,2,0
8,2,43,40.0,2.0,3,16,2,2,25.0,25.0,-1.795678885,-1.038993882,14,0
8,2,43,40.0,2.0,3,16,1,1,25.0,25.0,-0.504404181,-0.665423048,12,0
8,2,43,40.0,2.0,3,16,1,1,25.0,25.0,0.141233171,-0.291852214,4,0
8,2,43,40.0,2.0,3,16,1,1,25.0,25.0,0.625461185,1.389216538,13,0
8,3,44,30.0,1.0,4,22,1,1,27.27,18.18,-1.005736105,-0.810246457,2,0
8,3,44,30.0,1.0,4,22,1,1,27.27,18.18,-1.801642375,-1.738653856,3,0
8,3,44,30.0,1.0,4,22,1,1,27.27,18.18,-1.960823629,-1.181609417,14,0
8,3,44,30.0,1.0,4,22,2,2,27.27,18.18,-0.846554851,-0.810246457,8,0
8,3,44,30.0,1.0,4,22,1,1,27.27,18.18,-0.528192343,-0.810246457,8,0
8,3,44,30.0,1.0,4,22,2,1,27.27,18.18,0.426895181,-0.067520538,4,0
8,3,44,30.0,1.0,4,22,1,1,27.27,18.18,0.745257689,1.046568341,1,0
8,3,44,30.0,1.0,4,22,1,1,27.27,18.18,-1.324098613,-1.552972376,7,0
8,3,44,30.0,1.0,4,22,1,1,27.27,18.18,-0.050648581,0.118160942,0,0
8,3,44,30.0,1.0,4,22,2,2,27.27,18.18,-1.005736105,-0.624564978,17,0
8,3,44,30.0,1.0,4,22,1,1,27.27,18.18,-0.209829835,-0.624564978,12,0
8,3,44,30.0,1.0,4,22,1,1,27.27,18.18,0.745257689,1.4179313,13,0
8,3,44,30.0,1.0,4,22,1,1,27.27,18.18,0.108532673,-0.067520538,0,0
8,3,44,30.0,1.0,4,22,2,2,27.27,18.18,-0.050648581,-0.067520538,0,0
8,3,44,30.0,1.0,4,22,1,1,27.27,18.18,0.904438943,1.23224982,1,0
8,3,44,30.0,1.0,4,22,2,2,27.27,18.18,0.426895181,0.860886861,15,0
8,3,44,30.0,1.0,4,22,1,1,27.27,18.18,1.54116396,0.860886861,9,0
8,3,44,30.0,1.0,4,22,2,1,27.27,18.18,0.586076435,1.60361278,13,0
8,3,44,30.0,1.0,4,22,1,1,27.27,18.18,1.700345214,1.23224982,6,0
8,3,44,30.0,1.0,4,22,1,1,27.27,18.18,0.904438943,0.860886861,1,0
8,3,44,30.0,1.0,4,22,1,1,27.27,18.18,0.586076435,-0.624564978,4,0
8,3,44,30.0,1.0,4,22,1,1,27.27,18.18,0.108532673,-0.253202018,4,0
8,4,45,30.0,1.0,4,18,1,1,16.67,11.11,0.499770379,0.197347822,10,0
8,4,45,30.0,1.0,4,18,1,1,16.67,11.11,-0.343592135,-0.986739108,8,0
8,4,45,30.0,1.0,4,18,2,1,16.67,11.11,-0.343592135,1.381434751,15,0
8,4,45,30.0,1.0,4,18,1,1,16.67,11.11,0.499770379,-1.28276084,16,1
8,4,45,30.0,1.0,4,18,1,1,16.67,11.11,-0.062471297,-0.394695643,12,0
8,4,45,30.0,1.0,4,18,1,1,16.67,11.11,-1.468075488,0.197347822,17,0
8,4,45,30.0,1.0,4,18,1,1,16.67,11.11,2.467616246,1.973478215,6,0
8,4,45,30.0,1.0,4,18,1,1,16.67,11.11,0.780891217,-0.690717375,16,1
8,4,45,30.0,1.0,4,18,1,2,16.67,11.11,-1.18695465,-0.986739108,2,0
8,4,45,30.0,1.0,4,18,2,1,16.67,11.11,1.062012055,1.677456483,13,0
8,4,45,30.0,1.0,4,18,2,1,16.67,11.11,-1.468075488,0.197347822,17,0
8,4,45,30.0,1.0,4,18,1,1,16.67,11.11,0.218649541,0.789391286,15,0
8,4,45,30.0,1.0,4,18,1,2,16.67,11.11,0.218649541,1.085413018,15,0
8,4,45,30.0,1.0,4,18,1,1,16.67,11.11,-1.468075488,-0.690717375,2,0
8,4,45,30.0,1.0,4,18,1,1,16.67,11.11,-0.343592135,-0.394695643,12,0
8,4,45,30.0,1.0,4,18,1,1,16.67,11.11,0.218649541,-0.690717375,4,0
8,4,45,30.0,1.0,4,18,1,1,16.67,11.11,0.499770379,-0.986739108,16,1
8,4,45,30.0,1.0,4,18,1,1,16.67,11.11,0.218649541,-0.394695643,4,0
8,5,46,30.0,1.0,5,22,1,1,22.73,9.09,0.838864508,0.671162018,1,0
8,5,46,30.0,1.0,5,22,1,1,22.73,9.09,1.650074142,0.21683696,9,0
8,5,46,30.0,1.0,5,22,2,1,22.73,9.09,1.041666916,1.352649606,13,0
8,5,46,30.0,1.0,5,22,1,1,22.73,9.09,-0.175147535,-0.237488099,0,0
8,5,46,30.0,1.0,5,22,2,2,22.73,9.09,-1.189159577,-1.146138216,2,0
8,5,46,30.0,1.0,5,22,1,1,22.73,9.09,0.433259691,0.898324548,15,0
8,5,46,30.0,1.0,5,22,2,1,22.73,9.09,-2.000369211,-1.373300745,14,0
8,5,46,30.0,1.0,5,22,2,1,22.73,9.09,-0.580752352,-0.918975687,8,0
8,5,46,30.0,1.0,5,22,1,1,22.73,9.09,-0.175147535,0.671162018,11,0
8,5,46,30.0,1.0,5,22,1,1,22.73,9.09,-0.78355476,-0.01032557,17,0
8,5,46,30.0,1.0,5,22,1,1,22.73,9.09,-1.594764394,-1.146138216,14,0
8,5,46,30.0,1.0,5,22,1,1,22.73,9.09,0.230457282,-0.918975687,4,0
8,5,46,30.0,1.0,5,22,1,1,22.73,9.09,-1.797566802,-1.827625804,3,0
8,5,46,30.0,1.0,5,22,1,1,22.73,9.09,0.636062099,1.352649606,13,0
8,5,46,30.0,1.0,5,22,1,1,22.73,9.09,0.433259691,1.125487077,15,0
8,5,46,30.0,1.0,5,22,1,1,22.73,9.09,0.433259691,-0.918975687,4,0
8,5,46,30.0,1.0,5,22,1,1,22.73,9.09,0.230457282,1.125487077,15,0
8,5,46,30.0,1.0,5,22,1,1,22.73,9.09,0.230457282,-0.237488099,4,0
8,5,46,30.0,1.0,5,22,1,1,22.73,9.09,0.433259691,-0.01032557,4,0
8,5,46,30.0,1.0,5,22,1,1,22.73,9.09,-0.580752352,-0.237488099,0,0
8,5,46,30.0,1.0,5,22,2,2,22.73,9.09,1.041666916,-0.01032557,10,0
8,5,46,30.0,1.0,5,22,1,1,22.73,9.09,1.244469325,1.579812135,13,0
8,6,47,50.0,3.0,6,21,1,1,23.81,0.0,-2.13784337,-0.881698285,14,0
8,6,47,50.0,3.0,6,21,2,1,23.81,0.0,0.209592487,0.275530714,5,0
8,6,47,50.0,3.0,6,21,2,1,23.81,0.0,-0.083836995,0.275530714,5,0
8,6,47,50.0,3.0,6,21,1,1,23.81,0.0,0.209592487,-0.303083785,4,0
8,6,47,50.0,3.0,6,21,1,1,23.81,0.0,0.209592487,0.275530714,5,0
8,6,47,50.0,3.0,6,21,1,1,23.81,0.0,0.796451452,-1.171005535,16,1
8,6,47,50.0,3.0,6,21,2,1,23.81,0.0,0.503021969,0.275530714,10,0
8,6,47,50.0,3.0,6,21,1,1,23.81,0.0,-0.964125441,2.011374212,15,0
8,6,47,50.0,3.0,6,21,1,1,23.81,0.0,0.796451452,0.275530714,10,0
8,6,47,50.0,3.0,6,21,1,1,23.81,0.0,-1.257554924,-1.460312784,7,0
8,6,47,50.0,3.0,6,21,1,1,23.81,0.0,0.503021969,-0.592391035,4,0
8,6,47,50.0,3.0,6,21,1,1,23.81,0.0,0.209592487,0.275530714,5,0
8,6,47,50.0,3.0,6,21,2,1,23.81,0.0,-1.550984406,-0.881698285,2,0
8,6,47,50.0,3.0,6,21,1,1,23.81,0.0,1.089880934,1.722066963,13,0
8,6,47,50.0,3.0,6,21,1,1,23.81,0.0,1.089880934,-1.749620034,16,1
8,6,47,50.0,3.0,6,21,1,1,23.81,0.0,0.209592487,0.854145213,15,0
8,6,47,50.0,3.0,6,21,1,1,23.81,0.0,0.796451452,0.275530714,10,0
8,6,47,50.0,3.0,6,21,1,1,23.81,0.0,0.796451452,1.143452463,1,0
8,6,47,50.0,3.0,6,21,2,1,23.81,0.0,0.209592487,0.854145213,15,0
8,6,47,50.0,3.0,6,21,1,1,23.81,0.0,0.503021969,-0.592391035,4,0
8,6,47,50.0,3.0,6,21,1,1,23.81,0.0,-2.13784337,-0.881698285,14,0
8,7,48,40.0,2.0,6,20,1,2,20.0,20.0,-0.300379143,-0.224681966,0,0
8,7,48,40.0,2.0,6,20,1,1,20.0,20.0,1.47458852,1.059214982,9,0
8,7,48,40.0,2.0,6,20,1,2,20.0,20.0,-0.573451091,-0.43866479,12,0
8,7,48,40.0,2.0,6,20,2,1,20.0,20.0,0.518836701,-0.652647615,4,0
8,7,48,40.0,2.0,6,20,1,1,20.0,20.0,-0.573451091,-0.010699141,0,0
8,7,48,40.0,2.0,6,20,2,1,20.0,20.0,-1.119594987,-1.080613264,2,0
8,7,48,40.0,2.0,6,20,1,1,20.0,20.0,-1.392666935,-1.294596089,2,0
8,7,48,40.0,2.0,6,20,1,1,20.0,20.0,1.884196442,0.845232157,9,0
8,7,48,40.0,2.0,6,20,1,2,20.0,20.0,-0.846523039,-1.080613264,8,0
8,7,48,40.0,2.0,6,20,1,1,20.0,20.0,-0.436915117,-0.652647615,12,0
8,7,48,40.0,2.0,6,20,1,1,20.0,20.0,-0.573451091,-0.86663044,8,0
8,7,48,40.0,2.0,6,20,1,1,20.0,20.0,-0.573451091,0.203283683,11,0
8,7,48,40.0,2.0,6,20,2,1,20.0,20.0,1.47458852,2.129129105,6,0
8,7,48,40.0,2.0,6,20,1,1,20.0,20.0,-0.300379143,-0.010699141,0,0
8,7,48,40.0,2.0,6,20,1,1,20.0,20.0,1.747660468,1.91514628,6,0
8,7,48,40.0,2.0,6,20,2,1,20.0,20.0,0.518836701,1.059214982,1,0
8,7,48,40.0,2.0,6,20,1,1,20.0,20.0,-0.573451091,-0.224681966,0,0
8,7,48,40.0,2.0,6,20,1,2,20.0,20.0,0.518836701,0.203283683,10,0
8,7,48,40.0,2.0,6,20,1,1,20.0,20.0,0.245764753,0.417266508,5,0
8,7,48,40.0,2.0,6,20,1,1,20.0,20.0,-1.119594987,-1.294596089,2,0
9,1,49,30.0,1.0,3,21,1,1,9.52,19.05,-1.090869599,-1.399117207,7,0
9,1,49,30.0,1.0,3,21,1,1,9.52,19.05,0.223538852,0.609871603,5,0
9,1,49,30.0,1.0,3,21,1,1,9.52,19.05,-1.278642235,-1.399117207,7,0
9,1,49,30.0,1.0,3,21,1,1,9.52,19.05,0.035766216,-1.147993605,8,0
9,1,49,30.0,1.0,3,21,2,2,9.52,19.05,-2.029732779,-0.896870004,14,0
9,1,49,30.0,1.0,3,21,1,1,9.52,19.05,-0.903096963,-0.645746403,17,0
9,1,49,30.0,1.0,3,21,1,1,9.52,19.05,0.223538852,0.107624401,5,0
9,1,49,30.0,1.0,3,21,1,1,9.52,19.05,1.537947304,0.860995204,9,0
9,1,49,30.0,1.0,3,21,2,2,9.52,19.05,0.411311488,-0.896870004,4,0
9,1,49,30.0,1.0,3,21,1,1,9.52,19.05,-0.15200642,0.860995204,15,0
9,1,49,30.0,1.0,3,21,1,1,9.52,19.05,-0.339779055,-0.394622802,12,0
9,1,49,30.0,1.0,3,21,1,1,9.52,19.05,0.599084124,-0.143499201,4,0
9,1,49,30.0,1.0,3,21,1,1,9.52,19.05,0.599084124,0.107624401,10,0
9,1,49,30.0,1.0,3,21,1,1,9.52,19.05,-1.466414871,-1.147993605,2,0
9,1,49,30.0,1.0,3,21,1,1,9.52,19.05,0.599084124,0.860995204,1,0
9,1,49,30.0,1.0,3,21,1,1,9.52,19.05,0.599084124,1.614366008,13,0
9,1,49,30.0,1.0,3,21,1,1,9.52,19.05,1.162402032,1.865489609,13,0
9,1,49,30.0,1.0,3,21,1,1,9.52,19.05,0.599084124,1.112118805,1,0
9,1,49,30.0,1.0,3,21,1,2,9.52,19.05,-1.278642235,-0.896870004,2,0
9,1,49,30.0,1.0,3,21,1,1,9.52,19.05,0.411311488,0.358748002,5,0
9,1,49,30.0,1.0,3,21,1,2,9.52,19.05,1.537947304,0.609871603,9,0
9,2,50,20.0,0.0,3,20,2,1,15.0,15.0,-0.047057967,0.547003289,5,0
9,2,50,20.0,0.0,3,20,1,1,15.0,15.0,1.129391197,-0.273501645,10,0
9,2,50,20.0,0.0,3,20,2,1,15.0,15.0,-1.458796963,-0.820504934,2,0
9,2,50,20.0,0.0,3,20,1,1,15.0,15.0,-0.047057967,0.547003289,5,0
9,2,50,20.0,0.0,3,20,1,2,15.0,15.0,0.423521699,-0.820504934,4,0
9,2,50,20.0,0.0,3,20,1,1,15.0,15.0,-0.047057967,0.0,0,0
9,2,50,20.0,0.0,3,20,1,1,15.0,15.0,-0.517637632,-1.094006578,8,0
9,2,50,20.0,0.0,3,20,1,1,15.0,15.0,-0.988217297,-1.367508223,7,0
9,2,50,20.0,0.0,3,20,1,2,15.0,15.0,-0.047057967,-0.547003289,12,0
9,2,50,20.0,0.0,3,20,1,1,15.0,15.0,2.070550528,1.641009868,6,0
9,2,50,20.0,0.0,3,20,1,1,15.0,15.0,0.658811531,1.094006578,1,0
9,2,50,20.0,0.0,3,20,1,2,15.0,15.0,-0.988217297,-0.273501645,17,0
9,2,50,20.0,0.0,3,20,1,1,15.0,15.0,-0.988217297,-0.273501645,17,0
9,2,50,20.0,0.0,3,20,1,1,15.0,15.0,1.599970862,0.820504934,9,0
9,2,50,20.0,0.0,3,20,1,1,15.0,15.0,1.129391197,1.914511512,13,0
9,2,50,20.0,0.0,3,20,1,1,15.0,15.0,0.188231866,0.0,5,0
9,2,50,20.0,0.0,3,20,1,1,15.0,15.0,-0.988217297,-0.820504934,2,0
9,2,50,20.0,0.0,3,20,1,1,15.0,15.0,0.658811531,1.641009868,13,0
9,2,50,20.0,0.0,3,20,1,1,15.0,15.0,-0.282347799,-0.820504934,12,0
9,2,50,20.0,0.0,3,20,2,1,15.0,15.0,-1.458796963,-1.094006578,2,0
9,3,51,20.0,0.0,4,24,1,1,29.17,4.17,-1.312395512,-1.064748749,2,0
9,3,51,20.0,0.0,4,24,2,1,29.17,4.17,-1.15490805,-0.721742441,2,0
9,3,51,20.0,0.0,4,24,2,1,29.17,4.17,-0.209983282,-0.207232978,0,0
9,3,51,20.0,0.0,4,24,1,2,29.17,4.17,0.892428948,0.993289102,1,0
9,3,51,20.0,0.0,4,24,1,1,29.17,4.17,0.419966564,0.307276485,5,0
9,3,51,20.0,0.0,4,24,1,1,29.17,4.17,-0.524958205,-2.093767675,7,0
9,3,51,20.0,0.0,4,24,1,1,29.17,4.17,1.049916409,0.993289102,1,0
9,3,51,20.0,0.0,4,24,1,1,29.17,4.17,-0.05249582,0.650282793,5,0
9,3,51,20.0,0.0,4,24,1,1,29.17,4.17,0.734941487,-0.035729824,10,0
9,3,51,20.0,0.0,4,24,1,1,29.17,4.17,-0.997420589,-1.064748749,2,0
9,3,51,20.0,0.0,4,24,2,1,29.17,4.17,-0.839933128,-0.893245595,8,0
9,3,51,20.0,0.0,4,24,1,1,29.17,4.17,1.364891332,1.679301719,6,0
9,3,51,20.0,0.0,4,24,1,1,29.17,4.17,0.892428948,1.164792256,1,0
9,3,51,20.0,0.0,4,24,2,1,29.17,4.17,-0.839933128,-0.893245595,8,0
9,3,51,20.0,0.0,4,24,1,1,29.17,4.17,1.364891332,1.507798564,6,0
9,3,51,20.0,0.0,4,24,1,1,29.17,4.17,-0.524958205,-0.721742441,12,0
9,3,51,20.0,0.0,4,24,1,1,29.17,4.17,0.734941487,0.478779639,10,0
9,3,51,20.0,0.0,4,24,1,1,29.17,4.17,-0.209983282,-0.207232978,0,0
9,3,51,20.0,0.0,4,24,1,1,29.17,4.17,-0.05249582,0.13577333,0,0
9,3,51,20.0,0.0,4,24,2,1,29.17,4.17,-2.25732028,-1.236251903,14,0
9,3,51,20.0,0.0,4,24,1,1,29.17,4.17,0.104991641,-0.207232978,4,0
9,3,51,20.0,0.0,4,24,2,1,29.17,4.17,1.522378794,1.164792256,6,0
9,3,51,20.0,0.0,4,24,2,1,29.17,4.17,-0.997420589,-0.721742441,2,0
9,3,51,20.0,0.0,4,24,1,1,29.17,4.17,0.892428948,0.993289102,1,0
9,4,52,20.0,0.0,4,25,1,1,16.0,16.0,-0.230428612,0.17442057,0,0
9,4,52,20.0,0.0,4,25,1,2,16.0,16.0,1.613000283,1.627925319,6,0
9,4,52,20.0,0.0,4,25,1,1,16.0,16.0,-0.460857224,-0.11628038,0,0
9,4,52,20.0,0.0,4,25,1,1,16.0,16.0,0.230428612,0.75582247,15,0
9,4,52,20.0,0.0,4,25,2,1,16.0,16.0,-1.613000283,-1.279084179,14,0
9,4,52,20.0,0.0,4,25,2,1,16.0,16.0,-1.382571671,-1.569785129,7,0
9,4,52,20.0,0.0,4,25,1,1,16.0,16.0,1.152143059,0.46512152,10,0
9,4,52,20.0,0.0,4,25,1,2,16.0,16.0,-0.921714447,-0.69768228,17,0
9,4,52,20.0,0.0,4,25,1,2,16.0,16.0,1.613000283,1.627925319,6,0
9,4,52,20.0,0.0,4,25,1,1,16.0,16.0,-0.921714447,-1.569785129,7,0
9,4,52,20.0,0.0,4,25,1,1,16.0,16.0,-0.691285835,-0.11628038,17,0
9,4,52,20.0,0.0,4,25,1,1,16.0,16.0,0.691285835,1.04652342,1,0
9,4,52,20.0,0.0,4,25,1,1,16.0,16.0,-1.152143059,-0.98838323,2,0
9,4,52,20.0,0.0,4,25,1,1,16.0,16.0,0.691285835,-0.11628038,10,0
9,4,52,20.0,0.0,4,25,1,1,16.0,16.0,0.0,0.75582247,15,0
9,4,52,20.0,0.0,4,25,1,1,16.0,16.0,0.0,-0.11628038,0,0
9,4,52,20.0,0.0,4,25,1,1,16.0,16.0,-1.382571671,-0.11628038,17,0
9,4,52,20.0,0.0,4,25,1,2,16.0,16.0,0.691285835,0.46512152,10,0
9,4,52,20.0,0.0,4,25,1,1,16.0,16.0,-0.691285835,-1.279084179,8,0
9,4,52,20.0,0.0,4,25,1,1,16.0,16.0,0.460857224,-0.40698133,4,0
9,4,52,20.0,0.0,4,25,1,1,16.0,16.0,1.613000283,1.627925319,6,0
9,4,52,20.0,0.0,4,25,2,1,16.0,16.0,0.230428612,-0.11628038,4,0
9,4,52,20.0,0.0,4,25,1,1,16.0,16.0,1.382571671,1.337224369,6,0
9,4,52,20.0,0.0,4,25,1,1,16.0,16.0,-0.230428612,-0.11628038,0,0
9,4,52,20.0,0.0,4,25,2,1,16.0,16.0,-0.691285835,-1.279084179,8,0
9,5,53,30.0,1.0,5,20,1,1,5.0,20.0,1.774823935,0.17813696,9,0
9,5,53,30.0,1.0,5,20,1,1,5.0,20.0,0.084515425,0.17813696,5,0
9,5,53,30.0,1.0,5,20,1,2,5.0,20.0,-1.774823935,-2.271246244,3,0
9,5,53,30.0,1.0,5,20,1,2,5.0,20.0,-0.92966968,-0.489876641,17,0
9,5,53,30.0,1.0,5,20,1,2,5.0,20.0,-0.760638829,-0.26720544,17,0
9,5,53,30.0,1.0,5,20,2,1,5.0,20.0,-1.098700531,-1.380561442,7,0
9,5,53,30.0,1.0,5,20,1,1,5.0,20.0,0.422577127,0.17813696,5,0
9,5,53,30.0,1.0,5,20,1,1,5.0,20.0,0.591607978,0.846150561,1,0
9,5,53,30.0,1.0,5,20,1,1,5.0,20.0,-0.084515425,0.17813696,0,0
9,5,53,30.0,1.0,5,20,1,2,5.0,20.0,0.591607978,-0.712547841,4,0
9,5,53,30.0,1.0,5,20,1,1,5.0,20.0,0.760638829,0.846150561,1,0
9,5,53,30.0,1.0,5,20,1,1,5.0,20.0,-1.943854786,-1.157890242,14,0
9,5,53,30.0,1.0,5,20,1,1,5.0,20.0,0.084515425,0.846150561,15,0
9,5,53,30.0,1.0,5,20,1,1,5.0,20.0,0.591607978,1.068821762,1,0
9,5,53,30.0,1.0,5,20,1,1,5.0,20.0,-0.253546276,-0.712547841,12,0
9,5,53,30.0,1.0,5,20,1,1,5.0,20.0,1.436762233,1.514164162,6,0
9,5,53,30.0,1.0,5,20,1,1,5.0,20.0,0.422577127,0.623479361,5,0
9,5,53,30.0,1.0,5,20,1,1,5.0,20.0,0.92966968,1.514164162,13,0
9,5,53,30.0,1.0,5,20,1,1,5.0,20.0,-1.098700531,-0.935219041,2,0
9,5,53,30.0,1.0,5,20,1,1,5.0,20.0,0.253546276,-0.04453424,4,0
9,6,54,30.0,1.0,6,21,1,1,38.1,9.52,0.264867308,-0.14073765,4,0
9,6,54,30.0,1.0,6,21,2,1,38.1,9.52,0.982572271,1.223334954,1,0
9,6,54,30.0,1.0,6,21,1,2,38.1,9.52,0.982572271,0.99598952,1,0
9,6,54,30.0,1.0,6,21,2,1,38.1,9.52,1.700277234,-1.050119385,16,1
9,6,54,30.0,1.0,6,21,1,1,38.1,9.52,0.623719789,0.99598952,1,0
9,6,54,30.0,1.0,6,21,1,1,38.1,9.52,-0.452837655,-0.822773951,12,0
9,6,54,30.0,1.0,6,21,2,1,38.1,9.52,-0.811690137,-1.732155687,7,0
9,6,54,30.0,1.0,6,21,1,1,38.1,9.52,-1.170542618,-0.822773951,2,0
9,6,54,30.0,1.0,6,21,1,1,38.1,9.52,-0.811690137,-0.368083084,17,0
9,6,54,30.0,1.0,6,21,2,1,38.1,9.52,-2.067673822,-1.504810253,3,0
9,6,54,30.0,1.0,6,21,2,1,38.1,9.52,0.982572271,1.678025822,13,0
9,6,54,30.0,1.0,6,21,1,1,38.1,9.52,-1.170542618,-0.595428518,17,0
9,6,54,30.0,1.0,6,21,1,1,38.1,9.52,0.80314603,0.99598952,1,0
9,6,54,30.0,1.0,6,21,1,1,38.1,9.52,-0.452837655,-0.595428518,12,0
9,6,54,30.0,1.0,6,21,1,1,38.1,9.52,0.982572271,0.313953218,10,0
9,6,54,30.0,1.0,6,21,2,1,38.1,9.52,-1.170542618,-0.822773951,2,0
9,6,54,30.0,1.0,6,21,2,1,38.1,9.52,0.623719789,0.541298652,10,0
9,6,54,30.0,1.0,6,21,1,1,38.1,9.52,0.982572271,1.223334954,1,0
9,6,54,30.0,1.0,6,21,1,1,38.1,9.52,0.085441067,0.541298652,5,0
9,6,54,30.0,1.0,6,21,2,1,38.1,9.52,-0.093985174,0.768644086,15,0
9,6,54,30.0,1.0,6,21,1,2,38.1,9.52,-0.811690137,-0.822773951,8,0
9,6,55,20.0,0.0,6,20,1,1,30.0,5.0,1.747670653,0.2586159,9,0
9,6,55,20.0,0.0,6,20,1,1,30.0,5.0,-0.865668641,-1.219189244,8,0
9,6,55,20.0,0.0,6,20,2,1,30.0,5.0,-1.845670876,-1.588640531,3,0
9,6,55,20.0,0.0,6,20,2,1,30.0,5.0,-0.702334935,-0.110835386,17,0
9,6,55,20.0,0.0,6,20,1,1,30.0,5.0,0.767668417,0.628067187,1,0
9,6,55,20.0,0.0,6,20,2,1,30.0,5.0,-1.68233717,-1.773366174,3,0
9,6,55,20.0,0.0,6,20,2,1,30.0,5.0,-1.355669759,-0.849737958,2,0
9,6,55,20.0,0.0,6,20,1,1,30.0,5.0,-0.212333818,0.443341543,11,0
9,6,55,20.0,0.0,6,20,2,1,30.0,5.0,0.604334712,1.182244116,1,0
9,6,55,20.0,0.0,6,20,1,1,30.0,5.0,0.931002123,0.2586159,10,0
9,6,55,20.0,0.0,6,20,1,1,30.0,5.0,0.2776673,-0.665012315,4,0
9,6,55,20.0,0.0,6,20,1,1,30.0,5.0,0.931002123,1.182244116,1,0
9,6,55,20.0,0.0,6,20,1,1,30.0,5.0,1.257669535,0.81279283,9,0
9,6,55,20.0,0.0,6,20,1,1,30.0,5.0,-0.539001229,-0.665012315,12,0
9,6,55,20.0,0.0,6,20,1,1,30.0,5.0,0.767668417,0.443341543,10,0
9,6,55,20.0,0.0,6,20,1,1,30.0,5.0,-0.539001229,-1.403914888,8,0
9,6,55,20.0,0.0,6,20,1,1,30.0,5.0,0.931002123,1.551695402,13,0
9,6,55,20.0,0.0,6,20,1,2,30.0,5.0,-0.212333818,0.073890257,0,0
9,6,55,20.0,0.0,6,20,2,1,30.0,5.0,0.114333594,1.182244116,15,0
9,6,55,20.0,0.0,6,20,1,1,30.0,5.0,-0.375667523,0.2586159,11,0
