School,Teacher,Teacher ID,Teacher Age Group,Experience,Grade,Class size,Income Type,Ethnicity,% of low,% of multi,AveAca,AveSocio,Cluster,Gifted_Prob,Gifted
1,2,2,20.0,0.0,4,19,1,1,15.78,5.26,3.324897818,0.051130535,1,0.9999995939115721,1
8,1,42,30.0,1.0,3,16,1,1,18.75,18.75,2.06271852,-1.293768152,1,0.9999959258702359,1
3,3,14,20.0,0.0,5,23,1,2,26.09,4.3,1.699459926,-1.765254777,1,0.9999945182232347,1
4,3,20,,,4,22,1,1,13.64,13.64,2.439827024,-0.324684513,1,0.9999728451222063,1
8,6,47,50.0,3.0,6,21,1,1,23.81,0.0,-0.964125441,2.011374212,1,0.9998675366966381,1
9,6,54,30.0,1.0,6,21,2,1,38.1,9.52,1.700277234,-1.050119385,1,0.9998259604164481,1
7,6,39,40.0,2.0,6,21,1,1,19.05,4.76,3.321224827,2.823419578,1,0.9998116462721401,1
4,1,18,30.0,1.0,3,25,1,1,20.0,8.0,0.439025056,2.542119316,1,0.9998044062860887,1
8,6,47,50.0,3.0,6,21,1,1,23.81,0.0,1.089880934,-1.749620034,1,0.9993935210388992,1
7,4,37,30.0,1.0,4,21,2,1,23.8,0.0,1.076183912,-1.745944312,1,0.9993208099327605,1
2,3,8,50.0,2.0,4,19,1,2,10.53,78.95,2.180166278,2.383019724,1,0.9987495687367995,1
8,4,45,30.0,1.0,4,18,1,1,16.67,11.11,2.467616246,1.973478215,1,0.998594244846833,1
5,6,26,30.0,1.0,5,22,1,1,4.54,9.09,2.426560031,1.56150596,1,0.9983465802853648,1
1,1,1,40.0,2.0,6,20,1,1,5.0,10.0,2.128233796,0.522471667,1,0.9983164770039115,1
2,3,8,50.0,2.0,4,19,1,2,10.53,78.95,2.180166278,2.187013773,1,0.9982450661197285,1
4,1,18,30.0,1.0,3,25,1,1,20.0,8.0,2.268296125,1.040867752,1,0.9980204639354555,1
2,6,11,30.0,1.0,6,20,1,1,15.0,20.0,1.948220044,2.229923946,1,0.9979968248841249,1
6,5,33,40.0,2.0,6,20,1,1,10.0,15.0,1.816480929,2.256810519,1,0.9979676311590834,0
1,3,3,20.0,0.0,6,21,1,1,19.05,9.52,2.077745633,0.622978026,1,0.9975654810377346,0
1,2,2,20.0,0.0,4,19,1,1,15.78,5.26,0.243285206,1.994090869,1,0.9975406815728797,0
7,2,35,30.0,1.0,3,21,1,1,14.29,4.76,2.084500914,0.828120078,1,0.9969378433500335,0
8,7,48,40.0,2.0,6,20,2,1,20.0,20.0,1.47458852,2.129129105,1,0.9968651845999843,0
4,2,19,30.0,1.0,4,22,1,1,22.73,9.09,1.182943036,2.088059178,1,0.9964571903649878,0
9,2,50,20.0,0.0,3,20,1,1,15.0,15.0,2.070550528,1.641009868,1,0.996241309375376,0
6,5,33,40.0,2.0,6,20,1,1,10.0,15.0,0.695196405,-1.974709204,1,0.9962147654745951,0
6,2,30,30.0,1.0,4,23,1,1,8.7,13.04,0.94724995,2.042862196,1,0.9961588291496069,0
3,4,15,30.0,1.0,5,20,2,1,35.0,5.0,0.461682691,1.949618572,1,0.9960728818504957,0
6,3,31,20.0,0.0,5,22,1,1,13.64,4.55,1.506459555,2.023433044,1,0.9958973445164832,0
9,5,53,30.0,1.0,5,20,1,1,5.0,20.0,1.774823935,0.17813696,1,0.9957497546893943,0
8,7,48,40.0,2.0,6,20,1,1,20.0,20.0,1.747660468,1.91514628,1,0.9956347893234826,0
3,4,15,30.0,1.0,5,20,1,1,35.0,5.0,1.645484463,1.949618572,1,0.9955315605040643,0
7,3,36,30.0,1.0,4,22,1,1,27.27,9.1,1.975097707,1.652135511,1,0.995520064891196,0
8,1,42,30.0,1.0,3,16,1,1,18.75,18.75,0.943955933,1.991992235,1,0.9954004844982737,0
8,2,43,40.0,2.0,3,16,1,2,25.0,25.0,1.593917212,1.949572789,1,0.9953581143844618,0
5,2,22,40.0,2.0,3,19,1,1,21.05,21.06,1.292518596,-0.826423866,1,0.9953372368501557,0
5,1,21,30.0,1.0,3,21,1,1,23.81,23.81,1.738755233,0.146673312,1,0.9952874238755037,0
1,3,3,20.0,0.0,6,21,1,1,19.05,9.52,1.817252151,0.450839361,1,0.9946041949558326,0
9,6,55,20.0,0.0,6,20,1,1,30.0,5.0,1.747670653,0.2586159,1,0.9945468887806157,0
5,3,23,50.0,3.0,4,20,1,1,10.0,10.0,1.874902709,1.612624773,1,0.9944389680178731,0
6,1,29,40.0,2.0,3,23,1,1,8.7,26.08,0.96223045,1.917939806,1,0.994044121537228,0
9,2,50,20.0,0.0,3,20,1,1,15.0,15.0,1.129391197,1.914511512,1,0.9939224646814926,0
8,7,48,40.0,2.0,6,20,1,1,20.0,20.0,1.884196442,0.845232157,1,0.993824789101737,0
7,8,41,30.0,1.0,6,21,1,1,19.05,0.0,1.661858499,1.767031609,1,0.9938048388472063,0
3,1,12,40.0,2.0,3,20,1,1,20.0,10.0,1.3880028,1.87644537,1,0.9937670919040048,0
5,5,25,40.0,2.0,5,22,1,1,18.18,9.09,1.843938509,1.521701916,1,0.993618992261365,0
7,1,34,30.0,1.0,3,23,2,1,8.7,4.35,1.705366796,0.262491885,1,0.993462001608874,0
2,5,10,20.0,0.0,6,19,1,1,15.79,42.1,1.889335099,1.276282829,1,0.9934042774593913,0
3,6,17,30.0,1.0,4,22,1,1,9.1,9.09,1.848280305,1.443169773,1,0.99329312121734,0
9,1,49,30.0,1.0,3,21,1,1,9.52,19.05,1.162402032,1.865489609,1,0.9930216626235272,0
5,2,22,40.0,2.0,3,19,1,1,21.05,21.06,1.832251636,1.416726628,1,0.9929475615022315,0
4,3,20,,,4,22,1,1,13.64,13.64,1.626551349,1.684300911,1,0.9926069367574625,0
8,5,46,30.0,1.0,5,22,1,1,22.73,9.09,1.650074142,0.21683696,1,0.9923143875645101,0
3,6,17,30.0,1.0,4,22,1,1,9.1,9.09,1.71273975,1.562980094,1,0.9922892159518331,0
5,1,21,30.0,1.0,3,21,1,1,23.81,23.81,1.395902089,1.777335427,1,0.9921999862031307,0
8,2,43,40.0,2.0,3,16,2,2,25.0,25.0,1.432507874,1.762787372,1,0.9921764812062436,0
1,4,4,40.0,2.0,5,21,1,1,33.33,4.76,1.819669636,1.234195622,1,0.9921035306026154,0
6,4,32,30.0,1.0,5,23,1,1,26.09,26.09,1.733573645,1.508017665,1,0.9920973199952922,0
1,3,3,20.0,0.0,6,21,1,1,19.05,9.52,0.905524962,1.827948683,1,0.9920556704947955,0
9,4,52,20.0,0.0,4,25,1,2,16.0,16.0,1.613000283,1.627925319,1,0.9917985308065599,0
9,4,52,20.0,0.0,4,25,1,2,16.0,16.0,1.613000283,1.627925319,1,0.9917985308065599,0
9,4,52,20.0,0.0,4,25,1,1,16.0,16.0,1.613000283,1.627925319,1,0.9917985308065599,0
7,4,37,30.0,1.0,4,21,1,1,23.8,0.0,1.761028219,0.698377725,1,0.9915620086780742,0
7,5,38,30.0,1.0,5,21,1,1,23.8,9.5,1.263581677,-0.659436474,1,0.9915004462712571,0
7,8,41,30.0,1.0,6,21,2,1,19.05,0.0,1.661858499,1.527627326,1,0.9912751137343981,0
2,1,6,40.0,2.0,3,22,1,2,13.64,77.27,1.442685739,1.697616274,1,0.9911514005387948,0
2,4,9,40.0,2.0,5,20,1,2,5.0,70.0,1.627338345,1.552451475,1,0.9910732554439029,0
1,5,5,30.0,1.0,5,20,1,1,36.84,5.2,1.68103666,1.432968885,1,0.9906544506595545,0
8,1,42,30.0,1.0,3,16,1,1,18.75,18.75,0.104883993,1.663416196,1,0.9902227568290833,0
9,3,51,20.0,0.0,4,24,1,1,29.17,4.17,1.364891332,1.679301719,1,0.9901437452529827,0
1,1,1,40.0,2.0,6,20,1,1,5.0,10.0,1.406798611,1.65827964,1,0.990111190200828,0
7,3,36,30.0,1.0,4,22,1,1,27.27,9.1,1.410784076,1.652135511,1,0.9900325140746875,0
6,1,29,40.0,2.0,3,23,1,1,8.7,26.08,1.699940461,1.30526459,1,0.9900093661243323,0
6,4,32,30.0,1.0,5,23,1,2,26.09,26.09,1.574720283,1.508017665,1,0.9897560923986921,0
7,2,35,30.0,1.0,3,21,1,1,14.29,4.76,1.700513904,1.262883119,1,0.9897551974025588,0
8,3,44,30.0,1.0,4,22,1,1,27.27,18.18,1.700345214,1.23224982,1,0.9895780220104222,0
8,6,47,50.0,3.0,6,21,1,1,23.81,0.0,1.089880934,1.722066963,1,0.9894146240575894,0
6,2,30,30.0,1.0,4,23,1,2,8.7,13.04,1.716194027,0.90381176,1,0.9894125837174754,0
2,2,7,40.0,2.0,3,19,1,1,5.26,63.15,1.686440038,1.230454395,1,0.9892410507289204,0
7,1,34,30.0,1.0,3,23,1,1,8.7,4.35,1.227032207,1.683036204,1,0.9891340756835026,0
7,1,34,30.0,1.0,3,23,1,1,8.7,4.35,1.705366796,0.972764044,1,0.9890143975488711,0
3,1,12,40.0,2.0,3,20,1,1,20.0,10.0,1.550342308,1.48140424,1,0.9889923484319861,0
2,4,9,40.0,2.0,5,20,2,1,5.0,70.0,1.627338345,0.481795285,1,0.9886497436131978,0
1,4,4,40.0,2.0,5,21,1,1,33.33,4.76,0.772736421,1.705433951,1,0.9882914340429041,0
3,2,13,,,4,22,1,1,40.9,13.64,1.644064441,1.234727789,1,0.9882319327264197,0
7,7,40,20.0,0.0,6,22,1,1,22.73,4.55,1.674837246,0.964716126,1,0.9880636652123026,0
5,4,24,20.0,0.0,4,19,1,1,5.26,0.0,0.963083378,1.691777608,1,0.9880184497481054,0
8,4,45,30.0,1.0,4,18,2,1,16.67,11.11,1.062012055,1.677456483,1,0.9879492526938345,0
7,8,41,30.0,1.0,6,21,1,1,19.05,0.0,1.661858499,1.048818761,1,0.9877809719723044,0
5,5,25,40.0,2.0,5,22,1,2,18.18,9.09,1.644102809,1.151785428,1,0.9876882206450499,0
9,5,53,30.0,1.0,5,20,1,1,5.0,20.0,1.436762233,1.514164162,1,0.987677546868642,0
6,3,31,20.0,0.0,5,22,1,1,13.64,4.55,1.179936302,1.641325516,1,0.98764238637716,0
9,6,54,30.0,1.0,6,21,2,1,38.1,9.52,0.982572271,1.678025822,1,0.9876124378046847,0
4,2,19,30.0,1.0,4,22,1,1,22.73,9.09,1.182943036,1.637693473,1,0.9875627472745215,0
4,2,19,30.0,1.0,4,22,1,1,22.73,9.09,1.182943036,1.637693473,1,0.9875627472745215,0
1,1,1,40.0,2.0,6,20,1,1,5.0,10.0,0.925841821,1.65827964,1,0.9866907217981004,0
4,3,20,,,4,22,1,1,13.64,13.64,1.626551349,0.7914185,1,0.9865519078129306,0
8,5,46,30.0,1.0,5,22,1,1,22.73,9.09,1.244469325,1.579812135,1,0.9865347645699359,0
9,3,51,20.0,0.0,4,24,1,1,29.17,4.17,1.364891332,1.507798564,1,0.9863808596023611,0
3,3,14,20.0,0.0,5,23,1,1,26.09,4.3,1.557323277,1.215927242,1,0.9857091746316856,0
9,2,50,20.0,0.0,3,20,1,1,15.0,15.0,0.658811531,1.641009868,1,0.9856609419735325,0
1,5,5,30.0,1.0,5,20,1,1,36.84,5.2,1.409209455,1.432968885,1,0.9855184625392144,0
9,2,50,20.0,0.0,3,20,1,1,15.0,15.0,1.599970862,0.820504934,1,0.9853980614473411,0
3,6,17,30.0,1.0,4,22,1,1,9.1,9.09,1.170577527,1.562980094,1,0.9851442686619121,0
5,1,21,30.0,1.0,3,21,1,1,23.81,23.81,1.053048944,1.596150748,1,0.9850981241854501,0
3,2,13,,,4,22,1,1,40.9,13.64,1.527764062,1.234727789,1,0.9850660328269286,0
6,3,31,20.0,0.0,5,22,1,1,13.64,4.55,1.506459555,1.259217988,1,0.984779522204707,0
5,4,24,20.0,0.0,4,19,1,1,5.26,0.0,1.573036185,0.98141795,1,0.9844759446066368,0
9,1,49,30.0,1.0,3,21,1,1,9.52,19.05,0.599084124,1.614366008,1,0.9844328289164804,0
1,4,4,40.0,2.0,5,21,1,1,33.33,4.76,1.557936332,0.605877851,1,0.9844245930260856,0
3,4,15,30.0,1.0,5,20,2,1,35.0,5.0,1.408724109,1.380386872,1,0.9843842897603845,0
3,2,13,,,4,22,1,2,40.9,13.64,1.411463684,1.369203093,1,0.9842118079760515,0
3,6,17,30.0,1.0,4,22,1,1,9.1,9.09,1.170577527,-0.59360568,1,0.9841574537249399,0
9,3,51,20.0,0.0,4,24,2,1,29.17,4.17,1.522378794,1.164792256,1,0.984051656767344,0
6,1,29,40.0,2.0,3,23,1,2,8.7,26.08,1.208133787,1.509489662,1,0.983921009668007,0
6,1,29,40.0,2.0,3,23,1,1,8.7,26.08,1.208133787,1.509489662,1,0.983921009668007,0
8,3,44,30.0,1.0,4,22,2,1,27.27,18.18,0.586076435,1.60361278,1,0.9838850989840525,0
4,1,18,30.0,1.0,3,25,1,1,20.0,8.0,1.222998372,-0.460383813,1,0.9838527406024768,0
3,3,14,20.0,0.0,5,23,1,1,26.09,4.3,1.557323277,0.790044096,1,0.9835625671291797,0
3,1,12,40.0,2.0,3,20,1,1,20.0,10.0,1.550342308,0.691321979,1,0.983533188155337,0
9,1,49,30.0,1.0,3,21,1,2,9.52,19.05,1.537947304,0.609871603,1,0.983371857863946,0
5,6,26,30.0,1.0,5,22,1,1,4.54,9.09,1.000261387,1.56150596,1,0.983265514231585,0
2,5,10,20.0,0.0,6,19,1,2,15.79,42.1,-0.085020079,1.498754148,1,0.9830015169409071,0
8,3,44,30.0,1.0,4,22,1,1,27.27,18.18,1.54116396,0.860886861,1,0.9827969079750793,0
9,4,52,20.0,0.0,4,25,1,1,16.0,16.0,1.382571671,1.337224369,1,0.9827753282335331,0
6,2,30,30.0,1.0,4,23,1,1,8.7,13.04,1.203564642,1.473336978,1,0.9826525577723422,0
6,2,30,30.0,1.0,4,23,1,1,8.7,13.04,1.203564642,1.473336978,1,0.9826525577723422,0
9,1,49,30.0,1.0,3,21,1,1,9.52,19.05,1.537947304,0.860995204,1,0.9826478573075428,0
1,2,2,20.0,0.0,4,19,1,1,15.78,5.26,-0.013515845,1.508350786,1,0.9826402074498854,0
9,6,55,20.0,0.0,6,20,1,1,30.0,5.0,0.931002123,1.551695402,1,0.9822201240798217,0
4,3,20,,,4,22,1,1,13.64,13.64,-0.203318919,1.461080308,1,0.9820454225588502,0
1,4,4,40.0,2.0,5,21,1,1,33.33,4.76,0.903603073,1.548354508,1,0.9818386770064365,0
5,7,27,30.0,1.0,6,24,1,1,16.67,0.0,1.23202463,1.413357648,1,0.981209513014559,0
7,7,40,20.0,0.0,6,22,1,1,22.73,4.55,-0.046958054,1.482368682,1,0.9811082990155734,0
8,7,48,40.0,2.0,6,20,1,1,20.0,20.0,1.47458852,1.059214982,1,0.9810591114486763,0
1,4,4,40.0,2.0,5,21,1,1,33.33,4.76,0.772736421,1.548354508,1,0.9810141245992846,0
4,1,18,30.0,1.0,3,25,1,1,20.0,8.0,1.48432281,0.540450563,1,0.9808656824194122,0
6,4,32,30.0,1.0,5,23,1,1,26.09,26.09,1.415866921,1.180806285,1,0.9805577022725636,0
7,5,38,30.0,1.0,5,21,1,1,23.8,9.5,1.496346723,0.783080813,1,0.9805017547762165,0
9,5,53,30.0,1.0,5,20,1,1,5.0,20.0,0.92966968,1.514164162,1,0.9804003477696028,0
2,4,9,40.0,2.0,5,20,1,2,5.0,70.0,1.317369136,1.284787427,1,0.9795672042881726,0
2,4,9,40.0,2.0,5,20,1,2,5.0,70.0,1.317369136,1.284787427,1,0.9795672042881726,0
1,2,2,20.0,0.0,4,19,1,1,15.78,5.26,0.243285206,1.508350786,1,0.979489406909883,0
6,5,33,40.0,2.0,6,20,1,1,10.0,15.0,1.367967119,1.198930588,1,0.9791585232977951,0
4,3,20,,,4,22,1,1,13.64,13.64,1.016594593,1.461080308,1,0.9789620054208859,0
6,2,30,30.0,1.0,4,23,1,1,8.7,13.04,1.459879335,0.90381176,1,0.978957153781701,0
7,6,39,40.0,2.0,6,21,1,1,19.05,4.76,0.586098499,1.52030285,1,0.978799631031657,0
3,3,14,20.0,0.0,5,23,1,1,26.09,4.3,1.415186629,1.073966193,1,0.9786938616101443,0
2,2,7,40.0,2.0,3,19,1,1,5.26,63.15,1.41604037,1.06922244,1,0.978657874491816,0
5,8,28,20.0,0.0,6,24,1,1,16.67,0.0,1.196090046,1.362691022,1,0.9785690409702589,0
4,3,20,,,4,22,1,1,13.64,13.64,-4.51e-16,1.461080308,1,0.9785381435280701,0
2,1,6,40.0,2.0,3,22,1,1,13.64,77.27,1.442685739,0.90298738,1,0.9780409948720621,0
8,4,45,30.0,1.0,4,18,2,1,16.67,11.11,-0.343592135,1.381434751,1,0.9775880062012837,0
7,4,37,30.0,1.0,4,21,1,1,23.8,0.0,1.418606065,0.969969062,1,0.9774192011037939,0
2,5,10,20.0,0.0,6,19,2,1,15.79,42.1,0.632927258,1.498754148,1,0.9774001070733006,0
1,5,5,30.0,1.0,5,20,1,1,36.84,5.2,1.001468649,1.432968885,1,0.9773219868437024,0
2,6,11,30.0,1.0,6,20,1,1,15.0,20.0,0.82208129,1.477207002,1,0.97724522487114,0
5,2,22,40.0,2.0,3,19,1,1,21.05,21.06,1.022652076,1.416726628,1,0.9769059163304716,0
5,2,22,40.0,2.0,3,19,2,1,21.05,21.06,1.022652076,1.416726628,1,0.9769059163304716,0
5,3,23,50.0,3.0,4,20,1,1,10.0,10.0,1.089603145,1.382249806,1,0.9767146476041174,0
3,3,14,20.0,0.0,5,23,2,1,26.09,4.3,1.130913332,1.35788829,1,0.9766690004606653,0
7,4,37,30.0,1.0,4,21,1,1,23.8,0.0,1.418606065,0.698377725,1,0.9758094016017579,0
1,3,3,20.0,0.0,6,21,1,1,19.05,9.52,1.166018445,1.311532687,1,0.9757287923302577,0
5,8,28,20.0,0.0,6,24,1,1,16.67,0.0,1.373288572,1.012909369,1,0.9756844494151665,0
4,2,19,30.0,1.0,4,22,1,1,22.73,9.09,1.346620689,1.037205866,1,0.9747499362816213,0
2,5,10,20.0,0.0,6,19,1,1,15.79,42.1,1.171387762,1.276282829,1,0.9744658971932738,0
6,4,32,30.0,1.0,5,23,1,1,26.09,26.09,1.257013559,1.180806285,1,0.9742620430666825,0
7,5,38,30.0,1.0,5,21,1,1,23.8,9.5,1.030816632,1.360087728,1,0.974191259414453,0
8,5,46,30.0,1.0,5,22,2,1,22.73,9.09,1.041666916,1.352649606,1,0.9740822070170906,0
6,5,33,40.0,2.0,6,20,1,1,10.0,15.0,1.367967119,0.846303945,1,0.9731024897716573,0
8,3,44,30.0,1.0,4,22,1,1,27.27,18.18,0.745257689,1.4179313,1,0.9724103638871598,0
3,6,17,30.0,1.0,4,22,1,1,9.1,9.09,1.035036971,1.323359453,1,0.9723573066041118,0
2,1,6,40.0,2.0,3,22,1,2,13.64,77.27,0.300991989,1.432739976,1,0.97235049048399,0
8,6,47,50.0,3.0,6,21,1,1,23.81,0.0,0.796451452,-1.171005535,1,0.971573373144742,0
7,1,34,30.0,1.0,3,23,1,1,8.7,4.35,0.987864912,1.327900124,1,0.9712712823463445,0
7,1,34,30.0,1.0,3,23,1,1,8.7,4.35,0.987864912,1.327900124,1,0.9712712823463445,0
7,5,38,30.0,1.0,5,21,1,1,23.8,9.5,1.263581677,1.07158427,1,0.9712173165623089,0
2,3,8,50.0,2.0,4,19,1,2,10.53,78.95,0.670820393,1.402989967,1,0.9703801519366944,0
3,5,16,30.0,1.0,5,22,1,1,18.18,4.55,0.990769781,1.310510728,1,0.9703305181647291,0
5,3,23,50.0,3.0,4,20,2,2,10.0,10.0,0.696953363,1.382249806,1,0.9689804872801554,0
8,2,43,40.0,2.0,3,16,1,1,25.0,25.0,0.625461185,1.389216538,1,0.9687261231299564,0
2,6,11,30.0,1.0,6,20,1,1,15.0,20.0,1.272536792,0.912669294,1,0.9676609664514659,0
1,5,5,30.0,1.0,5,20,1,1,36.84,5.2,1.137382251,1.137029659,1,0.9670242414160466,0
3,5,16,30.0,1.0,5,22,1,1,18.18,4.55,1.141093471,1.124502754,1,0.9666513818652791,0
9,2,50,20.0,0.0,3,20,1,1,15.0,15.0,1.129391197,-0.273501645,1,0.9664992599033709,0
7,3,36,30.0,1.0,4,22,1,1,27.27,9.1,1.034574989,1.216842322,1,0.9663803365303989,0
8,5,46,30.0,1.0,5,22,1,1,22.73,9.09,0.636062099,1.352649606,1,0.9655078934225367,0
5,8,28,20.0,0.0,6,24,1,1,16.67,0.0,1.018891521,-0.561108068,1,0.965386834914709,0
7,5,38,30.0,1.0,5,21,1,1,23.8,9.5,0.56528654,1.360087728,1,0.9653752355845838,0
2,6,11,30.0,1.0,6,20,1,1,15.0,20.0,1.272536792,0.348131587,1,0.9653079517635786,0
9,6,54,30.0,1.0,6,21,1,1,38.1,9.52,0.982572271,1.223334954,1,0.9646340200498221,0
9,6,54,30.0,1.0,6,21,2,1,38.1,9.52,0.982572271,1.223334954,1,0.9646340200498221,0
9,6,55,20.0,0.0,6,20,1,1,30.0,5.0,1.257669535,0.81279283,1,0.9645211182640087,0
2,2,7,40.0,2.0,3,19,1,1,5.26,63.15,1.145640701,1.06922244,1,0.964465320485197,0
5,6,26,30.0,1.0,5,22,1,1,4.54,9.09,0.592747488,1.345448531,1,0.9642259241244407,0
6,2,30,30.0,1.0,4,23,1,1,8.7,13.04,1.203564642,0.049523932,1,0.9638658852720129,0
5,5,25,40.0,2.0,5,22,1,1,18.18,9.09,0.045417205,1.336743672,1,0.9637824021300853,0
2,6,11,30.0,1.0,6,20,2,1,15.0,20.0,1.272536792,0.536310822,1,0.9636721342880427,0
2,1,6,40.0,2.0,3,22,2,2,13.64,77.27,1.214346989,0.108358486,1,0.963492499525471,0
7,5,38,30.0,1.0,5,21,1,1,23.8,9.5,1.263581677,0.494577356,1,0.9628655086121706,0
7,1,34,30.0,1.0,3,23,1,1,8.7,4.35,0.031195734,1.327900124,1,0.962765629851302,0
5,6,26,30.0,1.0,5,22,1,1,4.54,9.09,1.204018336,0.913333675,1,0.9626672781444051,0
8,3,44,30.0,1.0,4,22,1,1,27.27,18.18,0.904438943,1.23224982,1,0.9621562756587034,0
5,5,25,40.0,2.0,5,22,1,1,18.18,9.09,0.445088606,1.336743672,1,0.9618741831974489,0
1,3,3,20.0,0.0,6,21,1,1,19.05,9.52,0.64503148,1.311532687,1,0.9616451641645937,0
5,1,21,30.0,1.0,3,21,1,1,23.81,23.81,0.881622372,1.233781389,1,0.961401854434754,0
7,7,40,20.0,0.0,6,22,1,1,22.73,4.55,1.158298656,0.964716126,1,0.961000227270752,0
4,2,19,30.0,1.0,4,22,1,1,22.73,9.09,1.182943036,0.887083965,1,0.9601899071227168,0
6,4,32,30.0,1.0,5,23,2,1,26.09,26.09,0.939306836,1.180806285,1,0.9598206112921013,0
1,3,3,20.0,0.0,6,21,2,1,19.05,9.52,0.514784739,1.311532687,1,0.9595877108207077,0
9,6,55,20.0,0.0,6,20,1,1,30.0,5.0,0.931002123,1.182244116,1,0.9595399842449415,0
5,4,24,20.0,0.0,4,19,1,1,5.26,0.0,0.963083378,1.159007864,1,0.9594099671203017,0
5,7,27,30.0,1.0,6,24,1,1,16.67,0.0,1.23202463,0.55096993,1,0.9592969765249926,0
7,1,34,30.0,1.0,3,23,1,1,8.7,4.35,1.227032207,0.617627965,1,0.9590581113500016,0
6,3,31,20.0,0.0,5,22,1,1,13.64,4.55,1.179936302,0.112895406,1,0.9586355201818842,0
3,5,16,30.0,1.0,5,22,1,1,18.18,4.55,0.990769781,1.124502754,1,0.9585076636437356,0
7,8,41,30.0,1.0,6,21,1,1,19.05,0.0,1.222877009,0.570010196,1,0.9583244289653912,0
5,7,27,30.0,1.0,6,24,1,1,16.67,0.0,1.098832778,0.982163789,1,0.9573405696223222,0
9,3,51,20.0,0.0,4,24,1,1,29.17,4.17,0.892428948,1.164792256,1,0.9563434623429642,0
2,2,7,40.0,2.0,3,19,1,2,5.26,63.15,1.010440867,1.06922244,1,0.9560597243732774,0
5,1,21,30.0,1.0,3,21,2,1,23.81,23.81,0.7101958,1.233781389,1,0.9553052849422178,0
7,6,39,40.0,2.0,6,21,1,1,19.05,4.76,0.976830831,1.085930607,1,0.9550500241383219,0
4,2,19,30.0,1.0,4,22,1,1,22.73,9.09,1.182943036,0.286596358,1,0.9549771629603271,0
3,2,13,,,4,22,1,1,40.9,13.64,1.178862927,0.696826574,1,0.9548993768492545,0
3,2,13,,,4,22,1,1,40.9,13.64,1.178862927,0.293400663,1,0.9542801433967776,0
7,8,41,30.0,1.0,6,21,1,1,19.05,0.0,1.003386263,1.048818761,1,0.9542679750403663,0
9,3,51,20.0,0.0,4,24,1,1,29.17,4.17,1.049916409,0.993289102,1,0.9542288856044175,0
5,3,23,50.0,3.0,4,20,1,1,10.0,10.0,1.089603145,0.92149987,1,0.9536932180663726,0
7,3,36,30.0,1.0,4,22,1,1,27.27,9.1,1.034574989,0.999195728,1,0.9534077665904117,0
7,2,35,30.0,1.0,3,21,1,1,14.29,4.76,1.124533388,0.828120078,1,0.9529552751514492,0
1,5,5,30.0,1.0,5,20,1,1,36.84,5.2,0.865555046,1.137029659,1,0.9526173013491493,0
1,4,4,40.0,2.0,5,21,1,1,33.33,4.76,1.165336376,0.291718965,1,0.9523307864278321,0
4,1,18,30.0,1.0,3,25,1,1,20.0,8.0,0.961673933,1.040867752,1,0.9508157711481443,0
3,5,16,30.0,1.0,5,22,1,1,18.18,4.55,1.141093471,0.194462882,1,0.9504966542852344,0
2,1,6,40.0,2.0,3,22,1,1,13.64,77.27,0.757669489,1.167863678,1,0.9502332746160598,0
5,7,27,30.0,1.0,6,24,1,1,16.67,0.0,0.832449074,1.125895075,1,0.9498016951475378,0
8,6,47,50.0,3.0,6,21,1,1,23.81,0.0,0.796451452,1.143452463,1,0.9496015480657377,0
9,6,54,30.0,1.0,6,21,1,2,38.1,9.52,0.982572271,0.99598952,1,0.9491805998428225,0
9,4,52,20.0,0.0,4,25,1,1,16.0,16.0,1.152143059,0.46512152,1,0.9490948576891968,0
5,8,28,20.0,0.0,6,24,1,1,16.67,0.0,0.66449447,1.187800195,1,0.948554260635998,0
4,3,20,,,4,22,1,1,13.64,13.64,-4.51e-16,1.237859706,1,0.9485161542462751,0
8,2,43,40.0,2.0,3,16,1,1,25.0,25.0,1.109689198,0.08171862,1,0.9483767122310074,0
7,7,40,20.0,0.0,6,22,2,1,22.73,4.55,0.986119126,0.964716126,1,0.9473235535988598,0
2,2,7,40.0,2.0,3,19,1,2,5.26,63.15,0.875241032,1.06922244,1,0.9471670788787545,0
9,6,55,20.0,0.0,6,20,2,1,30.0,5.0,0.604334712,1.182244116,1,0.9456147560501937,0
5,4,24,20.0,0.0,4,19,1,1,5.26,0.0,0.658106975,1.159007864,1,0.9447794790831109,0
7,4,37,30.0,1.0,4,21,1,1,23.8,0.0,1.076183912,0.698377725,1,0.9428920038228258,0
5,8,28,20.0,0.0,6,24,1,1,16.67,0.0,1.018891521,0.838018543,1,0.9425426641601485,0
7,5,38,30.0,1.0,5,21,2,1,23.8,9.5,0.798051586,1.07158427,1,0.9422785756043306,0
9,3,51,20.0,0.0,4,24,1,2,29.17,4.17,0.892428948,0.993289102,1,0.9416834991660131,0
9,3,51,20.0,0.0,4,24,1,1,29.17,4.17,0.892428948,0.993289102,1,0.9416834991660131,0
3,1,12,40.0,2.0,3,20,1,2,20.0,10.0,1.063323782,0.691321979,1,0.9409880213644635,0
6,4,32,30.0,1.0,5,23,1,1,26.09,26.09,1.098160197,0.362777835,1,0.9408902089345874,0
6,1,29,40.0,2.0,3,23,1,1,8.7,26.08,0.96223045,0.896814446,1,0.9403751403639327,0
2,5,10,20.0,0.0,6,19,1,2,15.79,42.1,0.991900927,0.831340191,1,0.9391732445942125,0
1,5,5,30.0,1.0,5,20,1,1,36.84,5.2,1.001468649,-0.194696859,1,0.9390722507718678,0
7,8,41,30.0,1.0,6,21,1,1,19.05,0.0,0.783895518,1.048818761,1,0.9388475073011981,0
4,3,20,,,4,22,1,1,13.64,13.64,0.813275675,-0.771125718,1,0.93883837327992,0
5,8,28,20.0,0.0,6,24,1,1,16.67,0.0,0.310097419,1.187800195,1,0.9388071807058379,0
8,5,46,30.0,1.0,5,22,2,2,22.73,9.09,1.041666916,-0.01032557,1,0.9386407350065703,0
6,1,29,40.0,2.0,3,23,2,1,8.7,26.08,0.96223045,-0.328535985,1,0.9385095503356267,0
5,6,26,30.0,1.0,5,22,1,1,4.54,9.09,0.592747488,1.129391103,1,0.9378889036951704,0
9,6,55,20.0,0.0,6,20,2,1,30.0,5.0,0.114333594,1.182244116,1,0.9364561993086592,0
9,2,50,20.0,0.0,3,20,1,1,15.0,15.0,0.658811531,1.094006578,1,0.936367219434072,0
8,3,44,30.0,1.0,4,22,1,1,27.27,18.18,0.745257689,1.046568341,1,0.9358508782271614,0
9,1,49,30.0,1.0,3,21,1,1,9.52,19.05,0.599084124,1.112118805,1,0.9356999860621702,0
5,7,27,30.0,1.0,6,24,1,1,16.67,0.0,0.832449074,0.982163789,1,0.9355510052355874,0
5,5,25,40.0,2.0,5,22,1,1,18.18,9.09,0.844760007,0.966827184,1,0.935088544256562,0
9,6,54,30.0,1.0,6,21,1,1,38.1,9.52,0.80314603,0.99598952,1,0.934520186107649,0
3,5,16,30.0,1.0,5,22,1,1,18.18,4.55,0.990769781,0.752486805,1,0.9343551568596274,0
3,5,16,30.0,1.0,5,22,1,1,18.18,4.55,0.990769781,0.752486805,1,0.9343551568596274,0
5,8,28,20.0,0.0,6,24,1,1,16.67,0.0,1.018891521,0.663127716,1,0.9337785453168203,0
2,1,6,40.0,2.0,3,22,1,1,13.64,77.27,0.072653239,1.167863678,1,0.9334964892233873,0
9,4,52,20.0,0.0,4,25,1,1,16.0,16.0,0.691285835,1.04652342,1,0.9320529896342462,0
4,1,18,30.0,1.0,3,25,1,1,20.0,8.0,0.700349495,1.040867752,1,0.9319429083448779,0
3,4,15,30.0,1.0,5,20,1,1,35.0,5.0,0.9352034,-0.327308227,1,0.9316133968398435,0
8,3,44,30.0,1.0,4,22,1,1,27.27,18.18,0.904438943,0.860886861,1,0.9314063443819696,0
5,5,25,40.0,2.0,5,22,1,1,18.18,9.09,0.245252905,1.151785428,1,0.9309537191436352,0
5,5,25,40.0,2.0,5,22,1,1,18.18,9.09,0.245252905,1.151785428,1,0.9309537191436352,0
8,5,46,30.0,1.0,5,22,1,1,22.73,9.09,0.433259691,1.125487077,1,0.930664958736026,0
3,1,12,40.0,2.0,3,20,1,1,20.0,10.0,0.576305256,1.086363109,1,0.9306352579128837,0
1,3,3,20.0,0.0,6,21,1,1,19.05,9.52,1.035771704,0.450839361,1,0.9303902197987888,0
5,6,26,30.0,1.0,5,22,1,1,4.54,9.09,0.388990539,1.129391103,1,0.9298790854092104,0
2,3,8,50.0,2.0,4,19,1,1,10.53,78.95,1.00623059,0.030948308,1,0.9291038514075968,0
9,5,53,30.0,1.0,5,20,1,1,5.0,20.0,0.591607978,1.068821762,1,0.9287919199907191,0
2,1,6,40.0,2.0,3,22,1,2,13.64,77.27,0.986008239,0.638111082,1,0.9277166533662338,0
3,5,16,30.0,1.0,5,22,1,2,18.18,4.55,0.990769781,0.566478831,1,0.9254613993779855,0
8,5,46,30.0,1.0,5,22,1,1,22.73,9.09,0.230457282,1.125487077,1,0.9251545654204276,0
5,6,26,30.0,1.0,5,22,1,1,4.54,9.09,0.796504438,0.913333675,1,0.9246864312202582,0
7,8,41,30.0,1.0,6,21,1,1,19.05,0.0,0.564404773,1.048818761,1,0.9239106937257253,0
3,2,13,,,4,22,1,1,40.9,13.64,0.713661413,0.965777182,1,0.9230123657600042,0
7,3,36,30.0,1.0,4,22,1,1,27.27,9.1,0.658365902,0.999195728,1,0.9229451296641888,0
7,3,36,30.0,1.0,4,22,2,1,27.27,9.1,0.658365902,0.999195728,1,0.9229451296641888,0
8,7,48,40.0,2.0,6,20,2,1,20.0,20.0,0.518836701,1.059214982,1,0.9229103650097221,0
7,4,37,30.0,1.0,4,21,1,1,23.8,0.0,-0.97834901,0.969969062,1,0.922185361614132,0
4,3,20,,,4,22,1,1,13.64,13.64,0.609956756,1.014639103,1,0.9215229605408684,0
5,7,27,30.0,1.0,6,24,1,1,16.67,0.0,0.832449074,0.838432503,1,0.9207259589239977,0
5,7,27,30.0,1.0,6,24,1,1,16.67,0.0,0.832449074,0.838432503,1,0.9207259589239977,0
3,3,14,20.0,0.0,5,23,1,1,26.09,4.3,0.420230091,1.073966193,1,0.9204748106205306,0
8,4,45,30.0,1.0,4,18,1,1,16.67,11.11,0.780891217,-0.690717375,1,0.9198786065600457,0
3,2,13,,,4,22,2,1,40.9,13.64,0.829961792,0.831301878,1,0.9196785543362956,0
2,1,6,40.0,2.0,3,22,1,2,13.64,77.27,0.986008239,0.373234784,1,0.9196767811037919,0
9,6,54,30.0,1.0,6,21,1,1,38.1,9.52,0.623719789,0.99598952,1,0.9196475989419486,0
2,1,6,40.0,2.0,3,22,1,2,13.64,77.27,0.757669489,0.90298738,1,0.9192778506590575,0
9,6,54,30.0,1.0,6,21,1,1,38.1,9.52,0.982572271,0.313953218,1,0.9184728483964449,0
2,2,7,40.0,2.0,3,19,1,2,5.26,63.15,0.875241032,0.746758529,1,0.9179110977832163,0
7,6,39,40.0,2.0,6,21,1,1,19.05,4.76,0.781464665,0.868744486,1,0.9178380253079329,0
7,2,35,30.0,1.0,3,21,1,1,14.29,4.76,0.932539883,0.610738558,1,0.9174553558234484,0
5,4,24,20.0,0.0,4,19,1,1,5.26,0.0,0.963083378,0.093468376,1,0.9164410629083504,0
7,7,40,20.0,0.0,6,22,1,1,22.73,4.55,0.641760066,0.964716126,1,0.9162942570689866,0
5,3,23,50.0,3.0,4,20,1,1,10.0,10.0,0.893278254,0.691124903,1,0.9161937835158678,0
5,3,23,50.0,3.0,4,20,1,1,10.0,10.0,0.893278254,0.691124903,1,0.9161937835158678,0
6,4,32,30.0,1.0,5,23,1,1,26.09,26.09,0.780453474,0.853594905,1,0.9159239489079329,0
8,4,45,30.0,1.0,4,18,1,2,16.67,11.11,0.218649541,1.085413018,1,0.9157411727013274,0
3,6,17,30.0,1.0,4,22,1,1,9.1,9.09,0.628415304,0.96392849,1,0.9149595277916693,0
4,1,18,30.0,1.0,3,25,1,2,20.0,8.0,0.439025056,1.040867752,1,0.9148676240884988,0
4,2,19,30.0,1.0,4,22,1,1,22.73,9.09,0.85558773,0.736962063,1,0.9140980157911706,0
6,1,29,40.0,2.0,3,23,1,1,8.7,26.08,0.96223045,0.28413923,1,0.9137439690561356,0
7,7,40,20.0,0.0,6,22,1,1,22.73,4.55,0.813939596,0.792165274,1,0.9134307939947856,0
7,7,40,20.0,0.0,6,22,1,1,22.73,4.55,0.813939596,0.792165274,1,0.9134307939947856,0
3,5,16,30.0,1.0,5,22,1,1,18.18,4.55,0.84044609,0.752486805,1,0.9132562647394711,0
7,2,35,30.0,1.0,3,21,1,1,14.29,4.76,0.932539883,-0.041406004,1,0.9131364967948039,0
9,5,53,30.0,1.0,5,20,1,1,5.0,20.0,0.760638829,0.846150561,1,0.9125352941103443,0
1,1,1,40.0,2.0,6,20,1,1,5.0,10.0,0.925841821,0.522471667,1,0.9116191713410088,0
7,2,35,30.0,1.0,3,21,2,1,14.29,4.76,0.356559367,1.045501599,1,0.9114995428052312,0
7,5,38,30.0,1.0,5,21,2,1,23.8,9.5,-0.133008598,1.07158427,1,0.9101954880780367,0
6,3,31,20.0,0.0,5,22,2,1,13.64,4.55,0.853413048,0.686056697,1,0.9092212257152129,0
2,6,11,30.0,1.0,6,20,1,1,15.0,20.0,0.82208129,0.724490058,1,0.9076540233151732,0
7,1,34,30.0,1.0,3,23,1,1,8.7,4.35,0.509530323,0.972764044,1,0.9062061378876347,0
9,6,55,20.0,0.0,6,20,1,1,30.0,5.0,0.931002123,0.2586159,1,0.9060382311826424,0
8,5,46,30.0,1.0,5,22,1,1,22.73,9.09,0.838864508,0.671162018,1,0.9053993907304398,0
3,2,13,,,4,22,1,1,40.9,13.64,0.713661413,0.831301878,1,0.9044410320682343,0
5,5,25,40.0,2.0,5,22,1,1,18.18,9.09,0.844760007,-0.327880523,1,0.9042092233380752,0
6,3,31,20.0,0.0,5,22,1,1,13.64,4.55,0.853413048,-0.269212122,1,0.9023822981902391,0
7,2,35,30.0,1.0,3,21,1,1,14.29,4.76,-0.027427644,1.045501599,1,0.9013971325021828,0
7,7,40,20.0,0.0,6,22,2,1,22.73,4.55,0.641760066,-0.933343244,1,0.9000766841466011,0
3,4,15,30.0,1.0,5,20,1,1,35.0,5.0,0.698443045,0.811155172,1,0.8994664454072199,0
8,4,45,30.0,1.0,4,18,1,1,16.67,11.11,0.499770379,-1.28276084,1,0.8992105953964088,0
7,4,37,30.0,1.0,4,21,2,1,23.8,0.0,0.391339604,0.969969062,1,0.8963224383498296,0
1,3,3,20.0,0.0,6,21,2,2,19.05,9.52,0.384537998,0.967255357,1,0.8951758168965757,0
9,1,49,30.0,1.0,3,21,1,1,9.52,19.05,0.599084124,0.860995204,1,0.8943031407005028,0
2,4,9,40.0,2.0,5,20,1,2,5.0,70.0,0.077492302,1.01712338,1,0.8938686558083206,0
2,4,9,40.0,2.0,5,20,1,1,5.0,70.0,0.077492302,1.01712338,1,0.8938686558083206,0
7,4,37,30.0,1.0,4,21,1,1,23.8,0.0,-0.635926857,0.969969062,1,0.8937525925074644,0
5,4,24,20.0,0.0,4,19,1,1,5.26,0.0,0.658106975,0.803828035,1,0.8925482648076318,0
9,5,53,30.0,1.0,5,20,1,1,5.0,20.0,0.591607978,0.846150561,1,0.8906485400514828,0
3,1,12,40.0,2.0,3,20,1,1,20.0,10.0,0.738644765,0.691321979,1,0.8895843500942576,0
3,1,12,40.0,2.0,3,20,1,1,20.0,10.0,0.738644765,0.691321979,1,0.8895843500942576,0
7,3,36,30.0,1.0,4,22,2,1,27.27,9.1,0.094052272,0.999195728,1,0.8887377924325,0
6,3,31,20.0,0.0,5,22,1,1,13.64,4.55,0.526889795,0.877110461,1,0.8886727501183324,0
1,1,1,40.0,2.0,6,20,1,1,5.0,10.0,0.685363426,0.749633262,1,0.8883690870636285,0
9,6,55,20.0,0.0,6,20,1,1,30.0,5.0,0.767668417,0.628067187,1,0.8876765689186127,0
1,4,4,40.0,2.0,5,21,1,1,33.33,4.76,0.772736421,0.605877851,1,0.8863252141178439,0
5,7,27,30.0,1.0,6,24,1,1,16.67,0.0,0.566065371,0.838432503,1,0.8858261170421909,0
8,5,46,30.0,1.0,5,22,1,1,22.73,9.09,0.433259691,0.898324548,1,0.883050130893295,0
5,7,27,30.0,1.0,6,24,1,1,16.67,0.0,0.699257223,0.694701217,1,0.8827843959789204,0
7,7,40,20.0,0.0,6,22,1,1,22.73,4.55,0.813939596,0.447063571,1,0.8820896006937663,0
5,3,23,50.0,3.0,4,20,1,1,10.0,10.0,0.696953363,0.691124903,1,0.8818461251545341,0
7,5,38,30.0,1.0,5,21,2,1,23.8,9.5,0.798051586,0.494577356,1,0.8816486682888188,0
7,4,37,30.0,1.0,4,21,2,1,23.8,0.0,0.048917451,0.969969062,1,0.8778212122370094,0
7,4,37,30.0,1.0,4,21,1,1,23.8,0.0,-0.293504703,0.969969062,1,0.8768398538851389,0
1,2,2,20.0,0.0,4,19,1,1,15.78,5.26,0.756887308,0.536870619,1,0.8755983740795249,0
5,8,28,20.0,0.0,6,24,1,1,16.67,0.0,0.487295945,0.838018543,1,0.8753414745362683,0
3,6,17,30.0,1.0,4,22,1,2,9.1,9.09,0.628415304,0.724307849,1,0.8745007044092687,0
5,8,28,20.0,0.0,6,24,1,1,16.67,0.0,0.310097419,-1.610453026,1,0.8737059407053084,0
8,1,42,30.0,1.0,3,16,1,1,18.75,18.75,0.664265286,0.67768808,1,0.873584755961115,0
7,7,40,20.0,0.0,6,22,1,1,22.73,4.55,0.813939596,0.274512719,1,0.8733843590700263,0
8,3,44,30.0,1.0,4,22,2,2,27.27,18.18,0.426895181,0.860886861,1,0.873260505209852,0
4,2,19,30.0,1.0,4,22,1,1,22.73,9.09,0.364554772,0.887083965,1,0.8731701126878798,0
2,5,10,20.0,0.0,6,19,1,2,15.79,42.1,0.812414093,0.163926235,1,0.8706224375995552,0
6,2,30,30.0,1.0,4,23,2,1,8.7,13.04,0.690935258,0.61904915,1,0.8704588117223907,0
5,4,24,20.0,0.0,4,19,1,1,5.26,0.0,0.810595177,0.093468376,1,0.8699690700448707,0
9,6,55,20.0,0.0,6,20,1,1,30.0,5.0,0.767668417,0.443341543,1,0.8696736170705672,0
5,1,21,30.0,1.0,3,21,2,1,23.81,23.81,0.367342655,0.87141203,1,0.8692541817100107,0
8,6,47,50.0,3.0,6,21,1,1,23.81,0.0,0.796451452,0.275530714,1,0.8679732131873714,0
8,6,47,50.0,3.0,6,21,1,1,23.81,0.0,0.796451452,0.275530714,1,0.8679732131873714,0
3,5,16,30.0,1.0,5,22,1,1,18.18,4.55,0.539798708,0.752486805,1,0.8644439638250655,0
9,3,51,20.0,0.0,4,24,1,1,29.17,4.17,0.734941487,0.478779639,1,0.8641494115697387,0
5,6,26,30.0,1.0,5,22,1,1,4.54,9.09,0.592747488,0.697276246,1,0.8630235299919803,0
2,6,11,30.0,1.0,6,20,1,1,15.0,20.0,0.146398038,0.912669294,1,0.8627051425571014,0
3,4,15,30.0,1.0,5,20,2,1,35.0,5.0,0.698443045,0.526539322,1,0.8600165472239708,0
7,4,37,30.0,1.0,4,21,1,1,23.8,0.0,0.733761758,0.426786387,1,0.8587873104419502,0
7,2,35,30.0,1.0,3,21,1,1,14.29,4.76,0.740546377,0.393357037,1,0.8578447044913615,0
1,4,4,40.0,2.0,5,21,1,1,33.33,4.76,0.772736421,-0.02243992,1,0.8576924697968303,0
4,1,18,30.0,1.0,3,25,1,1,20.0,8.0,0.700349495,-0.460383813,1,0.8575862733828304,0
4,1,18,30.0,1.0,3,25,1,1,20.0,8.0,0.700349495,-0.460383813,1,0.8575862733828304,0
1,1,1,40.0,2.0,6,20,1,1,5.0,10.0,0.685363426,0.522471667,1,0.8561366328485959,0
1,1,1,40.0,2.0,6,20,1,1,5.0,10.0,0.685363426,0.522471667,1,0.8561366328485959,0
1,2,2,20.0,0.0,4,19,1,1,15.78,5.26,0.756887308,0.294000577,1,0.8561047866035146,0
2,5,10,20.0,0.0,6,19,1,1,15.79,42.1,0.632927258,0.608868873,1,0.8559587022965571,0
1,5,5,30.0,1.0,5,20,1,1,36.84,5.2,0.321900637,0.841090432,1,0.8555605730642809,0
2,4,9,40.0,2.0,5,20,1,1,5.0,70.0,0.697430719,0.481795285,1,0.8543437669475084,0
5,1,21,30.0,1.0,3,21,1,1,23.81,23.81,0.195916083,0.87141203,1,0.8523481558378362,0
9,4,52,20.0,0.0,4,25,1,2,16.0,16.0,0.691285835,0.46512152,1,0.8506797737623835,0
3,1,12,40.0,2.0,3,20,1,1,20.0,10.0,0.738644765,0.296280848,1,0.8502015876675458,0
6,5,33,40.0,2.0,6,20,1,2,10.0,15.0,0.246682595,0.846303945,1,0.8488366150419824,0
5,2,22,40.0,2.0,3,19,1,1,21.05,21.06,0.213052516,0.855939004,1,0.848661212168605,0
1,1,1,40.0,2.0,6,20,1,1,5.0,10.0,0.444885031,0.749633262,1,0.8477345881118304,0
8,6,47,50.0,3.0,6,21,1,1,23.81,0.0,0.209592487,0.854145213,1,0.8477162220501947,0
8,6,47,50.0,3.0,6,21,2,1,23.81,0.0,0.209592487,0.854145213,1,0.8477162220501947,0
5,7,27,30.0,1.0,6,24,1,1,16.67,0.0,0.699257223,0.407238644,1,0.8466765521746076,0
3,3,14,20.0,0.0,5,23,1,1,26.09,4.3,0.704503387,0.364160951,1,0.8441632876365656,0
5,3,23,50.0,3.0,4,20,1,1,10.0,10.0,0.500628472,0.691124903,1,0.8437202655524488,0
9,6,54,30.0,1.0,6,21,2,1,38.1,9.52,0.623719789,0.541298652,1,0.8427593014142822,0
9,3,51,20.0,0.0,4,24,1,1,29.17,4.17,0.734941487,-0.035729824,1,0.8422468021155196,0
6,1,29,40.0,2.0,3,23,1,1,8.7,26.08,0.716327113,0.28413923,1,0.8418017124776109,0
2,3,8,50.0,2.0,4,19,1,2,10.53,78.95,0.670820393,0.422960211,1,0.8397020382125605,0
5,1,21,30.0,1.0,3,21,2,1,23.81,23.81,0.7101958,-0.215696047,1,0.8391443362782361,0
6,1,29,40.0,2.0,3,23,1,1,8.7,26.08,0.716327113,-0.124310913,1,0.8369210941744849,0
1,5,5,30.0,1.0,5,20,2,1,36.84,5.2,0.593727842,0.545151206,1,0.8355042835643516,0
9,5,53,30.0,1.0,5,20,1,2,5.0,20.0,0.591607978,-0.712547841,1,0.8352975068285721,0
5,8,28,20.0,0.0,6,24,1,1,16.67,0.0,0.487295945,0.663127716,1,0.834431050490651,0
1,4,4,40.0,2.0,5,21,1,1,33.33,4.76,0.641869769,0.448798408,1,0.8341619140259172,0
6,3,31,20.0,0.0,5,22,1,1,13.64,4.55,0.690151422,0.30394917,1,0.8341226338090054,0
9,5,53,30.0,1.0,5,20,1,1,5.0,20.0,0.084515425,0.846150561,1,0.8336592036899639,0
8,4,45,30.0,1.0,4,18,1,1,16.67,11.11,0.499770379,-0.986739108,1,0.8331421543055094,0
3,4,15,30.0,1.0,5,20,2,1,35.0,5.0,0.698443045,0.241923472,1,0.8326096088283268,0
5,5,25,40.0,2.0,5,22,1,1,18.18,9.09,0.644924306,0.411952453,1,0.8302601225731319,0
8,2,43,40.0,2.0,3,16,1,1,25.0,25.0,0.625461185,0.455289454,1,0.8301098201892443,0
6,4,32,30.0,1.0,5,23,2,1,26.09,26.09,-0.013813336,0.853594905,1,0.8299321113835326,0
5,4,24,20.0,0.0,4,19,1,1,5.26,0.0,0.505618774,0.62623812,1,0.8299203275452595,0
9,1,49,30.0,1.0,3,21,1,1,9.52,19.05,-0.15200642,0.860995204,1,0.8273437764235948,0
7,3,36,30.0,1.0,4,22,1,1,27.27,9.1,0.658365902,0.346255945,1,0.8270438683310096,0
4,1,18,30.0,1.0,3,25,2,1,20.0,8.0,0.700349495,0.040033375,1,0.8263698484483412,0
6,5,33,40.0,2.0,6,20,1,1,10.0,15.0,0.695196405,0.141050657,1,0.8262983409109034,0
8,4,45,30.0,1.0,4,18,1,1,16.67,11.11,0.218649541,0.789391286,1,0.8260264199452325,0
5,8,28,20.0,0.0,6,24,1,1,16.67,0.0,0.66449447,0.313346064,1,0.8258736057156106,0
3,5,16,30.0,1.0,5,22,2,1,18.18,4.55,0.539798708,0.566478831,1,0.8253954084725332,0
9,4,52,20.0,0.0,4,25,1,1,16.0,16.0,0.691285835,-0.11628038,1,0.8246911524150157,0
3,1,12,40.0,2.0,3,20,2,1,20.0,10.0,0.576305256,0.493801413,1,0.8216325111270608,0
5,8,28,20.0,0.0,6,24,2,1,16.67,0.0,-0.044299631,0.838018543,1,0.821209883123474,0
8,3,44,30.0,1.0,4,22,1,1,27.27,18.18,0.586076435,-0.624564978,1,0.816930577397076,0
9,4,52,20.0,0.0,4,25,1,1,16.0,16.0,0.230428612,0.75582247,1,0.8155372228060205,0
9,5,53,30.0,1.0,5,20,1,1,5.0,20.0,0.422577127,0.623479361,1,0.8099267414242892,0
7,5,38,30.0,1.0,5,21,1,1,23.8,9.5,0.099756448,0.783080813,1,0.8093074898636431,0
7,5,38,30.0,1.0,5,21,1,1,23.8,9.5,0.099756448,0.783080813,1,0.8093074898636431,0
7,2,35,30.0,1.0,3,21,1,1,14.29,4.76,-0.411414654,0.828120078,1,0.8086514107857825,0
5,4,24,20.0,0.0,4,19,1,1,5.26,0.0,0.658106975,-0.084121539,1,0.8073191002181795,0
7,3,36,30.0,1.0,4,22,1,1,27.27,9.1,0.470261359,0.56390254,1,0.8065267426258765,0
5,3,23,50.0,3.0,4,20,1,1,10.0,10.0,0.304303581,0.691124903,1,0.8053621903758069,0
1,1,1,40.0,2.0,6,20,1,1,5.0,10.0,-0.997985339,0.749633262,1,0.8015027055818775,0
7,2,35,30.0,1.0,3,21,1,1,14.29,4.76,0.548552872,0.393357037,1,0.7952223302866398,0
4,1,18,30.0,1.0,3,25,1,1,20.0,8.0,0.439025056,0.540450563,1,0.7921451322967351,0
3,3,14,20.0,0.0,5,23,1,1,26.09,4.3,-0.148316503,0.790044096,1,0.7916307466634211,0
2,5,10,20.0,0.0,6,19,1,1,15.79,42.1,0.453440424,-0.948430359,1,0.7909512010045687,0
5,6,26,30.0,1.0,5,22,1,1,4.54,9.09,0.592747488,-0.383010896,1,0.788564484721782,0
9,4,52,20.0,0.0,4,25,1,1,16.0,16.0,0.0,0.75582247,1,0.7862401951014042,0
3,3,14,20.0,0.0,5,23,1,1,26.09,4.3,-0.432589799,0.790044096,1,0.7857865273657326,0
3,3,14,20.0,0.0,5,23,2,1,26.09,4.3,0.278093442,0.648083048,1,0.7853299423199568,0
9,6,54,30.0,1.0,6,21,2,1,38.1,9.52,-0.093985174,0.768644086,1,0.7840319370032731,0
9,1,49,30.0,1.0,3,21,1,1,9.52,19.05,0.599084124,0.107624401,1,0.7820996479725645,0
5,1,21,30.0,1.0,3,21,1,1,23.81,23.81,0.538769227,0.327857991,1,0.7807374914645001,0
5,1,21,30.0,1.0,3,21,1,1,23.81,23.81,0.538769227,-0.578065406,1,0.7782017456235273,0
3,2,13,,,4,22,2,1,40.9,13.64,0.364760278,0.56235127,1,0.7779055012605692,0
9,1,49,30.0,1.0,3,21,1,1,9.52,19.05,0.599084124,-0.143499201,1,0.7770446320623577,0
8,7,48,40.0,2.0,6,20,2,1,20.0,20.0,0.518836701,-0.652647615,1,0.776535409960829,0
2,2,7,40.0,2.0,3,19,1,1,5.26,63.15,0.46964153,0.424294619,1,0.7737827975163941,0
2,5,10,20.0,0.0,6,19,2,1,15.79,42.1,0.273953589,0.608868873,1,0.770470074469985,0
7,6,39,40.0,2.0,6,21,1,1,19.05,4.76,0.586098499,4.82e-16,1,0.7704626604282301,0
8,5,46,30.0,1.0,5,22,1,1,22.73,9.09,0.433259691,-0.918975687,1,0.7678090455342196,0
5,7,27,30.0,1.0,6,24,1,1,16.67,0.0,0.566065371,-0.311417787,1,0.7653967222629172,0
2,6,11,30.0,1.0,6,20,1,1,15.0,20.0,-0.078829713,0.724490058,1,0.7621650946549097,0
5,7,27,30.0,1.0,6,24,1,1,16.67,0.0,0.033297963,0.694701217,1,0.7608724617445793,0
1,2,2,20.0,0.0,4,19,1,1,15.78,5.26,0.500086257,0.294000577,1,0.7595832504953365,0
5,5,25,40.0,2.0,5,22,2,1,18.18,9.09,0.245252905,0.596910696,1,0.7593185376615422,0
9,1,49,30.0,1.0,3,21,1,1,9.52,19.05,0.223538852,0.609871603,1,0.759212179393398,0
8,6,47,50.0,3.0,6,21,2,1,23.81,0.0,0.503021969,0.275530714,1,0.757697953056564,0
8,6,47,50.0,3.0,6,21,1,1,23.81,0.0,0.503021969,-0.592391035,1,0.7548374586830906,0
8,6,47,50.0,3.0,6,21,1,1,23.81,0.0,0.503021969,-0.592391035,1,0.7548374586830906,0
8,7,48,40.0,2.0,6,20,1,2,20.0,20.0,0.518836701,0.203283683,1,0.7538668019145177,0
3,6,17,30.0,1.0,4,22,1,1,9.1,9.09,0.357334192,0.484687207,1,0.7523208067371595,0
8,4,45,30.0,1.0,4,18,1,1,16.67,11.11,0.499770379,0.197347822,1,0.744203670983475,0
9,1,49,30.0,1.0,3,21,2,2,9.52,19.05,0.411311488,-0.896870004,1,0.7441541549261352,0
6,2,30,30.0,1.0,4,23,1,1,8.7,13.04,0.434620565,0.334286541,1,0.7407076877761313,0
8,2,43,40.0,2.0,3,16,1,1,25.0,25.0,0.464051847,-0.665423048,1,0.7375019118926226,0
9,1,49,30.0,1.0,3,21,1,1,9.52,19.05,0.411311488,0.358748002,1,0.737131834068048,0
9,2,50,20.0,0.0,3,20,1,2,15.0,15.0,0.423521699,-0.820504934,1,0.7362433683435137,0
2,1,6,40.0,2.0,3,22,1,2,13.64,77.27,0.529330739,-0.156517813,1,0.7358178381752905,0
3,4,15,30.0,1.0,5,20,1,1,35.0,5.0,0.461682691,0.241923472,1,0.7338021305528193,0
9,3,51,20.0,0.0,4,24,1,1,29.17,4.17,0.419966564,0.307276485,1,0.7286833572477504,0
5,5,25,40.0,2.0,5,22,1,1,18.18,9.09,0.445088606,-0.697797011,1,0.7283282377743541,0
2,3,8,50.0,2.0,4,19,1,1,10.53,78.95,0.503115295,0.030948308,1,0.7273081075350082,0
2,2,7,40.0,2.0,3,19,1,2,5.26,63.15,0.334441695,0.424294619,1,0.7264522110141983,0
9,3,51,20.0,0.0,4,24,1,1,29.17,4.17,-0.05249582,0.650282793,1,0.7253499674695121,0
6,5,33,40.0,2.0,6,20,1,1,10.0,15.0,0.4709395,0.141050657,1,0.7222505486400117,0
8,5,46,30.0,1.0,5,22,1,1,22.73,9.09,-0.175147535,0.671162018,1,0.7216934794869113,0
6,5,33,40.0,2.0,6,20,1,1,10.0,15.0,0.246682595,0.493677301,1,0.7211003451725716,0
4,1,18,30.0,1.0,3,25,2,1,20.0,8.0,0.177700618,0.540450563,1,0.7199709965811402,0
1,1,1,40.0,2.0,6,20,1,2,5.0,10.0,0.204406636,0.522471667,1,0.7198837455420609,0
1,1,1,40.0,2.0,6,20,1,1,5.0,10.0,0.444885031,-0.613336305,1,0.7132028277737281,0
6,1,29,40.0,2.0,3,23,1,1,8.7,26.08,0.224520438,0.488364302,1,0.7123807618035647,0
5,2,22,40.0,2.0,3,19,1,1,21.05,21.06,0.482919036,-0.265636243,1,0.7075234404235808,0
6,3,31,20.0,0.0,5,22,1,1,13.64,4.55,0.363628168,0.30394917,1,0.7040091116933568,0
9,5,53,30.0,1.0,5,20,1,1,5.0,20.0,0.422577127,0.17813696,1,0.7038555175223593,0
9,4,52,20.0,0.0,4,25,1,1,16.0,16.0,0.460857224,-0.40698133,1,0.6999941553588088,0
6,5,33,40.0,2.0,6,20,1,1,10.0,15.0,0.4709395,-0.211575986,1,0.6982753513070563,0
3,4,15,30.0,1.0,5,20,1,1,35.0,5.0,0.461682691,-0.042692377,1,0.6977839277117633,0
9,6,54,30.0,1.0,6,21,1,1,38.1,9.52,0.085441067,0.541298652,1,0.6967239469366915,0
7,6,39,40.0,2.0,6,21,1,1,19.05,4.76,0.390732333,0.217186121,1,0.6959652660517107,0
7,6,39,40.0,2.0,6,21,1,1,19.05,4.76,0.390732333,0.217186121,1,0.6959652660517107,0
8,7,48,40.0,2.0,6,20,1,1,20.0,20.0,0.245764753,0.417266508,1,0.6928920222536886,0
3,2,13,,,4,22,2,1,40.9,13.64,0.015859143,0.56235127,1,0.6909666556146375,0
5,4,24,20.0,0.0,4,19,1,1,5.26,0.0,0.20064237,0.448648205,1,0.6894178626911389,0
7,1,34,30.0,1.0,3,23,1,1,8.7,4.35,0.270363029,-1.158052434,1,0.6887717651116322,0
2,5,10,20.0,0.0,6,19,1,1,15.79,42.1,0.453440424,-0.281016403,1,0.6873279299892059,0
2,2,7,40.0,2.0,3,19,1,1,5.26,63.15,-0.071157808,0.585526574,1,0.686087671501028,0
7,4,37,30.0,1.0,4,21,1,1,23.8,0.0,0.391339604,0.15519505,1,0.6838572126691886,0
8,5,46,30.0,1.0,5,22,1,1,22.73,9.09,0.433259691,-0.01032557,1,0.683414963696058,0
5,2,22,40.0,2.0,3,19,1,1,21.05,21.06,-0.056814004,0.575545192,1,0.683133912696971,0
5,2,22,40.0,2.0,3,19,1,1,21.05,21.06,-0.056814004,0.575545192,1,0.683133912696971,0
7,2,35,30.0,1.0,3,21,1,1,14.29,4.76,-0.98739517,0.610738558,1,0.6782589584716764,0
3,5,16,30.0,1.0,5,22,1,1,18.18,4.55,-0.061496055,0.566478831,1,0.6771103391283041,0
8,3,44,30.0,1.0,4,22,2,1,27.27,18.18,0.426895181,-0.067520538,1,0.6744969275040087,0
5,1,21,30.0,1.0,3,21,1,1,23.81,23.81,0.367342655,-0.759250085,1,0.6736700676532009,0
5,7,27,30.0,1.0,6,24,1,1,16.67,0.0,0.432873519,-0.311417787,1,0.673394525007735,0
8,2,43,40.0,2.0,3,16,1,1,25.0,25.0,0.141233171,0.455289454,1,0.673182190348368,0
8,2,43,40.0,2.0,3,16,1,1,25.0,25.0,0.141233171,0.455289454,1,0.673182190348368,0
7,8,41,30.0,1.0,6,21,1,1,19.05,0.0,-0.094067462,0.570010196,1,0.6729053330927112,0
1,2,2,20.0,0.0,4,19,1,1,15.78,5.26,-0.013515845,0.536870619,1,0.6709574747790267,0
7,2,35,30.0,1.0,3,21,1,1,14.29,4.76,0.356559367,0.175975517,1,0.6703390524717874,0
9,2,50,20.0,0.0,3,20,1,1,15.0,15.0,-0.047057967,0.547003289,1,0.6691258401532392,0
9,2,50,20.0,0.0,3,20,2,1,15.0,15.0,-0.047057967,0.547003289,1,0.6691258401532392,0
7,7,40,20.0,0.0,6,22,2,1,22.73,4.55,0.297401006,0.274512719,1,0.6670934371949658,0
2,4,9,40.0,2.0,5,20,1,2,5.0,70.0,0.077492302,0.481795285,1,0.6662462408879286,0
2,4,9,40.0,2.0,5,20,1,2,5.0,70.0,0.077492302,0.481795285,1,0.6662462408879286,0
3,6,17,30.0,1.0,4,22,1,1,9.1,9.09,0.221793637,0.364876886,1,0.6651825891384783,0
5,6,26,30.0,1.0,5,22,1,1,4.54,9.09,0.388990539,-0.599068324,1,0.6644097114006527,0
7,1,34,30.0,1.0,3,23,1,1,8.7,4.35,-0.447138855,0.617627965,1,0.6632955718375182,0
3,6,17,30.0,1.0,4,22,2,1,9.1,9.09,-0.320368586,0.604497528,1,0.6629705916164389,0
1,3,3,20.0,0.0,6,21,1,1,19.05,9.52,0.384537998,-0.58199263,1,0.6581732746840432,0
6,5,33,40.0,2.0,6,20,1,1,10.0,15.0,0.02242569,0.493677301,1,0.6570790298001323,0
7,1,34,30.0,1.0,3,23,1,1,8.7,4.35,0.270363029,0.262491885,1,0.6514262521808709,0
7,1,34,30.0,1.0,3,23,1,1,8.7,4.35,0.270363029,0.262491885,1,0.6514262521808709,0
2,4,9,40.0,2.0,5,20,1,1,5.0,70.0,0.387461511,-0.053532809,1,0.6509038424930684,0
4,3,20,,,4,22,1,1,13.64,13.64,0.203318919,0.344977295,1,0.6507457075743054,0
3,2,13,,,4,22,1,1,40.9,13.64,-0.216741614,0.56235127,1,0.6472287432701661,0
8,1,42,30.0,1.0,3,16,1,2,18.75,18.75,0.384574639,-0.308040036,1,0.6372703271825249,0
8,1,42,30.0,1.0,3,16,2,1,18.75,18.75,0.384574639,-0.308040036,1,0.6372703271825249,0
8,1,42,30.0,1.0,3,16,1,2,18.75,18.75,0.384574639,-0.308040036,1,0.6372703271825249,0
8,1,42,30.0,1.0,3,16,1,1,18.75,18.75,0.384574639,-0.308040036,1,0.6372703271825249,0
6,2,30,30.0,1.0,4,23,2,2,8.7,13.04,0.178305873,0.334286541,1,0.6368737178628363,0
6,4,32,30.0,1.0,5,23,1,1,26.09,26.09,0.145040026,0.362777835,1,0.6353869596165745,0
8,6,47,50.0,3.0,6,21,1,1,23.81,0.0,0.209592487,0.275530714,1,0.6286052765891083,0
8,6,47,50.0,3.0,6,21,2,1,23.81,0.0,0.209592487,0.275530714,1,0.6286052765891083,0
8,6,47,50.0,3.0,6,21,1,1,23.81,0.0,0.209592487,0.275530714,1,0.6286052765891083,0
4,2,19,30.0,1.0,4,22,2,2,22.73,9.09,0.364554772,-0.464013151,1,0.6285317357746188,0
5,1,21,30.0,1.0,3,21,1,1,23.81,23.81,-0.146937062,0.509042671,1,0.6258141068904916,0
2,5,10,20.0,0.0,6,19,1,1,15.79,42.1,0.273953589,0.163926235,1,0.625374669296876,0
3,4,15,30.0,1.0,5,20,1,2,35.0,5.0,0.224922337,0.241923472,1,0.6243080276098099,0
3,5,16,30.0,1.0,5,22,1,1,18.18,4.55,0.088827636,0.380470857,1,0.622719103016443,0
4,2,19,30.0,1.0,4,22,1,1,22.73,9.09,0.364554772,-0.313891249,1,0.622125080142759,0
1,2,2,20.0,0.0,4,19,1,1,15.78,5.26,-0.270316896,0.536870619,1,0.6218640230494338,0
6,3,31,20.0,0.0,5,22,1,1,13.64,4.55,-0.126156712,0.495002933,1,0.6216956186674245,0
6,3,31,20.0,0.0,5,22,1,1,13.64,4.55,-0.126156712,0.495002933,1,0.6216956186674245,0
7,6,39,40.0,2.0,6,21,2,1,19.05,4.76,-4.34e-16,0.434372243,1,0.6202257101558261,0
5,6,26,30.0,1.0,5,22,1,2,4.54,9.09,0.18523359,0.265161389,1,0.6143106902040846,0
4,1,18,30.0,1.0,3,25,1,1,20.0,8.0,-0.344948259,0.540450563,1,0.6140940191644587,0
2,1,6,40.0,2.0,3,22,1,2,13.64,77.27,0.072653239,0.373234784,1,0.6137738149266966,0
2,1,6,40.0,2.0,3,22,1,1,13.64,77.27,0.072653239,0.373234784,1,0.6137738149266966,0
5,8,28,20.0,0.0,6,24,1,1,16.67,0.0,-0.221498157,0.48823689,1,0.5975237523957351,0
4,1,18,30.0,1.0,3,25,1,1,20.0,8.0,-0.606272697,0.540450563,1,0.5934817390905429,0
6,4,32,30.0,1.0,5,23,1,2,26.09,26.09,0.303893388,-0.618856306,1,0.591936920898295,0
1,2,2,20.0,0.0,4,19,2,1,15.78,5.26,0.243285206,-0.920349632,1,0.5902140483353193,0
6,1,29,40.0,2.0,3,23,1,1,8.7,26.08,-0.267286236,0.488364302,1,0.5890149122212562,0
9,1,49,30.0,1.0,3,21,1,1,9.52,19.05,0.223538852,0.107624401,1,0.5839392822433107,0
2,1,6,40.0,2.0,3,22,1,2,13.64,77.27,0.300991989,-0.156517813,1,0.5829985539062684,0
3,3,14,20.0,0.0,5,23,1,1,26.09,4.3,0.135956794,0.222199902,1,0.5767329049660089,0
8,5,46,30.0,1.0,5,22,1,1,22.73,9.09,0.230457282,-0.918975687,1,0.5766840769892718,0
9,6,55,20.0,0.0,6,20,1,1,30.0,5.0,0.2776673,-0.665012315,1,0.5740883261268885,0
6,4,32,30.0,1.0,5,23,1,1,26.09,26.09,0.145040026,0.199172144,1,0.5726548072721759,0
7,1,34,30.0,1.0,3,23,1,1,8.7,4.35,0.270363029,-0.092644195,1,0.5702717214777805,0
9,6,55,20.0,0.0,6,20,1,1,30.0,5.0,-0.212333818,0.443341543,1,0.5701785705840582,0
6,5,33,40.0,2.0,6,20,1,2,10.0,15.0,-0.426088119,0.493677301,1,0.5689200796846606,0
6,5,33,40.0,2.0,6,20,1,1,10.0,15.0,-0.426088119,0.493677301,1,0.5689200796846606,0
9,5,53,30.0,1.0,5,20,1,1,5.0,20.0,0.253546276,-0.04453424,1,0.5673581548103914,0
3,4,15,30.0,1.0,5,20,1,1,35.0,5.0,0.224922337,-0.896539927,1,0.5656597298909546,0
2,2,7,40.0,2.0,3,19,1,2,5.26,63.15,0.064042027,0.263062664,1,0.5616831308099324,0
9,6,54,30.0,1.0,6,21,1,1,38.1,9.52,0.264867308,-0.14073765,1,0.5599863444696905,0
7,3,36,30.0,1.0,4,22,1,1,27.27,9.1,0.282156815,-0.306683837,1,0.5589846099763238,0
3,6,17,30.0,1.0,4,22,1,1,9.1,9.09,0.221793637,0.005445924,1,0.5579544884198714,0
3,1,12,40.0,2.0,3,20,1,2,20.0,10.0,-0.560071305,0.493801413,1,0.5560237028159727,0
5,5,25,40.0,2.0,5,22,1,1,18.18,9.09,0.245252905,-0.142922279,1,0.5463681526437771,0
5,8,28,20.0,0.0,6,24,2,1,16.67,0.0,0.132898894,0.138455238,1,0.5459630144886911,0
6,2,30,30.0,1.0,4,23,1,1,8.7,13.04,0.178305873,0.049523932,1,0.5435178977524179,0
6,2,30,30.0,1.0,4,23,1,1,8.7,13.04,-0.078008819,0.334286541,1,0.543035829644304,0
7,4,37,30.0,1.0,4,21,1,1,23.8,0.0,-0.293504703,0.426786387,1,0.541787790074674,0
7,6,39,40.0,2.0,6,21,1,2,19.05,4.76,0.195366166,4.82e-16,1,0.5410215930230959,0
1,3,3,20.0,0.0,6,21,1,1,19.05,9.52,-0.006202226,0.278700696,1,0.5407169329033837,0
4,1,18,30.0,1.0,3,25,1,1,20.0,8.0,0.177700618,0.040033375,1,0.5406756548778017,0
9,4,52,20.0,0.0,4,25,2,1,16.0,16.0,0.230428612,-0.11628038,1,0.5403426353809474,0
7,7,40,20.0,0.0,6,22,1,1,22.73,4.55,-0.391317114,0.447063571,1,0.5384878089645683,0
9,2,50,20.0,0.0,3,20,1,1,15.0,15.0,0.188231866,0.0,1,0.5368029062238749,0
9,5,53,30.0,1.0,5,20,1,1,5.0,20.0,0.084515425,0.17813696,1,0.5366199023704558,0
7,8,41,30.0,1.0,6,21,1,1,19.05,0.0,-0.094067462,0.330605914,1,0.5358040890542336,0
6,1,29,40.0,2.0,3,23,1,2,8.7,26.08,0.224520438,-0.124310913,1,0.535168825257182,0
3,2,13,,,4,22,1,1,40.9,13.64,-0.333041993,0.427875967,1,0.5347535730732245,0
5,5,25,40.0,2.0,5,22,1,1,18.18,9.09,0.245252905,-0.512838767,1,0.5304224291959437,0
7,7,40,20.0,0.0,6,22,1,1,22.73,4.55,0.125221476,0.101961867,1,0.5301667244341521,0
1,2,2,20.0,0.0,4,19,2,1,15.78,5.26,0.243285206,-0.434609548,1,0.5264048334140219,0
8,5,46,30.0,1.0,5,22,1,1,22.73,9.09,0.230457282,-0.237488099,1,0.5250003999679419,0
7,7,40,20.0,0.0,6,22,1,1,22.73,4.55,-0.046958054,0.274512719,1,0.523329370927586,0
8,4,45,30.0,1.0,4,18,1,1,16.67,11.11,0.218649541,-0.690717375,1,0.5223541621274151,0
3,4,15,30.0,1.0,5,20,1,1,35.0,5.0,-0.011838018,0.241923472,1,0.5214519391024218,0
7,4,37,30.0,1.0,4,21,1,1,23.8,0.0,0.048917451,0.15519505,1,0.511304976317056,0
8,6,47,50.0,3.0,6,21,2,1,23.81,0.0,-0.083836995,0.275530714,1,0.5103912522453856,0
5,2,22,40.0,2.0,3,19,1,2,21.05,21.06,0.213052516,-0.265636243,1,0.5097128988023473,0
5,2,22,40.0,2.0,3,19,2,1,21.05,21.06,0.213052516,-0.265636243,1,0.5097128988023473,0
3,6,17,30.0,1.0,4,22,1,2,9.1,9.09,-0.049287475,0.245066565,1,0.5082006122415123,0
8,4,45,30.0,1.0,4,18,1,1,16.67,11.11,0.218649541,-0.394695643,1,0.5067030711578441,0
8,6,47,50.0,3.0,6,21,1,1,23.81,0.0,0.209592487,-0.303083785,1,0.504084456178892,0
3,3,14,20.0,0.0,5,23,2,1,26.09,4.3,-0.290453151,0.364160951,1,0.5005032701113924,0
5,4,24,20.0,0.0,4,19,1,1,5.26,0.0,0.20064237,-0.616891283,0,0.4980720354719456,0
4,2,19,30.0,1.0,4,22,1,1,22.73,9.09,0.200877119,-0.313891249,0,0.49676664791237396,0
8,1,42,30.0,1.0,3,16,1,1,18.75,18.75,0.104883993,0.020536002,0,0.49451623767590314,0
6,5,33,40.0,2.0,6,20,1,1,10.0,15.0,0.02242569,0.141050657,0,0.4935280335231148,0
5,7,27,30.0,1.0,6,24,1,1,16.67,0.0,0.166489815,-0.167686501,0,0.4895768974946184,0
5,4,24,20.0,0.0,4,19,1,1,5.26,0.0,0.048154169,0.093468376,0,0.4881882572701441,0
6,2,30,30.0,1.0,4,23,1,1,8.7,13.04,0.178305873,-0.235238677,0,0.48801902988469953,0
5,6,26,30.0,1.0,5,22,1,2,4.54,9.09,0.18523359,-0.599068324,0,0.48304880191642696,0
8,3,44,30.0,1.0,4,22,1,1,27.27,18.18,0.108532673,-0.067520538,0,0.473278312063251,0
5,7,27,30.0,1.0,6,24,1,1,16.67,0.0,-0.765853149,0.407238644,0,0.46869057791514057,0
2,3,8,50.0,2.0,4,19,1,2,10.53,78.95,0.167705098,-0.361063595,0,0.46852663395808386,0
2,6,11,30.0,1.0,6,20,1,2,15.0,20.0,0.146398038,-0.216406121,0,0.46848409552170894,0
7,5,38,30.0,1.0,5,21,1,1,23.8,9.5,0.099756448,-0.082429559,0,0.46447758489800905,0
9,5,53,30.0,1.0,5,20,1,1,5.0,20.0,-0.084515425,0.17813696,0,0.46295749188149515,0
1,1,1,40.0,2.0,6,20,1,1,5.0,10.0,-0.276550154,0.295310073,0,0.46049881536274884,0
5,8,28,20.0,0.0,6,24,1,1,16.67,0.0,0.132898894,-0.211326415,0,0.4601346646694435,0
7,3,36,30.0,1.0,4,22,1,1,27.27,9.1,0.094052272,-0.089037243,0,0.4595035834749148,0
9,3,51,20.0,0.0,4,24,1,1,29.17,4.17,-0.05249582,0.13577333,0,0.45775235725861174,0
3,3,14,20.0,0.0,5,23,1,1,26.09,4.3,-0.006179854,0.080238854,0,0.45693688647017194,0
8,1,42,30.0,1.0,3,16,1,1,18.75,18.75,-0.454497301,0.349112041,0,0.455726575700638,0
8,1,42,30.0,1.0,3,16,2,1,18.75,18.75,-0.454497301,0.349112041,0,0.455726575700638,0
8,2,43,40.0,2.0,3,16,1,1,25.0,25.0,0.141233171,-0.291852214,0,0.45513511813827634,0
8,3,44,30.0,1.0,4,22,1,1,27.27,18.18,-0.050648581,0.118160942,0,0.4512522565616217,0
2,6,11,30.0,1.0,6,20,1,2,15.0,20.0,0.146398038,-0.592764593,0,0.4489279488196083,0
3,3,14,20.0,0.0,5,23,1,1,26.09,4.3,-0.574726448,0.364160951,0,0.44835804957880726,0
5,2,22,40.0,2.0,3,19,1,1,21.05,21.06,-0.326680524,0.295151381,0,0.4471481217021366,0
6,4,32,30.0,1.0,5,23,1,1,26.09,26.09,0.145040026,-0.455250616,0,0.4467165504495978,0
9,3,51,20.0,0.0,4,24,1,1,29.17,4.17,0.104991641,-0.207232978,0,0.44231006042211074,0
5,8,28,20.0,0.0,6,24,1,1,16.67,0.0,0.132898894,-0.386217241,0,0.44062910127999283,0
5,3,23,50.0,3.0,4,20,1,1,10.0,10.0,0.10797869,-0.230374968,0,0.4404897781846693,0
6,4,32,30.0,1.0,5,23,2,1,26.09,26.09,-0.649226783,0.362777835,0,0.43863711848738257,0
8,3,44,30.0,1.0,4,22,1,1,27.27,18.18,0.108532673,-0.253202018,0,0.4374080804015619,0
2,1,6,40.0,2.0,3,22,2,2,13.64,77.27,0.072653239,-0.156517813,0,0.4314544272677127,0
6,3,31,20.0,0.0,5,22,2,1,13.64,4.55,0.037104915,-0.078158358,0,0.4291723614793303,0
9,1,49,30.0,1.0,3,21,1,1,9.52,19.05,0.035766216,-1.147993605,0,0.4284039355473038,0
2,4,9,40.0,2.0,5,20,1,2,5.0,70.0,-0.232476906,0.214131238,0,0.4271001239469155,0
6,2,30,30.0,1.0,4,23,1,1,8.7,13.04,-0.590638204,0.334286541,0,0.42306741060587977,0
8,1,42,30.0,1.0,3,16,2,1,18.75,18.75,-0.734187948,0.349112041,0,0.419753246464983,0
5,5,25,40.0,2.0,5,22,1,1,18.18,9.09,0.045417205,-1.067713499,0,0.41864253634452836,0
1,4,4,40.0,2.0,5,21,1,1,33.33,4.76,-0.012463491,-0.02243992,0,0.4186331225531817,0
9,6,55,20.0,0.0,6,20,1,1,30.0,5.0,-0.375667523,0.2586159,0,0.41190772256276864,0
5,2,22,40.0,2.0,3,19,1,1,21.05,21.06,-0.056814004,0.014757569,0,0.409016107477718,0
5,2,22,40.0,2.0,3,19,2,1,21.05,21.06,-0.056814004,0.014757569,0,0.409016107477718,0
5,2,22,40.0,2.0,3,19,1,2,21.05,21.06,-0.056814004,0.014757569,0,0.409016107477718,0
9,2,50,20.0,0.0,3,20,1,1,15.0,15.0,-0.047057967,0.0,0,0.40862495344834143,0
2,4,9,40.0,2.0,5,20,1,1,5.0,70.0,0.077492302,-0.321196857,0,0.4071522116786562,0
9,4,52,20.0,0.0,4,25,1,1,16.0,16.0,-0.230428612,0.17442057,0,0.406932378718787,0
7,3,36,30.0,1.0,4,22,2,1,27.27,9.1,0.094052272,-0.524330432,0,0.40509129802619226,0
1,4,4,40.0,2.0,5,21,2,1,33.33,4.76,-0.535930098,0.291718965,0,0.4001526354927982,0
9,4,52,20.0,0.0,4,25,1,1,16.0,16.0,0.0,-0.11628038,0,0.3983996701414635,0
2,4,9,40.0,2.0,5,20,1,2,5.0,70.0,0.077492302,-0.588860904,0,0.3917161341319297,0
2,4,9,40.0,2.0,5,20,1,2,5.0,70.0,0.077492302,-0.588860904,0,0.3917161341319297,0
6,3,31,20.0,0.0,5,22,1,1,13.64,4.55,0.037104915,-0.269212122,0,0.38807425238781057,0
8,3,44,30.0,1.0,4,22,2,2,27.27,18.18,-0.050648581,-0.067520538,0,0.3851490405463639,0
5,5,25,40.0,2.0,5,22,1,1,18.18,9.09,0.045417205,-0.327880523,0,0.38471316424633006,0
2,6,11,30.0,1.0,6,20,1,1,15.0,20.0,-0.078829713,-0.028226885,0,0.3837252354003993,0
5,6,26,30.0,1.0,5,22,1,1,4.54,9.09,-0.018523359,-0.166953467,0,0.3754938194230268,0
1,5,5,30.0,1.0,5,20,2,1,36.84,5.2,-0.08584017,-0.046727246,0,0.37426453625051026,0
3,3,14,20.0,0.0,5,23,1,1,26.09,4.3,-0.006179854,-0.203683244,0,0.3742418389641247,0
1,2,2,20.0,0.0,4,19,1,1,15.78,5.26,-0.783918998,0.294000577,0,0.3705493518347248,0
5,5,25,40.0,2.0,5,22,1,1,18.18,9.09,0.045417205,-0.512838767,0,0.3685119714632465,0
4,2,19,30.0,1.0,4,22,1,1,22.73,9.09,-0.126478186,-0.013647446,0,0.3666601365738522,0
7,3,36,30.0,1.0,4,22,1,2,27.27,9.1,-0.282156815,0.128609351,0,0.3665730807961035,0
5,2,22,40.0,2.0,3,19,1,2,21.05,21.06,-0.866413565,0.295151381,0,0.3660730479074606,0
9,6,55,20.0,0.0,6,20,1,2,30.0,5.0,-0.212333818,0.073890257,0,0.3658608267058387,0
2,3,8,50.0,2.0,4,19,1,1,10.53,78.95,-0.167705098,0.030948308,0,0.365671467638211,0
4,2,19,30.0,1.0,4,22,1,1,22.73,9.09,0.037199467,-0.464013151,0,0.36534447157778166,0
2,3,8,50.0,2.0,4,19,1,2,10.53,78.95,-0.503115295,0.226954259,0,0.3628721728960692,0
7,1,34,30.0,1.0,3,23,1,1,8.7,4.35,0.031195734,-0.447780274,0,0.3623493792804358,0
7,5,38,30.0,1.0,5,21,1,1,23.8,9.5,-0.133008598,-1.524946846,0,0.3602987191192163,0
8,1,42,30.0,1.0,3,16,1,1,18.75,18.75,-0.174806654,0.020536002,0,0.35865334682704914,0
4,3,20,,,4,22,1,1,13.64,13.64,-4.51e-16,-0.324684513,0,0.35595768956895485,0
5,8,28,20.0,0.0,6,24,1,1,16.67,0.0,-0.044299631,-0.211326415,0,0.3509387842241485,0
3,5,16,30.0,1.0,5,22,1,1,18.18,4.55,-0.061496055,-0.177553066,0,0.3494507342182122,0
3,2,13,,,4,22,1,1,40.9,13.64,-0.100441236,-0.110025249,0,0.34766187278141375,0
6,3,31,20.0,0.0,5,22,1,1,13.64,4.55,-0.126156712,-0.078158358,0,0.34510895390448204,0
7,8,41,30.0,1.0,6,21,1,1,19.05,0.0,-0.094067462,-0.148202651,0,0.3401218734590589,0
3,5,16,30.0,1.0,5,22,1,1,18.18,4.55,-0.211819746,0.008454908,0,0.3390233387489911,0
5,8,28,20.0,0.0,6,24,1,1,16.67,0.0,-0.398696682,0.138455238,0,0.3365096095805767,0
5,8,28,20.0,0.0,6,24,1,1,16.67,0.0,-0.398696682,0.138455238,0,0.3365096095805767,0
4,3,20,,,4,22,1,1,13.64,13.64,-4.51e-16,-0.547905116,0,0.3343264006769837,0
2,2,7,40.0,2.0,3,19,1,2,5.26,63.15,-0.071157808,-0.220633202,0,0.33420430165731313,0
8,7,48,40.0,2.0,6,20,1,1,20.0,20.0,-0.573451091,0.203283683,0,0.33400809436364826,0
5,2,22,40.0,2.0,3,19,1,1,21.05,21.06,-0.056814004,-0.265636243,0,0.332612045711121,0
7,7,40,20.0,0.0,6,22,2,2,22.73,4.55,-0.391317114,0.101961867,0,0.31985229392271447,0
6,4,32,30.0,1.0,5,23,1,1,26.09,26.09,-0.649226783,0.199172144,0,0.31831940406265646,0
7,2,35,30.0,1.0,3,21,1,1,14.29,4.76,-0.219421149,-0.041406004,0,0.31731621130505294,0
2,6,11,30.0,1.0,6,20,1,1,15.0,20.0,-0.529285214,0.159952351,0,0.31665408104502746,0
3,6,17,30.0,1.0,4,22,2,1,9.1,9.09,-0.455909142,0.125256244,0,0.31451339983991866,0
3,5,16,30.0,1.0,5,22,1,1,18.18,4.55,-0.061496055,-0.363561041,0,0.3130081152530343,0
7,2,35,30.0,1.0,3,21,1,1,14.29,4.76,-0.603408159,0.175975517,0,0.31153644410029085,0
7,2,35,30.0,1.0,3,21,1,1,14.29,4.76,-0.603408159,0.175975517,0,0.31153644410029085,0
8,4,45,30.0,1.0,4,18,1,1,16.67,11.11,-0.062471297,-0.394695643,0,0.3080024006967086,0
7,7,40,20.0,0.0,6,22,1,1,22.73,4.55,-0.219137584,-0.070588985,0,0.30723117124452654,0
2,3,8,50.0,2.0,4,19,1,2,10.53,78.95,-0.335410197,0.030948308,0,0.304007304595664,0
9,2,50,20.0,0.0,3,20,1,2,15.0,15.0,-0.047057967,-0.547003289,0,0.3025428380915601,0
1,5,5,30.0,1.0,5,20,1,1,36.84,5.2,-0.08584017,-0.342666472,0,0.3024780475562334,0
8,7,48,40.0,2.0,6,20,1,1,20.0,20.0,-0.300379143,-0.010699141,0,0.29864714511360246,0
3,6,17,30.0,1.0,4,22,1,1,9.1,9.09,-0.049287475,-0.713416001,0,0.29655451729716004,0
8,4,45,30.0,1.0,4,18,1,1,16.67,11.11,-1.468075488,0.197347822,0,0.2961590169092992,0
8,4,45,30.0,1.0,4,18,2,1,16.67,11.11,-1.468075488,0.197347822,0,0.2961590169092992,0
2,6,11,30.0,1.0,6,20,2,1,15.0,20.0,-0.304057464,-0.028226885,0,0.29058147937280693,0
2,6,11,30.0,1.0,6,20,1,2,15.0,20.0,-0.078829713,-0.969123065,0,0.2886722349390584,0
9,4,52,20.0,0.0,4,25,1,1,16.0,16.0,-0.230428612,-0.11628038,0,0.2877525218209125,0
4,2,19,30.0,1.0,4,22,1,1,22.73,9.09,-0.126478186,-0.313891249,0,0.28590436880294,0
5,3,23,50.0,3.0,4,20,1,2,10.0,10.0,-0.088346201,-0.460749935,0,0.28469526720637944,0
5,1,21,30.0,1.0,3,21,1,1,23.81,23.81,-0.318363634,-0.034511368,0,0.28326113344414794,0
3,3,14,20.0,0.0,5,23,1,1,26.09,4.3,-0.290453151,-0.061722195,0,0.2830641689342504,0
8,5,46,30.0,1.0,5,22,1,1,22.73,9.09,-0.175147535,-0.237488099,0,0.2784582351674901,0
6,1,29,40.0,2.0,3,23,1,1,8.7,26.08,-0.513189573,0.079914159,0,0.2773534805416078,0
5,6,26,30.0,1.0,5,22,1,1,4.54,9.09,-0.222280308,-0.166953467,0,0.27604804080014633,0
7,6,39,40.0,2.0,6,21,1,1,19.05,4.76,-0.195366166,-0.217186121,0,0.2742656127931702,0
7,6,39,40.0,2.0,6,21,1,1,19.05,4.76,-0.195366166,-0.217186121,0,0.2742656127931702,0
7,6,39,40.0,2.0,6,21,1,1,19.05,4.76,-0.390732333,4.82e-16,0,0.2737428736613003,0
5,7,27,30.0,1.0,6,24,1,1,16.67,0.0,-0.632661297,0.119776072,0,0.27351670327601063,0
1,4,4,40.0,2.0,5,21,1,1,33.33,4.76,-0.143330143,-0.336598806,0,0.2731611348105835,0
2,5,10,20.0,0.0,6,19,1,2,15.79,42.1,-0.085020079,-0.72595904,0,0.27198265449253456,0
6,1,29,40.0,2.0,3,23,1,2,8.7,26.08,-0.267286236,-0.124310913,0,0.2707644958351902,0
9,3,51,20.0,0.0,4,24,1,1,29.17,4.17,-0.209983282,-0.207232978,0,0.2704143930060355,0
9,3,51,20.0,0.0,4,24,2,1,29.17,4.17,-0.209983282,-0.207232978,0,0.2704143930060355,0
1,5,5,30.0,1.0,5,20,1,1,36.84,5.2,-0.221753772,-0.194696859,0,0.26868656409779335,0
7,3,36,30.0,1.0,4,22,2,2,27.27,9.1,-0.094052272,-0.741977026,0,0.2659854952973263,0
7,3,36,30.0,1.0,4,22,1,1,27.27,9.1,-0.094052272,-0.741977026,0,0.2659854952973263,0
7,4,37,30.0,1.0,4,21,1,1,23.8,0.0,-0.293504703,-1.745944312,0,0.2659799536219093,0
8,1,42,30.0,1.0,3,16,1,2,18.75,18.75,-0.174806654,-0.308040036,0,0.2632816859675692,0
5,7,27,30.0,1.0,6,24,1,1,16.67,0.0,-0.099893889,-0.742611645,0,0.26214171992041646,0
5,1,21,30.0,1.0,3,21,1,1,23.81,23.81,-0.146937062,-1.121619444,0,0.2533417355583281,0
1,2,2,20.0,0.0,4,19,1,2,15.78,5.26,-0.270316896,-0.191739507,0,0.24992324300349614,0
1,3,3,20.0,0.0,6,21,1,1,19.05,9.52,-0.396942449,-0.065576634,0,0.2464835941912214,0
1,3,3,20.0,0.0,6,21,2,1,19.05,9.52,-0.396942449,-0.065576634,0,0.2464835941912214,0
1,3,3,20.0,0.0,6,21,1,1,19.05,9.52,-0.396942449,-0.065576634,0,0.2464835941912214,0
7,8,41,30.0,1.0,6,21,2,1,19.05,0.0,-0.313558207,-0.148202651,0,0.24640212654160426,0
6,2,30,30.0,1.0,4,23,1,1,8.7,13.04,-0.590638204,0.049523932,0,0.24558307313753555,0
7,5,38,30.0,1.0,5,21,1,1,23.8,9.5,-0.133008598,-0.659436474,0,0.24347971741122995,0
2,5,10,20.0,0.0,6,19,1,1,15.79,42.1,-0.443993748,-0.058545084,0,0.23545485571067146,0
3,1,12,40.0,2.0,3,20,1,1,20.0,10.0,-0.397731796,-0.098760283,0,0.23460949900117795,0
2,3,8,50.0,2.0,4,19,1,2,10.53,78.95,-0.335410197,-0.165057643,0,0.2337905627914521,0
8,2,43,40.0,2.0,3,16,2,1,25.0,25.0,-0.181585505,-0.478637631,0,0.23262280603153918,0
8,2,43,40.0,2.0,3,16,1,1,25.0,25.0,-0.181585505,-0.478637631,0,0.23262280603153918,0
5,1,21,30.0,1.0,3,21,1,1,23.81,23.81,-0.489790207,-0.034511368,0,0.2324562381264666,0
7,6,39,40.0,2.0,6,21,1,1,19.05,4.76,-0.195366166,-0.434372243,0,0.23194778495603366,0
6,1,29,40.0,2.0,3,23,2,2,8.7,26.08,-0.75909291,0.079914159,0,0.23161877490950983,0
2,3,8,50.0,2.0,4,19,1,2,10.53,78.95,-0.167705098,-0.557069546,0,0.23122256763257346,0
2,3,8,50.0,2.0,4,19,1,1,10.53,78.95,-0.167705098,-0.557069546,0,0.23122256763257346,0
3,4,15,30.0,1.0,5,20,1,1,35.0,5.0,-0.485358726,-0.042692377,0,0.23041043365389483,0
8,7,48,40.0,2.0,6,20,1,2,20.0,20.0,-0.300379143,-0.224681966,0,0.22990961494910242,0
3,4,15,30.0,1.0,5,20,1,1,35.0,5.0,-0.248598372,-0.327308227,0,0.22684549577262647,0
3,4,15,30.0,1.0,5,20,1,1,35.0,5.0,-0.248598372,-0.327308227,0,0.22684549577262647,0
7,6,39,40.0,2.0,6,21,1,1,19.05,4.76,-0.586098499,4.82e-16,0,0.2242220232168959,0
7,6,39,40.0,2.0,6,21,2,1,19.05,4.76,-0.586098499,4.82e-16,0,0.2242220232168959,0
5,7,27,30.0,1.0,6,24,2,1,16.67,0.0,-0.366277593,-0.167686501,0,0.22275641166281637,0
8,7,48,40.0,2.0,6,20,1,1,20.0,20.0,-0.573451091,-0.010699141,0,0.22241633143048542,0
7,1,34,30.0,1.0,3,23,1,1,8.7,4.35,-0.447138855,-0.092644195,0,0.22238778139739213,0
2,1,6,40.0,2.0,3,22,1,1,13.64,77.27,-0.384024262,-0.156517813,0,0.22041553360253932,0
3,6,17,30.0,1.0,4,22,1,1,9.1,9.09,-0.320368586,-0.234174718,0,0.22028512526545607,0
2,2,7,40.0,2.0,3,19,1,1,5.26,63.15,-1.017556647,0.101830709,0,0.21769662496887732,0
6,4,32,30.0,1.0,5,23,1,1,26.09,26.09,-0.172666698,-0.782461996,0,0.21736760847376613,0
6,2,30,30.0,1.0,4,23,1,1,8.7,13.04,-0.334323512,-0.235238677,0,0.21513158336229846,0
9,4,52,20.0,0.0,4,25,1,1,16.0,16.0,-0.460857224,-0.11628038,0,0.21067875652686768,0
7,6,39,40.0,2.0,6,21,1,1,19.05,4.76,-0.195366166,-0.651558364,0,0.20987084047632681,0
8,3,44,30.0,1.0,4,22,1,1,27.27,18.18,-0.209829835,-0.624564978,0,0.20450774385259607,0
3,3,14,20.0,0.0,5,23,1,1,26.09,4.3,-0.432589799,-0.203683244,0,0.1924432072098059,0
6,5,33,40.0,2.0,6,20,1,2,10.0,15.0,-0.426088119,-0.211575986,0,0.1921951666938921,0
6,5,33,40.0,2.0,6,20,2,1,10.0,15.0,-0.426088119,-0.211575986,0,0.1921951666938921,0
6,5,33,40.0,2.0,6,20,1,1,10.0,15.0,-0.426088119,-0.211575986,0,0.1921951666938921,0
5,8,28,20.0,0.0,6,24,1,1,16.67,0.0,-0.221498157,-0.91088972,0,0.19061408203683525,0
7,8,41,30.0,1.0,6,21,1,1,19.05,0.0,-0.313558207,-0.387606934,0,0.1902851504700206,0
5,3,23,50.0,3.0,4,20,1,1,10.0,10.0,-0.284671092,-0.460749935,0,0.18961157796609868,0
5,3,23,50.0,3.0,4,20,1,1,10.0,10.0,-0.284671092,-0.460749935,0,0.18961157796609868,0
6,1,29,40.0,2.0,3,23,1,1,8.7,26.08,-0.267286236,-0.532761057,0,0.18736867240625996,0
8,5,46,30.0,1.0,5,22,1,1,22.73,9.09,-0.78355476,-0.01032557,0,0.18534184719900199,0
3,2,13,,,4,22,1,1,40.9,13.64,-0.914543885,0.024450055,0,0.1850697804888541,0
1,4,4,40.0,2.0,5,21,1,2,33.33,4.76,-0.274196794,-1.279075463,0,0.18384753996341155,0
1,5,5,30.0,1.0,5,20,2,1,36.84,5.2,-0.357667374,-0.342666472,0,0.1832577868283992,0
1,1,1,40.0,2.0,6,20,1,1,5.0,10.0,-0.517028549,-0.159013116,0,0.1828819660984364,0
4,1,18,30.0,1.0,3,25,2,1,20.0,8.0,-1.651570451,0.040033375,0,0.18260265705794826,0
7,8,41,30.0,1.0,6,21,1,1,19.05,0.0,-0.533048952,-0.148202651,0,0.18231392715939687,0
9,1,49,30.0,1.0,3,21,1,1,9.52,19.05,-0.339779055,-0.394622802,0,0.17973356923189668,0
9,5,53,30.0,1.0,5,20,1,1,5.0,20.0,-0.253546276,-0.712547841,0,0.17842655165662435,0
8,4,45,30.0,1.0,4,18,1,1,16.67,11.11,-0.343592135,-0.394695643,0,0.17840657570056345,0
4,1,18,30.0,1.0,3,25,1,2,20.0,8.0,-1.128921574,0.040033375,0,0.17706776638559465,0
6,4,32,30.0,1.0,5,23,1,1,26.09,26.09,-0.33152006,-0.455250616,0,0.17291499078858544,0
9,3,51,20.0,0.0,4,24,1,1,29.17,4.17,-0.524958205,-2.093767675,0,0.16861578357681695,0
4,1,18,30.0,1.0,3,25,1,1,20.0,8.0,-0.344948259,-0.460383813,0,0.16747137632610415,0
4,1,18,30.0,1.0,3,25,2,1,20.0,8.0,-0.344948259,-0.460383813,0,0.16747137632610415,0
5,3,23,50.0,3.0,4,20,1,1,10.0,10.0,-0.284671092,-0.691124903,0,0.16615030008852127,0
6,2,30,30.0,1.0,4,23,1,1,8.7,13.04,-0.334323512,-0.520001286,0,0.1631388292770486,0
9,2,50,20.0,0.0,3,20,1,1,15.0,15.0,-0.282347799,-0.820504934,0,0.1613140689728664,0
9,4,52,20.0,0.0,4,25,1,1,16.0,16.0,-0.691285835,-0.11628038,0,0.16034269727093253,0
9,6,55,20.0,0.0,6,20,2,1,30.0,5.0,-0.702334935,-0.110835386,0,0.16024485171702665,0
6,2,30,30.0,1.0,4,23,1,1,8.7,13.04,-0.334323512,-1.374289114,0,0.15865636410306522,0
8,7,48,40.0,2.0,6,20,1,1,20.0,20.0,-0.573451091,-0.224681966,0,0.15186130364521433,0
3,4,15,30.0,1.0,5,20,1,1,35.0,5.0,-0.485358726,-0.327308227,0,0.14912685499731201,0
8,5,46,30.0,1.0,5,22,1,1,22.73,9.09,-0.580752352,-0.237488099,0,0.14710701331049772,0
7,8,41,30.0,1.0,6,21,2,1,19.05,0.0,-0.313558207,-0.866415499,0,0.14690134465798355,0
5,4,24,20.0,0.0,4,19,1,1,5.26,0.0,-0.866775041,-0.084121539,0,0.1458658713978502,0
3,1,12,40.0,2.0,3,20,1,1,20.0,10.0,-0.397731796,-0.493801413,0,0.14564757528040714,0
2,2,7,40.0,2.0,3,19,1,2,5.26,63.15,-0.341557476,-0.704329068,0,0.14318252628815692,0
1,5,5,30.0,1.0,5,20,2,1,36.84,5.2,-0.357667374,-0.638605699,0,0.14258295873636972,0
7,1,34,30.0,1.0,3,23,2,1,8.7,4.35,-0.447138855,-0.447780274,0,0.13798902592665882,0
3,3,14,20.0,0.0,5,23,1,1,26.09,4.3,-0.432589799,-0.487605341,0,0.13627471570722038,0
4,3,20,,,4,22,1,1,13.64,13.64,-0.406637837,-0.547905116,0,0.136163614287214,0
5,1,21,30.0,1.0,3,21,2,2,23.81,23.81,-0.489790207,-0.396880726,0,0.13508241418548905,0
8,4,45,30.0,1.0,4,18,1,1,16.67,11.11,-0.343592135,-0.986739108,0,0.13360064168616678,0
2,5,10,20.0,0.0,6,19,1,1,15.79,42.1,-1.161941086,-0.058545084,0,0.13054133355199948,0
5,3,23,50.0,3.0,4,20,1,1,10.0,10.0,-0.480995983,-0.460749935,0,0.12719973545591232,0
7,8,41,30.0,1.0,6,21,1,1,19.05,0.0,-0.533048952,-0.387606934,0,0.12642362229482154,0
3,1,12,40.0,2.0,3,20,2,1,20.0,10.0,-0.397731796,-0.691321979,0,0.1252616092626226,0
2,6,11,30.0,1.0,6,20,1,1,15.0,20.0,-0.529285214,-0.404585357,0,0.12440554003067536,0
5,6,26,30.0,1.0,5,22,1,1,4.54,9.09,-0.833551156,-0.166953467,0,0.12382836714769944,0
4,3,20,,,4,22,1,1,13.64,13.64,-0.609956756,-0.324684513,0,0.12195695833370919,0
6,4,32,30.0,1.0,5,23,1,1,26.09,26.09,-0.649226783,-0.291644926,0,0.12138015030368227,0
1,2,2,20.0,0.0,4,19,2,1,15.78,5.26,-0.527117947,-0.434609548,0,0.12010477697193224,0
9,6,54,30.0,1.0,6,21,1,1,38.1,9.52,-0.452837655,-0.595428518,0,0.11789223025139677,0
8,7,48,40.0,2.0,6,20,1,1,20.0,20.0,-0.436915117,-0.652647615,0,0.1168432026369441,0
7,6,39,40.0,2.0,6,21,1,1,19.05,4.76,-0.390732333,-1.085930607,0,0.11618128212546926,0
7,7,40,20.0,0.0,6,22,1,1,22.73,4.55,-0.563496644,-0.415690689,0,0.11514591772917182,0
4,3,20,,,4,22,1,1,13.64,13.64,-0.406637837,-1.217566924,0,0.113528576858838,0
4,3,20,,,4,22,2,1,13.64,13.64,-1.219913512,-0.10146391,0,0.1118964268587034,0
1,3,3,20.0,0.0,6,21,1,1,19.05,9.52,-0.787682673,-0.2377153,0,0.1116708870195213,0
7,2,35,30.0,1.0,3,21,1,1,14.29,4.76,-0.411414654,-0.910932086,0,0.11019365503835883,0
8,7,48,40.0,2.0,6,20,1,2,20.0,20.0,-0.573451091,-0.43866479,0,0.10954265702344829,0
2,3,8,50.0,2.0,4,19,2,2,10.53,78.95,-0.503115295,-0.557069546,0,0.1094118063555423,0
9,5,53,30.0,1.0,5,20,1,2,5.0,20.0,-0.760638829,-0.26720544,0,0.10877239297187787,0
3,5,16,30.0,1.0,5,22,2,1,18.18,4.55,-0.9634382,-0.177553066,0,0.10665386164702086,0
6,5,33,40.0,2.0,6,20,1,1,10.0,15.0,-0.426088119,-0.916829273,0,0.10547203761401565,0
8,1,42,30.0,1.0,3,16,1,1,18.75,18.75,-0.734187948,-0.308040036,0,0.10414636435005933,0
5,6,26,30.0,1.0,5,22,1,1,4.54,9.09,-0.426037257,-1.031183181,0,0.10375025006933672,0
2,2,7,40.0,2.0,3,19,1,2,5.26,63.15,-0.47675731,-0.704329068,0,0.10213986511398754,0
9,4,52,20.0,0.0,4,25,1,1,16.0,16.0,-1.382571671,-0.11628038,0,0.101363204224463,0
9,6,54,30.0,1.0,6,21,1,1,38.1,9.52,-0.452837655,-0.822773951,0,0.10122581664397544,0
1,1,1,40.0,2.0,6,20,1,1,5.0,10.0,-0.517028549,-0.613336305,0,0.10030933505313665,0
1,1,1,40.0,2.0,6,20,1,1,5.0,10.0,-0.517028549,-0.613336305,0,0.10030933505313665,0
1,1,1,40.0,2.0,6,20,1,1,5.0,10.0,-0.517028549,-0.613336305,0,0.10030933505313665,0
5,1,21,30.0,1.0,3,21,1,1,23.81,23.81,-0.661216779,-0.396880726,0,0.0998114803640571,0
8,2,43,40.0,2.0,3,16,1,1,25.0,25.0,-0.504404181,-0.665423048,0,0.09851469454164957,0
6,3,31,20.0,0.0,5,22,1,1,13.64,4.55,-0.615941591,-0.460265885,0,0.09822971491855077,0
6,3,31,20.0,0.0,5,22,1,1,13.64,4.55,-0.615941591,-0.460265885,0,0.09822971491855077,0
1,4,4,40.0,2.0,5,21,2,1,33.33,4.76,-1.059396706,-0.179519363,0,0.09801624468031252,0
2,4,9,40.0,2.0,5,20,1,1,5.0,70.0,-0.542446115,-0.588860904,0,0.09718056493770409,0
6,1,29,40.0,2.0,3,23,1,2,8.7,26.08,-0.75909291,-0.328535985,0,0.09665539004802634,0
4,1,18,30.0,1.0,3,25,1,1,20.0,8.0,-0.606272697,-1.961635378,0,0.0960165420729093,0
7,3,36,30.0,1.0,4,22,1,1,27.27,9.1,-0.470261359,-0.95962362,0,0.09171701035841358,0
9,6,55,20.0,0.0,6,20,1,1,30.0,5.0,-0.539001229,-0.665012315,0,0.09084354269828429,0
4,3,20,,,4,22,2,1,13.64,13.64,-0.813275675,-0.324684513,0,0.09027117205286778,0
9,3,51,20.0,0.0,4,24,1,1,29.17,4.17,-0.524958205,-0.721742441,0,0.08951688289368372,0
3,1,12,40.0,2.0,3,20,1,1,20.0,10.0,-0.884750323,-0.296280848,0,0.08741489308421174,0
6,3,31,20.0,0.0,5,22,1,1,13.64,4.55,-0.942464845,-0.269212122,0,0.08699795195381793,0
5,5,25,40.0,2.0,5,22,2,1,18.18,9.09,-0.554089897,-0.697797011,0,0.08509900018764131,0
3,1,12,40.0,2.0,3,20,1,1,20.0,10.0,-0.560071305,-0.691321979,0,0.08438562201009278,0
8,3,44,30.0,1.0,4,22,1,1,27.27,18.18,-0.528192343,-0.810246457,0,0.08335513214838897,0
9,6,54,30.0,1.0,6,21,1,1,38.1,9.52,-0.811690137,-0.368083084,0,0.08295703468763503,0
9,2,50,20.0,0.0,3,20,1,1,15.0,15.0,-0.988217297,-0.273501645,0,0.08198405023721209,0
9,2,50,20.0,0.0,3,20,1,2,15.0,15.0,-0.988217297,-0.273501645,0,0.08198405023721209,0
7,8,41,30.0,1.0,6,21,1,1,19.05,0.0,-0.533048952,-0.866415499,0,0.07959946038908366,0
1,3,3,20.0,0.0,6,21,1,1,19.05,9.52,-0.787682673,-0.409853965,0,0.07943576626958629,0
1,2,2,20.0,0.0,4,19,1,1,15.78,5.26,-0.527117947,-0.920349632,0,0.0788331947997302,0
7,2,35,30.0,1.0,3,21,2,2,14.29,4.76,-0.603408159,-1.780458168,0,0.07822666512171275,0
9,2,50,20.0,0.0,3,20,1,1,15.0,15.0,-0.517637632,-1.094006578,0,0.07753699377298774,0
1,5,5,30.0,1.0,5,20,1,1,36.84,5.2,-0.901321784,-0.342666472,0,0.07729916677267816,0
1,2,2,20.0,0.0,4,19,1,1,15.78,5.26,-0.783918998,-0.434609548,0,0.07637973064859316,0
9,6,55,20.0,0.0,6,20,1,1,30.0,5.0,-0.539001229,-1.403914888,0,0.07625647456640987,0
7,8,41,30.0,1.0,6,21,1,1,19.05,0.0,-0.533048952,-1.105819781,0,0.07375177172007186,0
6,3,31,20.0,0.0,5,22,1,1,13.64,4.55,-0.779203218,-0.460265885,0,0.07354424592967333,0
7,4,37,30.0,1.0,4,21,2,1,23.8,0.0,-0.635926857,-0.659578962,0,0.07315443969634199,0
7,4,37,30.0,1.0,4,21,1,1,23.8,0.0,-0.635926857,-0.659578962,0,0.07315443969634199,0
8,7,48,40.0,2.0,6,20,1,1,20.0,20.0,-0.573451091,-0.86663044,0,0.07130358063650942,0
6,2,30,30.0,1.0,4,23,1,1,8.7,13.04,-0.590638204,-0.804763896,0,0.07112802184493049,0
8,5,46,30.0,1.0,5,22,2,1,22.73,9.09,-0.580752352,-0.918975687,0,0.06780503248709409,0
1,4,4,40.0,2.0,5,21,2,1,33.33,4.76,-0.797663402,-0.493678249,0,0.06723162531282241,0
5,4,24,20.0,0.0,4,19,1,1,5.26,0.0,-0.866775041,-0.439301368,0,0.066418160191898,0
7,4,37,30.0,1.0,4,21,1,1,23.8,0.0,-0.635926857,-1.745944312,0,0.06583319219210376,0
5,4,24,20.0,0.0,4,19,2,1,5.26,0.0,-1.324239645,-0.261711453,0,0.06449136642911016,0
4,1,18,30.0,1.0,3,25,1,1,20.0,8.0,-0.867597135,-0.460383813,0,0.06366399567528921,0
7,3,36,30.0,1.0,4,22,1,1,27.27,9.1,-0.658365902,-0.741977026,0,0.0636044794863429,0
2,6,11,30.0,1.0,6,20,1,2,15.0,20.0,-0.754512965,-0.592764593,0,0.062113647563930105,0
3,6,17,30.0,1.0,4,22,1,1,9.1,9.09,-0.591449698,-1.072846964,0,0.06177854211003814,0
4,1,18,30.0,1.0,3,25,1,1,20.0,8.0,-0.606272697,-0.960801001,0,0.06172385419556718,0
4,3,20,,,4,22,1,1,13.64,13.64,-0.609956756,-0.994346321,0,0.06010060721012842,0
7,1,34,30.0,1.0,3,23,1,1,8.7,4.35,-0.925473444,-0.447780274,0,0.0597663838186212,0
4,3,20,,,4,22,1,1,13.64,13.64,-0.813275675,-0.547905116,0,0.059622072300239776,0
7,5,38,30.0,1.0,5,21,1,1,23.8,9.5,-1.064068781,-0.370933017,0,0.059337831311967994,0
7,5,38,30.0,1.0,5,21,1,1,23.8,9.5,-1.064068781,-0.370933017,0,0.059337831311967994,0
6,2,30,30.0,1.0,4,23,1,2,8.7,13.04,-0.846952896,-0.520001286,0,0.05895148251023389,0
1,4,4,40.0,2.0,5,21,2,1,33.33,4.76,-1.190263358,-0.336598806,0,0.05705797480604168,0
4,2,19,30.0,1.0,4,22,2,1,22.73,9.09,-1.272221756,-0.313891249,0,0.05691590297708008,0
2,1,6,40.0,2.0,3,22,1,2,13.64,77.27,-0.612363012,-1.216023005,0,0.05656233481683693,0
6,3,31,20.0,0.0,5,22,1,1,13.64,4.55,-0.615941591,-1.224480941,0,0.05587870367706143,0
2,5,10,20.0,0.0,6,19,1,2,15.79,42.1,-0.623480583,-1.170901678,0,0.05473851115384773,0
2,5,10,20.0,0.0,6,19,1,2,15.79,42.1,-0.623480583,-1.170901678,0,0.05473851115384773,0
9,5,53,30.0,1.0,5,20,1,2,5.0,20.0,-0.92966968,-0.489876641,0,0.054502602445230544,0
2,2,7,40.0,2.0,3,19,1,2,5.26,63.15,-0.747156979,-0.704329068,0,0.05414000527960472,0
3,3,14,20.0,0.0,5,23,1,1,26.09,4.3,-0.716863096,-0.771527438,0,0.053651877892940215,0
5,4,24,20.0,0.0,4,19,1,1,5.26,0.0,-1.019263242,-0.439301368,0,0.05334053059722464,0
7,3,36,30.0,1.0,4,22,1,1,27.27,9.1,-0.658365902,-0.95962362,0,0.053288640179045554,0
7,4,37,30.0,1.0,4,21,1,1,23.8,0.0,-0.635926857,-1.202761637,0,0.052361624314052585,0
7,7,40,20.0,0.0,6,22,1,1,22.73,4.55,-0.735676174,-0.760792392,0,0.05193740516858215,0
3,2,13,,,4,22,1,1,40.9,13.64,-0.681943128,-0.916877071,0,0.0513918581981794,0
6,1,29,40.0,2.0,3,23,1,2,8.7,26.08,-0.75909291,-0.736986129,0,0.050616732377192546,0
6,5,33,40.0,2.0,6,20,2,1,10.0,15.0,-0.650345024,-1.269455917,0,0.049736920910878515,0
5,7,27,30.0,1.0,6,24,2,1,16.67,0.0,-0.765853149,-0.742611645,0,0.04950526970995231,0
2,4,9,40.0,2.0,5,20,1,2,5.0,70.0,-1.472353741,-0.321196857,0,0.04918242820324464,0
8,2,43,40.0,2.0,3,16,1,1,25.0,25.0,-0.827222857,-0.665423048,0,0.04818214615393537,0
1,4,4,40.0,2.0,5,21,2,1,33.33,4.76,-0.66679675,-1.436154906,0,0.0480995543629257,0
7,1,34,30.0,1.0,3,23,1,1,8.7,4.35,-0.68630615,-1.513188513,0,0.04593381823941386,0
3,5,16,30.0,1.0,5,22,2,1,18.18,4.55,-0.81311451,-0.73557699,0,0.04495524383229914,0
3,6,17,30.0,1.0,4,22,1,1,9.1,9.09,-0.726990253,-0.953036643,0,0.04427239302204247,0
7,1,34,30.0,1.0,3,23,1,1,8.7,4.35,-1.164640739,-0.447780274,0,0.04357431539760109,0
9,4,52,20.0,0.0,4,25,1,1,16.0,16.0,-0.691285835,-1.279084179,0,0.043276866428224446,0
9,4,52,20.0,0.0,4,25,2,1,16.0,16.0,-0.691285835,-1.279084179,0,0.043276866428224446,0
9,1,49,30.0,1.0,3,21,1,1,9.52,19.05,-0.903096963,-0.645746403,0,0.04280220034136157,0
1,4,4,40.0,2.0,5,21,2,1,33.33,4.76,-0.797663402,-0.807837135,0,0.04253637156862057,0
5,3,23,50.0,3.0,4,20,1,1,10.0,10.0,-0.873645765,-0.691124903,0,0.042163171480681605,0
3,2,13,,,4,22,2,1,40.9,13.64,-0.914543885,-0.647926464,0,0.04172769078929002,0
2,3,8,50.0,2.0,4,19,1,2,10.53,78.95,-0.838525492,-0.753075497,0,0.04152545930444399,0
3,1,12,40.0,2.0,3,20,2,1,20.0,10.0,-0.722410814,-1.086363109,0,0.04129101504151473,0
6,1,29,40.0,2.0,3,23,1,1,8.7,26.08,-0.75909291,-0.941211201,0,0.04098790200021148,0
9,6,54,30.0,1.0,6,21,1,2,38.1,9.52,-0.811690137,-0.822773951,0,0.040436876117733195,0
7,4,37,30.0,1.0,4,21,2,1,23.8,0.0,-2.348037625,-0.387987625,0,0.04017944898801752,0
6,4,32,30.0,1.0,5,23,2,2,26.09,26.09,-0.966933507,-0.618856306,0,0.03992097126668751,0
4,2,19,30.0,1.0,4,22,1,1,22.73,9.09,-0.781188797,-0.914378856,0,0.03960830401014469,0
6,2,30,30.0,1.0,4,23,1,1,8.7,13.04,-1.103267589,-0.520001286,0,0.0395428962346067,0
3,3,14,20.0,0.0,5,23,1,1,26.09,4.3,-0.858999744,-0.771527438,0,0.0387114781631335,0
9,4,52,20.0,0.0,4,25,1,2,16.0,16.0,-0.921714447,-0.69768228,0,0.03788830278624474,0
8,3,44,30.0,1.0,4,22,2,2,27.27,18.18,-0.846554851,-0.810246457,0,0.037844731202746965,0
1,4,4,40.0,2.0,5,21,1,1,33.33,4.76,-1.190263358,-0.493678249,0,0.03762328715818999,0
5,7,27,30.0,1.0,6,24,1,1,16.67,0.0,-0.765853149,-1.030074218,0,0.03760554911277205,0
8,3,44,30.0,1.0,4,22,2,2,27.27,18.18,-1.005736105,-0.624564978,0,0.036902318547069074,0
1,5,5,30.0,1.0,5,20,1,2,36.84,5.2,-0.765408181,-1.082514538,0,0.03643105204838387,0
9,3,51,20.0,0.0,4,24,2,1,29.17,4.17,-0.839933128,-0.893245595,0,0.034873221586404816,0
9,3,51,20.0,0.0,4,24,2,1,29.17,4.17,-0.839933128,-0.893245595,0,0.034873221586404816,0
6,1,29,40.0,2.0,3,23,1,1,8.7,26.08,-0.75909291,-1.349661345,0,0.03420981789865657,0
4,3,20,,,4,22,1,1,13.64,13.64,-0.813275675,-0.994346321,0,0.033888527044284716,0
4,2,19,30.0,1.0,4,22,2,2,22.73,9.09,-0.781188797,-1.214622659,0,0.03265266990310952,0
7,6,39,40.0,2.0,6,21,2,1,19.05,4.76,-0.781464665,-1.52030285,0,0.032127988322713,0
9,3,51,20.0,0.0,4,24,2,1,29.17,4.17,-0.997420589,-0.721742441,0,0.031376122592110735,0
1,2,2,20.0,0.0,4,19,1,1,15.78,5.26,-0.783918998,-1.406089716,0,0.03135174829061719,0
9,6,54,30.0,1.0,6,21,2,1,38.1,9.52,-0.811690137,-1.732155687,0,0.03126266050844219,0
7,5,38,30.0,1.0,5,21,1,2,23.8,9.5,-1.064068781,-0.659436474,0,0.03117810476540321,0
1,3,3,20.0,0.0,6,21,1,1,19.05,9.52,-0.787682673,-1.442685956,0,0.030995229731273576,0
3,2,13,,,4,22,2,1,40.9,13.64,-0.798243507,-1.58925359,0,0.030779774229280573,0
4,1,18,30.0,1.0,3,25,2,1,20.0,8.0,-0.867597135,-0.960801001,0,0.030289600890237495,0
9,6,54,30.0,1.0,6,21,1,1,38.1,9.52,-1.170542618,-0.595428518,0,0.030210835844387465,0
6,1,29,40.0,2.0,3,23,1,1,8.7,26.08,-1.004996248,-0.736986129,0,0.030117175546609393,0
6,4,32,30.0,1.0,5,23,1,1,26.09,26.09,-0.808080145,-1.600490447,0,0.029752067564674457,0
8,7,48,40.0,2.0,6,20,1,2,20.0,20.0,-0.846523039,-1.080613264,0,0.02886818817184405,0
3,3,14,20.0,0.0,5,23,2,1,26.09,4.3,-1.001136393,-0.771527438,0,0.02864067716306323,0
9,2,50,20.0,0.0,3,20,1,1,15.0,15.0,-0.988217297,-0.820504934,0,0.02722884706176985,0
7,3,36,30.0,1.0,4,22,2,1,27.27,9.1,-1.410784076,-0.524330432,0,0.027212726539140707,0
5,6,26,30.0,1.0,5,22,1,1,4.54,9.09,-1.241065054,-0.599068324,0,0.027135345529897475,0
2,1,6,40.0,2.0,3,22,1,2,13.64,77.27,-0.840701762,-1.216023005,0,0.027077097792196598,0
1,3,3,20.0,0.0,6,21,1,1,19.05,9.52,-1.048176155,-0.754131295,0,0.02688140398437022,0
5,2,22,40.0,2.0,3,19,1,1,21.05,21.06,-0.866413565,-1.106817678,0,0.026759815716181665,0
8,3,44,30.0,1.0,4,22,1,1,27.27,18.18,-1.005736105,-0.810246457,0,0.026656863687997294,0
9,6,55,20.0,0.0,6,20,1,1,30.0,5.0,-0.865668641,-1.219189244,0,0.02502760944074424,0
3,5,16,30.0,1.0,5,22,1,1,18.18,4.55,-0.9634382,-0.921584964,0,0.02499390546724391,0
3,2,13,,,4,22,2,2,40.9,13.64,-0.914543885,-1.051352375,0,0.024512792112078303,0
7,4,37,30.0,1.0,4,21,1,1,23.8,0.0,-0.97834901,-0.9311703,0,0.023829923719204133,0
9,3,51,20.0,0.0,4,24,2,1,29.17,4.17,-1.15490805,-0.721742441,0,0.023534061921953224,0
2,5,10,20.0,0.0,6,19,1,2,15.79,42.1,-1.161941086,-0.72595904,0,0.023052133888941586,0
7,2,35,30.0,1.0,3,21,1,1,14.29,4.76,-0.98739517,-2.215221209,0,0.022377487784044667,0
2,2,7,40.0,2.0,3,19,1,2,5.26,63.15,-0.882356813,-1.510488844,0,0.022126783964236046,0
2,3,8,50.0,2.0,4,19,2,2,10.53,78.95,-1.00623059,-0.949081449,0,0.021792077916018875,0
2,3,8,50.0,2.0,4,19,1,2,10.53,78.95,-1.00623059,-0.949081449,0,0.021792077916018875,0
2,3,8,50.0,2.0,4,19,1,2,10.53,78.95,-1.173935688,-0.753075497,0,0.02136698054071285,0
1,3,3,20.0,0.0,6,21,1,2,19.05,9.52,-0.917929414,-1.786963286,0,0.020864351222536465,0
1,5,5,30.0,1.0,5,20,1,1,36.84,5.2,-1.037235386,-0.934544925,0,0.02067285527094615,0
6,3,31,20.0,0.0,5,22,1,1,13.64,4.55,-1.105726471,-0.842373413,0,0.020575493804903134,0
7,6,39,40.0,2.0,6,21,2,1,19.05,4.76,-1.367563164,-0.651558364,0,0.020132467849772392,0
7,3,36,30.0,1.0,4,22,1,1,27.27,9.1,-1.034574989,-0.95962362,0,0.020097874271515454,0
7,1,34,30.0,1.0,3,23,1,1,8.7,4.35,-1.164640739,-0.802916354,0,0.019705452915352906,0
9,3,51,20.0,0.0,4,24,1,1,29.17,4.17,-0.997420589,-1.064748749,0,0.019416818422014474,0
9,4,52,20.0,0.0,4,25,1,1,16.0,16.0,-0.921714447,-1.569785129,0,0.019239198453102062,0
1,4,4,40.0,2.0,5,21,2,1,33.33,4.76,-1.059396706,-0.964916577,0,0.01882678003487496,0
2,1,6,40.0,2.0,3,22,2,2,13.64,77.27,-1.069040512,-0.951146707,0,0.01877200320070111,0
9,6,54,30.0,1.0,6,21,2,1,38.1,9.52,-1.170542618,-0.822773951,0,0.018769641365309873,0
9,6,54,30.0,1.0,6,21,1,1,38.1,9.52,-1.170542618,-0.822773951,0,0.018769641365309873,0
5,5,25,40.0,2.0,5,22,1,1,18.18,9.09,-1.353432699,-0.697797011,0,0.018247000594661666,0
5,6,26,30.0,1.0,5,22,1,1,4.54,9.09,-1.037308105,-1.031183181,0,0.01822171197324937,0
3,2,13,,,4,22,2,2,40.9,13.64,-1.030844263,-1.051352375,0,0.018083491713436435,0
9,5,53,30.0,1.0,5,20,1,1,5.0,20.0,-1.098700531,-0.935219041,0,0.017975414013101106,0
4,2,19,30.0,1.0,4,22,1,1,22.73,9.09,-1.272221756,-0.764256954,0,0.0176675234661865,0
5,5,25,40.0,2.0,5,22,1,1,18.18,9.09,-1.153596998,-0.882755255,0,0.01741605097041355,0
5,6,26,30.0,1.0,5,22,2,1,4.54,9.09,-1.241065054,-0.815125753,0,0.016735880909255662,0
3,1,12,40.0,2.0,3,20,2,1,20.0,10.0,-1.047089831,-1.086363109,0,0.016668732254881774,0
6,4,32,30.0,1.0,5,23,2,1,26.09,26.09,-1.284640231,-0.782461996,0,0.016634943932459772,0
7,8,41,30.0,1.0,6,21,1,1,19.05,0.0,-1.191521188,-0.866415499,0,0.016624172103147393,0
1,3,3,20.0,0.0,6,21,2,1,19.05,9.52,-1.048176155,-1.098408625,0,0.016401271508561577,0
5,4,24,20.0,0.0,4,19,1,1,5.26,0.0,-1.019263242,-2.0376106,0,0.016053767698770507,0
8,4,45,30.0,1.0,4,18,1,1,16.67,11.11,-1.468075488,-0.690717375,0,0.016013247947727884,0
9,2,50,20.0,0.0,3,20,1,1,15.0,15.0,-0.988217297,-1.367508223,0,0.01586367372483447,0
7,2,35,30.0,1.0,3,21,1,1,14.29,4.76,-1.179388675,-0.910932086,0,0.015735941169474466,0
7,2,35,30.0,1.0,3,21,2,1,14.29,4.76,-1.179388675,-0.910932086,0,0.015735941169474466,0
1,2,2,20.0,0.0,4,19,1,1,15.78,5.26,-1.040720049,-1.163219674,0,0.01565484671266528,0
1,3,3,20.0,0.0,6,21,1,1,19.05,9.52,-1.178422896,-0.92626996,0,0.015359661523743183,0
3,6,17,30.0,1.0,4,22,1,1,9.1,9.09,-0.998071365,-1.432277926,0,0.014977598039066927,0
9,4,52,20.0,0.0,4,25,1,1,16.0,16.0,-1.152143059,-0.98838323,0,0.014716503689968475,0
4,2,19,30.0,1.0,4,22,1,1,22.73,9.09,-1.108544103,-1.064500757,0,0.014656339241742746,0
5,3,23,50.0,3.0,4,20,1,1,10.0,10.0,-1.069970656,-1.151874838,0,0.014624890518925788,0
4,3,20,,,4,22,1,1,13.64,13.64,-1.016594593,-1.440787526,0,0.014043418757753223,0
8,7,48,40.0,2.0,6,20,2,1,20.0,20.0,-1.119594987,-1.080613264,0,0.013971729254460781,0
3,1,12,40.0,2.0,3,20,1,1,20.0,10.0,-1.047089831,-1.283883674,0,0.013889216969148289,0
2,2,7,40.0,2.0,3,19,1,2,5.26,63.15,-1.152756482,-1.026792978,0,0.013882878441425084,0
7,5,38,30.0,1.0,5,21,1,1,23.8,9.5,-1.064068781,-1.236443389,0,0.013724458950595396,0
8,4,45,30.0,1.0,4,18,1,2,16.67,11.11,-1.18695465,-0.986739108,0,0.013656411486528346,0
9,1,49,30.0,1.0,3,21,1,2,9.52,19.05,-1.278642235,-0.896870004,0,0.013276386064828918,0
5,7,27,30.0,1.0,6,24,2,1,16.67,0.0,-1.298620556,-0.886342932,0,0.01306024117149563,0
6,4,32,30.0,1.0,5,23,1,1,26.09,26.09,-1.443493593,-0.782461996,0,0.013024802898105209,0
4,2,19,30.0,1.0,4,22,2,1,22.73,9.09,-1.272221756,-0.914378856,0,0.012995069904489462,0
5,3,23,50.0,3.0,4,20,1,1,10.0,10.0,-1.266295547,-0.92149987,0,0.012970062390264974,0
9,6,55,20.0,0.0,6,20,2,1,30.0,5.0,-1.355669759,-0.849737958,0,0.012754552365623445,0
3,6,17,30.0,1.0,4,22,1,1,9.1,9.09,-1.404693032,-0.833226322,0,0.012219848094953505,0
7,6,39,40.0,2.0,6,21,1,1,19.05,4.76,-1.172196998,-1.085930607,0,0.012201736590137496,0
2,4,9,40.0,2.0,5,20,1,2,5.0,70.0,-1.162384532,-1.124188999,0,0.011884635223248029,0
1,3,3,20.0,0.0,6,21,1,1,19.05,9.52,-1.178422896,-1.098408625,0,0.011817322389273093,0
7,7,40,20.0,0.0,6,22,1,1,22.73,4.55,-1.080035234,-1.968648355,0,0.011740691795128924,0
1,5,5,30.0,1.0,5,20,2,1,36.84,5.2,-1.309062591,-0.934544925,0,0.011646557080920217,0
7,5,38,30.0,1.0,5,21,1,1,23.8,9.5,-1.296833827,-0.947939932,0,0.011625292128136991,0
7,5,38,30.0,1.0,5,21,2,2,23.8,9.5,-1.296833827,-0.947939932,0,0.011625292128136991,0
9,2,50,20.0,0.0,3,20,2,1,15.0,15.0,-1.458796963,-0.820504934,0,0.011595800013877368,0
5,1,21,30.0,1.0,3,21,2,1,23.81,23.81,-1.175496496,-1.121619444,0,0.011541400768521864,0
3,1,12,40.0,2.0,3,20,1,1,20.0,10.0,-1.371768849,-0.888842544,0,0.011399494993553541,0
7,8,41,30.0,1.0,6,21,1,1,19.05,0.0,-1.191521188,-1.105819781,0,0.011333406168025558,0
7,1,34,30.0,1.0,3,23,1,2,8.7,4.35,-1.164640739,-1.158052434,0,0.011331578258728282,0
5,6,26,30.0,1.0,5,22,1,1,4.54,9.09,-1.241065054,-1.031183181,0,0.011291690477778053,0
9,1,49,30.0,1.0,3,21,1,1,9.52,19.05,-1.090869599,-1.399117207,0,0.011269880804921457,0
2,3,8,50.0,2.0,4,19,1,2,10.53,78.95,-1.173935688,-1.1450874,0,0.011244693890133214,0
2,5,10,20.0,0.0,6,19,1,2,15.79,42.1,-1.161941086,-1.170901678,0,0.011237272625378847,0
8,7,48,40.0,2.0,6,20,1,1,20.0,20.0,-1.119594987,-1.294596089,0,0.011136227928184824,0
9,5,53,30.0,1.0,5,20,2,1,5.0,20.0,-1.098700531,-1.380561442,0,0.011123341191990889,0
5,7,27,30.0,1.0,6,24,1,1,16.67,0.0,-1.165428704,-1.173805504,0,0.011098198192406889,0
6,2,30,30.0,1.0,4,23,1,1,8.7,13.04,-1.103267589,-1.374289114,0,0.01101249254326388,0
8,5,46,30.0,1.0,5,22,2,2,22.73,9.09,-1.189159577,-1.146138216,0,0.010808156700119736,0
1,1,1,40.0,2.0,6,20,1,1,5.0,10.0,-1.238463734,-1.067659494,0,0.010725569969428429,0
2,6,11,30.0,1.0,6,20,1,1,15.0,20.0,-1.204968467,-1.157302301,0,0.010240996165727694,0
3,4,15,30.0,1.0,5,20,2,1,35.0,5.0,-1.19563979,-1.181155777,0,0.010176753848003891,0
3,6,17,30.0,1.0,4,22,1,1,9.1,9.09,-1.269152476,-1.072846964,0,0.009925415560550663,0
5,2,22,40.0,2.0,3,19,1,1,21.05,21.06,-1.136280085,-1.38721149,0,0.00986862939882887,0
7,7,40,20.0,0.0,6,22,2,1,22.73,4.55,-1.252214764,-1.105894096,0,0.009808846294677251,0
4,2,19,30.0,1.0,4,22,1,1,22.73,9.09,-1.435899409,-0.914378856,0,0.009657578949764045,0
8,2,43,40.0,2.0,3,16,2,2,25.0,25.0,-1.311450871,-1.038993882,0,0.00957187414423695,0
7,6,39,40.0,2.0,6,21,1,1,19.05,4.76,-1.172196998,-1.303116728,0,0.009507213641832223,0
5,4,24,20.0,0.0,4,19,1,1,5.26,0.0,-1.171751444,-1.327250941,0,0.009313194389702774,0
6,4,32,30.0,1.0,5,23,2,2,26.09,26.09,-1.125786869,-1.600490447,0,0.009241083593709218,0
9,3,51,20.0,0.0,4,24,1,1,29.17,4.17,-1.312395512,-1.064748749,0,0.009141776848924256,0
3,2,13,,,4,22,2,1,40.9,13.64,-1.147144642,-1.454778286,0,0.009139996111747173,0
8,6,47,50.0,3.0,6,21,2,1,23.81,0.0,-1.550984406,-0.881698285,0,0.008700422797598088,0
5,5,25,40.0,2.0,5,22,2,1,18.18,9.09,-1.553268399,-0.882755255,0,0.00864843555928273,0
3,2,13,,,4,22,1,1,40.9,13.64,-1.26344502,-1.185827679,0,0.008527433811190368,0
5,6,26,30.0,1.0,5,22,1,1,4.54,9.09,-1.241065054,-1.247240609,0,0.008355570204973099,0
4,3,20,,,4,22,2,1,13.64,13.64,-1.42323243,-0.994346321,0,0.00833121274394945,0
2,6,11,30.0,1.0,6,20,1,1,15.0,20.0,-1.204968467,-1.345481537,0,0.008327485442186951,0
4,2,19,30.0,1.0,4,22,2,1,22.73,9.09,-1.272221756,-1.214622659,0,0.00803041712480052,0
2,4,9,40.0,2.0,5,20,1,2,5.0,70.0,-1.162384532,-1.659517093,0,0.008023258216233451,0
5,1,21,30.0,1.0,3,21,1,1,23.81,23.81,-1.346923068,-1.121619444,0,0.0077105250929766,0
2,1,6,40.0,2.0,3,22,1,2,13.64,77.27,-1.297379262,-1.216023005,0,0.007526475755197393,0
3,5,16,30.0,1.0,5,22,1,1,18.18,4.55,-1.264085582,-1.293600913,0,0.007450569905376964,0
3,5,16,30.0,1.0,5,22,1,1,18.18,4.55,-1.264085582,-1.293600913,0,0.007450569905376964,0
6,3,31,20.0,0.0,5,22,1,2,13.64,4.55,-1.268988098,-2.370803523,0,0.0069496453820269335,0
1,5,5,30.0,1.0,5,20,2,1,36.84,5.2,-1.444976193,-1.082514538,0,0.006712390536227426,0
1,1,1,40.0,2.0,6,20,1,2,5.0,10.0,-1.238463734,-1.521982683,0,0.006575660605056989,0
1,1,1,40.0,2.0,6,20,2,1,5.0,10.0,-1.238463734,-1.521982683,0,0.006575660605056989,0
8,6,47,50.0,3.0,6,21,1,1,23.81,0.0,-1.257554924,-1.460312784,0,0.006472547042438507,0
9,1,49,30.0,1.0,3,21,1,1,9.52,19.05,-1.278642235,-1.399117207,0,0.006413149633929565,0
9,2,50,20.0,0.0,3,20,2,1,15.0,15.0,-1.458796963,-1.094006578,0,0.006386807385552727,0
4,1,18,30.0,1.0,3,25,1,1,20.0,8.0,-1.651570451,-0.960801001,0,0.006145746408197029,0
5,1,21,30.0,1.0,3,21,1,1,23.81,23.81,-1.689776213,-0.940434765,0,0.006138667356804603,0
3,6,17,30.0,1.0,4,22,1,1,9.1,9.09,-1.404693032,-1.192657284,0,0.00603170594835855,0
2,4,9,40.0,2.0,5,20,1,2,5.0,70.0,-1.472353741,-1.124188999,0,0.005868284242833764,0
3,2,13,,,4,22,2,1,40.9,13.64,-1.26344502,-1.58925359,0,0.00583766924645648,0
9,1,49,30.0,1.0,3,21,1,1,9.52,19.05,-1.466414871,-1.147993605,0,0.0056857587337852886,0
2,1,6,40.0,2.0,3,22,1,2,13.64,77.27,-1.754056762,-0.951146707,0,0.005472095102980272,0
8,7,48,40.0,2.0,6,20,1,1,20.0,20.0,-1.392666935,-1.294596089,0,0.0053316256818485884,0
6,2,30,30.0,1.0,4,23,1,1,8.7,13.04,-1.359582281,-1.374289114,0,0.005253338817426677,0
1,2,2,20.0,0.0,4,19,1,1,15.78,5.26,-1.2975211,-1.648959757,0,0.005062750156497742,0
3,6,17,30.0,1.0,4,22,1,1,9.1,9.09,-1.404693032,-1.312467605,0,0.005047843778352299,0
8,3,44,30.0,1.0,4,22,1,1,27.27,18.18,-1.324098613,-1.552972376,0,0.004924176061892974,0
8,2,43,40.0,2.0,3,16,1,1,25.0,25.0,-1.472860209,-1.225779299,0,0.004894977458179263,0
2,2,7,40.0,2.0,3,19,2,2,5.26,63.15,-1.693555819,-1.026792978,0,0.004884080510454048,0
9,1,49,30.0,1.0,3,21,2,2,9.52,19.05,-2.029732779,-0.896870004,0,0.004858161588760245,0
5,8,28,20.0,0.0,6,24,1,1,16.67,0.0,-1.993483411,-0.91088972,0,0.0047746788280808635,0
8,6,47,50.0,3.0,6,21,1,1,23.81,0.0,-2.13784337,-0.881698285,0,0.00475873335426221,0
8,6,47,50.0,3.0,6,21,1,1,23.81,0.0,-2.13784337,-0.881698285,0,0.00475873335426221,0
7,8,41,30.0,1.0,6,21,2,1,19.05,0.0,-1.411011933,-1.345224064,0,0.004754161166285287,0
5,5,25,40.0,2.0,5,22,2,1,18.18,9.09,-2.152775501,-0.882755255,0,0.0046993292887532,0
6,5,33,40.0,2.0,6,20,1,1,10.0,15.0,-1.995886453,-0.916829273,0,0.004671917512658678,0
2,1,6,40.0,2.0,3,22,1,2,13.64,77.27,-1.525718012,-1.216023005,0,0.0044318312963673705,0
8,5,46,30.0,1.0,5,22,1,1,22.73,9.09,-1.594764394,-1.146138216,0,0.0044084464716660065,0
8,2,43,40.0,2.0,3,16,2,2,25.0,25.0,-1.795678885,-1.038993882,0,0.004071978411514729,0
9,4,52,20.0,0.0,4,25,2,1,16.0,16.0,-1.382571671,-1.569785129,0,0.00406097067689571,0
7,1,34,30.0,1.0,3,23,1,1,8.7,4.35,-1.403808033,-1.513188513,0,0.004006879803979277,0
5,5,25,40.0,2.0,5,22,1,2,18.18,9.09,-1.353432699,-1.992504719,0,0.0038808012318467867,0
2,6,11,30.0,1.0,6,20,2,1,15.0,20.0,-1.655423968,-1.157302301,0,0.0038413597571455137,0
7,8,41,30.0,1.0,6,21,1,1,19.05,0.0,-1.411011933,-1.584628346,0,0.003679346239502033,0
2,6,11,30.0,1.0,6,20,1,1,15.0,20.0,-1.430196217,-1.533660773,0,0.0036381859593296643,0
3,4,15,30.0,1.0,5,20,1,1,35.0,5.0,-1.669160498,-1.181155777,0,0.003556822450487988,0
5,8,28,20.0,0.0,6,24,2,1,16.67,0.0,-1.816284885,-1.085780547,0,0.003492214386176551,0
4,1,18,30.0,1.0,3,25,2,1,20.0,8.0,-1.390246012,-1.961635378,0,0.003362966672649929,0
9,4,52,20.0,0.0,4,25,2,1,16.0,16.0,-1.613000283,-1.279084179,0,0.0032760352752843817,0
5,6,26,30.0,1.0,5,22,1,1,4.54,9.09,-1.444822003,-1.679355466,0,0.0030809394336437377,0
2,2,7,40.0,2.0,3,19,1,1,5.26,63.15,-1.42315615,-2.155416665,0,0.0030328580763130386,0
6,4,32,30.0,1.0,5,23,1,2,26.09,26.09,-1.443493593,-1.764096137,0,0.0029370675672764175,0
1,5,5,30.0,1.0,5,20,2,1,36.84,5.2,-1.444976193,-1.822362603,0,0.002843275701570009,0
1,4,4,40.0,2.0,5,21,1,1,33.33,4.76,-1.451996661,-1.907393234,0,0.0026961537069051175,0
1,1,1,40.0,2.0,6,20,1,1,5.0,10.0,-1.478942129,-1.749144277,0,0.0026356693927234833,0
3,5,16,30.0,1.0,5,22,1,1,18.18,4.55,-1.715056655,-1.293600913,0,0.0025753151897097105,0
2,4,9,40.0,2.0,5,20,1,2,5.0,70.0,-1.472353741,-1.927181141,0,0.002492655916877135,0
5,3,23,50.0,3.0,4,20,2,1,10.0,10.0,-1.658945329,-1.382249806,0,0.0024630965141831497,0
7,2,35,30.0,1.0,3,21,1,1,14.29,4.76,-1.563375686,-1.563076648,0,0.002414839448597322,0
9,5,53,30.0,1.0,5,20,1,1,5.0,20.0,-1.943854786,-1.157890242,0,0.0023954353817248783,0
2,1,6,40.0,2.0,3,22,1,2,13.64,77.27,-1.525718012,-1.745775601,0,0.0022723139455400544,0
8,3,44,30.0,1.0,4,22,1,1,27.27,18.18,-1.960823629,-1.181609417,0,0.0021920332350757322,0
7,5,38,30.0,1.0,5,21,2,1,23.8,9.5,-1.529598873,-1.813450304,0,0.002145847069042998,0
3,4,15,30.0,1.0,5,20,2,1,35.0,5.0,-1.669160498,-1.465771627,0,0.002095863760920108,0
7,1,34,30.0,1.0,3,23,1,1,8.7,4.35,-1.642975328,-1.513188513,0,0.00208382174214471,0
3,1,12,40.0,2.0,3,20,1,1,20.0,10.0,-1.534108358,-1.87644537,0,0.002043387781738735,0
6,1,29,40.0,2.0,3,23,1,1,8.7,26.08,-1.742706259,-1.553886417,0,0.001525647602965335,0
9,6,55,20.0,0.0,6,20,2,1,30.0,5.0,-1.68233717,-1.773366174,0,0.0013674067328348705,0
9,3,51,20.0,0.0,4,24,2,1,29.17,4.17,-2.25732028,-1.236251903,0,0.001280461732400879,0
8,5,46,30.0,1.0,5,22,2,1,22.73,9.09,-2.000369211,-1.373300745,0,0.0012606095761962916,0
7,3,36,30.0,1.0,4,22,1,1,27.27,9.1,-1.975097707,-1.394916809,0,0.0012535497018871882,0
7,3,36,30.0,1.0,4,22,2,1,27.27,9.1,-1.786993163,-1.612563403,0,0.001248639028748484,0
3,4,15,30.0,1.0,5,20,2,1,35.0,5.0,-1.905920853,-1.465771627,0,0.001230370322470533,0
5,8,28,20.0,0.0,6,24,2,1,16.67,0.0,-1.816284885,-1.610453026,0,0.0011638224550359684,0
9,6,55,20.0,0.0,6,20,2,1,30.0,5.0,-1.845670876,-1.588640531,0,0.0011219550095582468,0
7,7,40,20.0,0.0,6,22,1,1,22.73,4.55,-1.768753354,-1.796097504,0,0.0010340443276488746,0
8,3,44,30.0,1.0,4,22,1,1,27.27,18.18,-1.801642375,-1.738653856,0,0.001008196332471306,0
8,5,46,30.0,1.0,5,22,1,1,22.73,9.09,-1.797566802,-1.827625804,0,0.0009182468636402176,0
9,6,54,30.0,1.0,6,21,2,1,38.1,9.52,-2.067673822,-1.504810253,0,0.0008199660295982759,0
5,3,23,50.0,3.0,4,20,1,1,10.0,10.0,-1.85527022,-1.842999741,0,0.0007629928541136527,0
9,5,53,30.0,1.0,5,20,1,2,5.0,20.0,-1.774823935,-2.271246244,0,0.0007552515697799654,0
3,3,14,20.0,0.0,5,23,2,1,26.09,4.3,-1.853956283,-2.049176875,0,0.0006289441913159176,0
3,3,14,20.0,0.0,5,23,2,1,26.09,4.3,-1.853956283,-2.049176875,0,0.0006289441913159176,0
6,3,31,20.0,0.0,5,22,2,1,13.64,4.55,-2.411819485,-1.415534704,0,0.0006088672553124268,0
5,4,24,20.0,0.0,4,19,1,1,5.26,0.0,-1.934192451,-1.860020685,0,0.0005972340508350638,0
3,5,16,30.0,1.0,5,22,2,1,18.18,4.55,-1.865380346,-2.595656733,0,0.0005392588809002989,0
6,5,33,40.0,2.0,6,20,1,1,10.0,15.0,-2.220143357,-1.62208256,0,0.00046841317929541054,0
5,1,21,30.0,1.0,3,21,1,1,23.81,23.81,-2.032629357,-1.846358162,0,0.0004662122354913615,0
2,5,10,20.0,0.0,6,19,2,1,15.79,42.1,-2.238862093,-1.615844316,0,0.0004588338948824741,0
6,1,29,40.0,2.0,3,23,1,1,8.7,26.08,-1.988609596,-1.96233656,0,0.00045060421272800677,0
5,8,28,20.0,0.0,6,24,1,1,16.67,0.0,-1.993483411,-2.310016331,0,0.00033173814130083837,0
6,2,30,30.0,1.0,4,23,1,1,8.7,13.04,-2.128526358,-1.943814332,0,0.0003125800977213966,0
7,7,40,20.0,0.0,6,22,1,1,22.73,4.55,-2.285291944,-1.796097504,0,0.0002793892680453619,0
5,7,27,30.0,1.0,6,24,1,1,16.67,0.0,-2.097771668,-2.179924507,0,0.00025617505886138195,0
5,7,27,30.0,1.0,6,24,2,1,16.67,0.0,-2.097771668,-2.179924507,0,0.00025617505886138195,0
8,1,42,30.0,1.0,3,16,1,2,18.75,18.75,-2.692022475,-2.279496269,0,4.149345636781762e-05,0
5,2,22,40.0,2.0,3,19,2,2,21.05,21.06,-2.755479205,-2.508786737,0,2.357368215138893e-05,0
