School,Teacher,Teacher ID,Teacher Age Group,Experience,Grade,Class size,Income Type,Ethnicity,% of low,% of multi,AveAca_converted,AveSocio_converted,Gifted
7,6,39,40,2,6,21,1,1,19.05,4.76,5.996375563,6,1
1,2,2,20,0,4,19,1,1,15.78,5.26,6,2.930522232,1
8,4,45,30,1,4,18,1,1,16.67,11.11,5.154050906,5.058945125,1
2,3,8,50,2,4,19,1,2,10.53,78.95,4.870400764,5.512389387,1
2,3,8,50,2,4,19,1,2,10.53,78.95,4.870400764,5.295371644,1
5,6,26,30,1,5,22,1,1,4.54,9.09,5.113537417,4.602809543,1
2,6,11,30,1,6,20,1,1,15,20,4.641520647,5.342881778,1
6,5,33,40,2,6,20,1,1,10,15,4.511523003,5.372650585,1
9,2,50,20,0,3,20,1,1,15,15,4.762234034,4.690836251,1
4,1,18,30,1,3,25,1,1,20,8,4.957365615,4.026359043,1
7,3,36,30,1,4,22,1,1,27.27,9.1,4.668043012,4.70315456,1
8,7,48,40,2,6,20,1,1,20,20,4.443612285,4.994360021,1
5,3,23,50,3,4,20,1,1,10,10,4.5691725,4.65940828,1
5,5,25,40,2,5,22,1,1,18.18,9.09,4.538617619,4.558738515,1
3,4,15,30,1,5,20,1,1,35,5,4.342786954,5.032527734,1
3,6,17,30,1,4,22,1,1,9.1,9.09,4.54290202,4.471787745,1
5,2,22,40,2,3,19,1,1,21.05,21.06,4.527085235,4.442509901,1
7,2,35,30,1,3,21,1,1,14.29,4.76,4.776000009,3.790804869,0
2,5,10,20,0,6,19,1,1,15.79,42.1,4.583414107,4.28701056,0
8,2,43,40,2,3,16,1,2,25,25,4.291901374,5.032477043,0
7,8,41,30,1,6,21,1,1,19.05,0,4.35894454,4.830367492,0
8,7,48,40,2,6,20,2,1,20,20,4.174150099,5.231281754,0
3,6,17,30,1,4,22,1,1,9.1,9.09,4.409153187,4.604441704,0
6,4,32,30,1,5,23,1,1,26.09,26.09,4.429711677,4.543587315,0
6,3,31,20,0,5,22,1,1,13.64,4.55,4.205599828,5.1142551,0
1,1,1,40,2,6,20,1,1,5,10,4.819154782,3.452391021,0
1,4,4,40,2,5,21,1,1,33.33,4.76,4.514669558,4.240411615,0
4,3,20,,,4,22,1,1,13.64,13.64,4.324104118,4.738768083,0
1,3,3,20,0,6,21,1,1,19.05,9.52,4.769334026,3.563671638,0
7,8,41,30,1,6,21,2,1,19.05,0,4.35894454,4.565299127,0
9,4,52,20,0,4,25,1,2,16,16,4.310732185,4.676349041,0
9,4,52,20,0,4,25,1,1,16,16,4.310732185,4.676349041,0
9,4,52,20,0,4,25,1,2,16,16,4.310732185,4.676349041,0
4,3,20,,,4,22,1,1,13.64,13.64,5.126629032,2.514419901,0
1,5,5,30,1,5,20,1,1,36.84,5.2,4.377869183,4.460493324,0
2,4,9,40,2,5,20,1,2,5,70,4.324880711,4.592784419,0
6,1,29,40,2,3,23,1,1,8.7,26.08,4.396523093,4.319099159,0
8,7,48,40,2,6,20,1,1,20,20,4.578343378,3.809751359,0
7,2,35,30,1,3,21,1,1,14.29,4.76,4.397088956,4.272174405,0
8,3,44,30,1,4,22,1,1,27.27,18.18,4.396922496,4.238257223,0
6,4,32,30,1,5,23,1,2,26.09,26.09,4.272958211,4.543587315,0
2,2,7,40,2,3,19,1,1,5.26,63.15,4.383201133,4.236269329,0
3,1,12,40,2,3,20,1,1,20,10,4.088708963,4.951510383,0
8,2,43,40,2,3,16,2,2,25,25,4.13262572,4.825668274,0
3,1,12,40,2,3,20,1,1,20,10,4.248902491,4.514120938,0
3,2,13,,,4,22,1,1,40.9,13.64,4.341385703,4.24100083,0
2,1,6,40,2,3,22,1,2,13.64,77.27,4.142669043,4.75351085,0
5,1,21,30,1,3,21,1,1,23.81,23.81,4.09650383,4.841775877,0
5,5,25,40,2,5,22,1,2,18.18,9.09,4.341423564,4.149167068,0
7,1,34,30,1,3,23,1,1,8.7,4.35,4.401877697,3.950954634,0
7,3,36,30,1,4,22,1,1,27.27,9.1,4.111189091,4.70315456,0
1,1,1,40,2,6,20,1,1,5,10,4.10725631,4.709957338,0
7,8,41,30,1,6,21,1,1,19.05,0,4.35894454,4.035162398,0
6,2,30,30,1,4,23,1,2,8.7,13.04,4.412561802,3.874610681,0
7,7,40,20,0,6,22,1,1,22.73,4.55,4.37175172,3.942043981,0
9,5,53,30,1,5,20,1,1,5,20,4.136823841,4.550392715,0
9,3,51,20,0,4,24,1,1,29.17,4.17,4.065903007,4.733232979,0
3,3,14,20,0,5,23,1,1,26.09,4.3,4.255791178,4.220184869,0
4,2,19,30,1,4,22,1,1,22.73,9.09,3.886359901,5.18580914,0
7,4,37,30,1,4,21,1,1,23.8,0,4.456803327,3.647154167,0
3,2,13,,,4,22,1,1,40.9,13.64,4.226622709,4.24100083,0
6,3,31,20,0,5,22,1,1,13.64,4.55,4.205599828,4.268116372,0
1,5,5,30,1,5,20,1,1,36.84,5.2,4.109635285,4.460493324,0
9,3,51,20,0,4,24,2,1,29.17,4.17,4.221308629,4.163568224,0
9,3,51,20,0,4,24,1,1,29.17,4.17,4.065903007,4.543344727,0
1,3,3,20,0,6,21,1,1,19.05,9.52,4.51228403,3.373079749,0
3,4,15,30,1,5,20,2,1,35,5,4.109156355,4.402274532,0
3,2,13,,,4,22,1,2,40.9,13.64,4.111859715,4.389891854,0
5,4,24,20,0,4,19,1,1,5.26,0,4.271296375,3.960536236,0
4,3,20,,,4,22,1,1,13.64,13.64,4.324104118,3.750168891,0
9,1,49,30,1,3,21,1,1,9.52,19.05,3.86609043,4.939380167,0
9,4,52,20,0,4,25,1,1,16,16,4.083349628,4.354485019,0
9,2,50,20,0,3,20,1,1,15,15,4.297875001,3.782373384,0
9,2,50,20,0,3,20,1,1,15,15,3.833515968,4.993657206,0
7,1,34,30,1,3,23,1,1,8.7,4.35,3.929866254,4.7373678,0
8,7,48,40,2,6,20,1,1,20,20,4.174150099,4.046673092,0
6,4,32,30,1,5,23,1,1,26.09,26.09,4.116204745,4.181298953,0
8,5,46,30,1,5,22,1,1,22.73,9.09,3.947072869,4.623078136,0
8,3,44,30,1,4,22,1,1,27.27,18.18,4.239845472,3.827084243,0
9,1,49,30,1,3,21,1,1,9.52,19.05,4.236671337,3.827204201,0
3,3,14,20,0,5,23,1,1,26.09,4.3,4.255791178,3.748647151,0
4,2,19,30,1,4,22,1,1,22.73,9.09,3.886359901,4.687164339,0
4,2,19,30,1,4,22,1,1,22.73,9.09,3.886359901,4.687164339,0
6,3,31,20,0,5,22,1,1,13.64,4.55,3.883392913,4.691185736,0
6,5,33,40,2,6,20,1,1,10,15,4.068938135,4.201366177,0
3,3,14,20,0,5,23,1,1,26.09,4.3,4.115533446,4.063005629,0
2,2,7,40,2,3,19,1,1,5.26,63.15,4.116375902,4.057753347,0
2,4,9,40,2,5,20,1,2,5,70,4.019009011,4.296426849,0
2,4,9,40,2,5,20,1,2,5,70,4.019009011,4.296426849,0
9,6,55,20,0,6,20,1,1,30,5,4.443622336,3.160249979,0
6,1,29,40,2,3,23,1,1,8.7,26.08,3.911217653,4.54521711,0
6,1,29,40,2,3,23,1,2,8.7,26.08,3.911217653,4.54521711,0
9,5,53,30,1,5,20,1,1,5,20,4.470416676,3.071143716,0
6,2,30,30,1,4,23,1,1,8.7,13.04,4.159635356,3.874610681,0
3,1,12,40,2,3,20,1,1,20,10,4.248902491,3.639342047,0
3,6,17,30,1,4,22,1,1,9.1,9.09,3.874157853,4.604441704,0
5,7,27,30,1,6,24,1,1,16.67,0,3.934792681,4.438779767,0
6,2,30,30,1,4,23,1,1,8.7,13.04,3.906708908,4.505188867,0
6,2,30,30,1,4,23,1,1,8.7,13.04,3.906708908,4.505188867,0
7,4,37,30,1,4,21,1,1,23.8,0,4.11890768,3.94786003,0
2,4,9,40,2,5,20,2,1,5,70,4.324880711,3.407354141,0
7,5,38,30,1,5,21,1,1,23.8,9.5,4.195620678,3.740937406,0
2,1,6,40,2,3,22,1,1,13.64,77.27,4.142669043,3.873697928,0
8,6,47,50,3,6,21,1,1,23.81,0,3.794527995,4.780582647,0
6,2,30,30,1,4,23,1,1,8.7,13.04,3.653782462,5.135767053,0
7,1,34,30,1,3,23,2,1,8.7,4.35,4.401877697,3.164541469,0
1,4,4,40,2,5,21,1,1,33.33,4.76,4.256396129,3.544738328,0
5,8,28,20,0,6,24,1,1,16.67,0,4.074189243,3.995403528,0
5,1,21,30,1,3,21,1,1,23.81,23.81,4.434824769,3.036307172,0
9,1,49,30,1,3,21,1,2,9.52,19.05,4.236671337,3.54916021,0
8,1,42,30,1,3,16,1,1,18.75,18.75,3.650531989,5.079443844,0
4,2,19,30,1,4,22,1,1,22.73,9.09,4.047873885,4.022304604,0
6,1,29,40,2,3,23,1,1,8.7,26.08,3.668564934,4.997453012,0
8,4,45,30,1,4,18,2,1,16.67,11.11,3.767027517,4.731189934,0
5,8,28,20,0,6,24,1,1,16.67,0,3.89933312,4.382681691,0
6,4,32,30,1,5,23,1,1,26.09,26.09,3.95945128,4.181298953,0
8,5,46,30,1,5,22,1,1,22.73,9.09,4.347315961,3.113992347,0
5,1,21,30,1,3,21,1,1,23.81,23.81,3.75818289,4.641168244,0
6,5,33,40,2,6,20,1,1,10,15,4.068938135,3.810938042,0
1,3,3,20,0,6,21,1,1,19.05,9.52,3.869659038,4.326039195,0
7,5,38,30,1,5,21,1,1,23.8,9.5,3.965932573,4.060368365,0
2,5,10,20,0,6,19,1,1,15.79,42.1,3.874957377,4.28701056,0
7,4,37,30,1,4,21,1,1,23.8,0,4.11890768,3.647154167,0
4,1,18,30,1,3,25,1,1,20,8,4.18375571,3.472297251,0
3,3,14,20,0,5,23,2,1,26.09,4.3,3.835017982,4.377364107,0
9,6,54,30,1,6,21,2,1,38.1,9.52,3.688637854,4.731820306,0
1,3,3,20,0,6,21,1,1,19.05,9.52,3.61260904,4.897814862,0
5,4,24,20,0,4,19,1,1,5.26,0,3.669406587,4.747046281,0
5,3,23,50,3,4,20,1,1,10,10,3.794253878,4.404337172,0
5,6,26,30,1,5,22,1,1,4.54,9.09,3.706093136,4.602809543,0
2,6,11,30,1,6,20,1,1,15,20,3.97476931,3.884417741,0
4,3,20,,,4,22,1,1,13.64,13.64,3.722210432,4.491618285,0
1,1,1,40,2,6,20,1,1,5,10,3.632657329,4.709957338,0
5,2,22,40,2,3,19,1,1,21.05,21.06,3.728187841,4.442509901,0
5,2,22,40,2,3,19,2,1,21.05,21.06,3.728187841,4.442509901,0
1,5,5,30,1,5,20,1,1,36.84,5.2,3.841401388,4.132829484,0
3,5,16,30,1,5,22,1,1,18.18,4.55,3.845063549,4.118959697,0
8,5,46,30,1,5,22,2,1,22.73,9.09,3.746951322,4.371563838,0
1,5,5,30,1,5,20,1,1,36.84,5.2,3.70728444,4.460493324,0
7,5,38,30,1,5,21,1,1,23.8,9.5,3.736244469,4.379799324,0
9,6,55,20,0,6,20,1,1,30,5,3.960098584,3.773834544,0
2,2,7,40,2,3,19,1,1,5.26,63.15,3.849550669,4.057753347,0
3,6,17,30,1,4,22,1,1,9.1,9.09,3.740409019,4.339133787,0
9,6,55,20,0,6,20,1,1,30,5,3.637749417,4.591947295,0
5,6,26,30,1,5,22,1,1,4.54,9.09,3.907156605,3.885153343,0
9,5,53,30,1,5,20,1,1,5,20,3.636434587,4.550392715,0
7,7,40,20,0,6,22,1,1,22.73,4.55,3.862041297,3.942043981,0
1,4,4,40,2,5,21,1,1,33.33,4.76,3.610712557,4.588248258,0
4,2,19,30,1,4,22,1,1,22.73,9.09,3.886359901,3.856089671,0
7,1,34,30,1,3,23,1,1,8.7,4.35,3.693860532,4.344161217,0
7,1,34,30,1,3,23,1,1,8.7,4.35,3.693860532,4.344161217,0
7,3,36,30,1,4,22,1,1,27.27,9.1,3.739953144,4.221198045,0
3,5,16,30,1,5,22,1,1,18.18,4.55,3.696727001,4.324907682,0
4,1,18,30,1,3,25,1,1,20,8,3.152275836,5.688544417,0
5,7,27,30,1,6,24,1,1,16.67,0,3.803361504,3.961362029,0
8,1,42,30,1,3,16,1,1,18.75,18.75,4.754505558,1.441450727,0
9,6,54,30,1,6,21,2,1,38.1,9.52,3.688637854,4.228386686,0
9,6,54,30,1,6,21,1,1,38.1,9.52,3.688637854,4.228386686,0
1,4,4,40,2,5,21,1,1,33.33,4.76,3.481575842,4.76216658,0
2,6,11,30,1,6,20,2,1,15,20,3.97476931,3.46771373,0
7,1,34,30,1,3,23,1,1,8.7,4.35,3.929866254,3.557748052,0
5,3,23,50,3,4,20,1,1,10,10,3.794253878,3.894194953,0
7,2,35,30,1,3,21,1,1,14.29,4.76,3.828722375,3.790804869,0
3,2,13,,,4,22,1,1,40.9,13.64,3.882333727,3.645436733,0
9,3,51,20,0,4,24,1,1,29.17,4.17,3.755091764,3.973679973,0
7,5,38,30,1,5,21,1,1,23.8,9.5,3.965932573,3.421506447,0
3,5,16,30,1,5,22,1,1,18.18,4.55,3.696727001,4.118959697,0
2,2,7,40,2,3,19,1,2,5.26,63.15,3.716138053,4.057753347,0
5,7,27,30,1,6,24,1,1,16.67,0,3.934792681,3.483944291,0
7,8,41,30,1,6,21,1,1,19.05,0,3.925765984,3.505025669,0
7,3,36,30,1,4,22,1,1,27.27,9.1,3.739953144,3.980219788,0
5,4,24,20,0,4,19,1,1,5.26,0,3.669406587,4.157163747,0
2,6,11,30,1,6,20,1,1,15,20,3.530268417,4.509473757,0
7,8,41,30,1,6,21,1,1,19.05,0,3.709176704,4.035162398,0
6,4,32,30,1,5,23,2,1,26.09,26.09,3.645944349,4.181298953,0
7,6,39,40,2,6,21,1,1,19.05,4.76,3.682972311,4.076252625,0
9,6,55,20,0,6,20,1,1,30,5,3.637749417,4.18289092,0
1,4,4,40,2,5,21,1,1,33.33,4.76,3.481575842,4.588248258,0
8,3,44,30,1,4,22,1,1,27.27,18.18,3.611537378,4.238257223,0
2,6,11,30,1,6,20,1,1,15,20,3.97476931,3.259361726,0
5,1,21,30,1,3,21,1,1,23.81,23.81,3.589022421,4.239952976,0
9,6,54,30,1,6,21,1,2,38.1,9.52,3.688637854,3.976669875,0
4,1,18,30,1,3,25,1,1,20,8,3.668015773,4.026359043,0
7,7,40,20,0,6,22,2,1,22.73,4.55,3.692137823,3.942043981,0
9,3,51,20,0,4,24,1,1,29.17,4.17,3.599686144,4.163568224,0
5,8,28,20,0,6,24,1,1,16.67,0,3.724476997,3.801764447,0
7,4,37,30,1,4,21,1,1,23.8,0,3.781012035,3.647154167,0
9,2,50,20,0,3,20,1,1,15,15,3.369156935,4.690836251,0
3,1,12,40,2,3,20,1,2,20,10,3.768321904,3.639342047,0
8,3,44,30,1,4,22,1,1,27.27,18.18,3.454460354,4.443843714,0
1,5,5,30,1,5,20,1,1,36.84,5.2,3.57316749,4.132829484,0
9,4,52,20,0,4,25,1,1,16,16,3.855967072,3.388892952,0
2,5,10,20,0,6,19,1,2,15.79,42.1,3.697843194,3.794370177,0
6,1,29,40,2,3,23,1,1,8.7,26.08,3.668564934,3.866863257,0
2,2,7,40,2,3,19,1,2,5.26,63.15,3.582725436,4.057753347,0
9,3,51,20,0,4,24,1,2,29.17,4.17,3.599686144,3.973679973,0
9,3,51,20,0,4,24,1,1,29.17,4.17,3.599686144,3.973679973,0
5,7,27,30,1,6,24,1,1,16.67,0,3.540499149,4.120501275,0
3,5,16,30,1,5,22,1,1,18.18,4.55,3.696727001,3.707063727,0
3,5,16,30,1,5,22,1,1,18.18,4.55,3.696727001,3.707063727,0
4,2,19,30,1,4,22,1,1,22.73,9.09,3.886359901,3.191229935,0
3,2,13,,,4,22,1,1,40.9,13.64,3.882333727,3.19876366,0
5,8,28,20,0,6,24,1,1,16.67,0,3.724476997,3.608125365,0
3,4,15,30,1,5,20,2,1,35,5,3.174633958,5.032527734,0
9,1,49,30,1,3,21,1,1,9.52,19.05,3.31021907,4.661336175,0
1,4,4,40,2,5,21,1,1,33.33,4.76,3.868985985,3.196901685,0
5,3,23,50,3,4,20,2,2,10,10,3.406794567,4.404337172,0
8,6,47,50,3,6,21,1,1,23.81,0,3.504977382,4.139940811,0
2,5,10,20,0,6,19,2,1,15.79,42.1,3.343614829,4.533330752,0
8,3,44,30,1,4,22,1,1,27.27,18.18,3.611537378,3.827084243,0
8,3,44,30,1,4,22,2,1,27.27,18.18,3.297383331,4.649430204,0
2,3,8,50,2,4,19,1,2,10.53,78.95,3.381007051,4.427300673,0
2,1,6,40,2,3,22,2,2,13.64,77.27,3.917348723,2.993885006,0
2,1,6,40,2,3,22,1,2,13.64,77.27,3.692028402,3.580426954,0
5,5,25,40,2,5,22,1,1,18.18,9.09,3.552647342,3.944381344,0
2,1,6,40,2,3,22,1,1,13.64,77.27,3.466708081,4.166968902,0
7,5,38,30,1,5,21,2,1,23.8,9.5,3.506556364,4.060368365,0
6,4,32,30,1,5,23,1,1,26.09,26.09,3.802697814,3.275578049,0
5,7,27,30,1,6,24,1,1,16.67,0,3.540499149,3.961362029,0
9,6,54,30,1,6,21,2,1,38.1,9.52,4.396855414,1.711218583,0
5,1,21,30,1,3,21,2,1,23.81,23.81,3.419861951,4.239952976,0
7,6,39,40,2,6,21,1,1,19.05,4.76,3.297405103,4.557189469,0
3,5,16,30,1,5,22,1,2,18.18,4.55,3.696727001,3.501115743,0
7,8,41,30,1,6,21,1,1,19.05,0,3.492587426,4.035162398,0
9,6,54,30,1,6,21,1,1,38.1,9.52,3.511583464,3.976669875,0
1,3,3,20,0,6,21,1,1,19.05,9.52,3.74113404,3.373079749,0
6,3,31,20,0,5,22,1,1,13.64,4.55,3.883392913,2.998908283,0
6,2,30,30,1,4,23,1,1,8.7,13.04,3.906708908,2.928743402,0
3,5,16,30,1,5,22,1,1,18.18,4.55,3.845063549,3.089219773,0
8,2,43,40,2,3,16,1,1,25,25,3.33624745,4.412050736,0
8,5,46,30,1,5,22,1,1,22.73,9.09,3.34670823,4.371563838,0
1,3,3,20,0,6,21,1,1,19.05,9.52,3.355559044,4.326039195,0
2,2,7,40,2,3,19,1,2,5.26,63.15,3.582725436,3.700721381,0
7,2,35,30,1,3,21,1,1,14.29,4.76,3.639266849,3.550120102,0
8,3,44,30,1,4,22,1,1,27.27,18.18,3.454460354,4.032670734,0
5,7,27,30,1,6,24,1,1,16.67,0,3.540499149,3.802222784,0
5,7,27,30,1,6,24,1,1,16.67,0,3.540499149,3.802222784,0
5,3,23,50,3,4,20,1,1,10,10,3.600524223,3.639123844,0
5,3,23,50,3,4,20,1,1,10,10,3.600524223,3.639123844,0
5,6,26,30,1,5,22,1,1,4.54,9.09,3.505029668,3.885153343,0
3,2,13,,,4,22,2,1,40.9,13.64,3.538044746,3.794327757,0
5,8,28,20,0,6,24,1,1,16.67,0,3.374764751,4.189042609,0
4,2,19,30,1,4,22,1,1,22.73,9.09,3.563331933,3.689874737,0
5,6,26,30,1,5,22,1,1,4.54,9.09,3.303966198,4.363590809,0
3,5,16,30,1,5,22,1,1,18.18,4.55,3.548390452,3.707063727,0
5,4,24,20,0,4,19,1,1,5.26,0,3.368461693,4.157163747,0
7,6,39,40,2,6,21,1,1,19.05,4.76,3.490188707,3.835784204,0
7,7,40,20,0,6,22,1,1,22.73,4.55,3.522234349,3.750995719,0
7,7,40,20,0,6,22,1,1,22.73,4.55,3.522234349,3.750995719,0
1,1,1,40,2,6,20,1,1,5,10,3.632657329,3.452391021,0
7,5,38,30,1,5,21,1,1,23.8,9.5,3.276868259,4.379799324,0
6,3,31,20,0,5,22,2,1,13.64,4.55,3.561185998,3.633512328,0
4,1,18,30,1,3,25,1,1,20,8,3.410145805,4.026359043,0
6,4,32,30,1,5,23,1,1,26.09,26.09,3.489190883,3.819010592,0
2,1,6,40,2,3,22,1,2,13.64,77.27,3.692028402,3.28715598,0
8,2,43,40,2,3,16,1,1,25,25,3.814074412,2.964389353,0
2,1,6,40,2,3,22,1,2,13.64,77.27,3.466708081,3.873697928,0
9,4,52,20,0,4,25,1,1,16,16,3.401201959,4.032620997,0
2,6,11,30,1,6,20,1,1,15,20,3.530268417,3.676065736,0
9,2,50,20,0,3,20,1,1,15,15,3.369156935,4.085194339,0
3,2,13,,,4,22,1,1,40.9,13.64,3.423281752,3.943218782,0
8,5,46,30,1,5,22,1,1,22.73,9.09,3.546829777,3.617020943,0
9,5,53,30,1,5,20,1,1,5,20,3.46963817,3.810768216,0
9,6,54,30,1,6,21,1,1,38.1,9.52,3.688637854,3.221519444,0
9,6,55,20,0,6,20,2,1,30,5,3.31540025,4.18289092,0
1,2,2,20,0,4,19,1,1,15.78,5.26,2.959123488,5.081767451,0
7,3,36,30,1,4,22,2,1,27.27,9.1,3.368717197,3.980219788,0
7,3,36,30,1,4,22,1,1,27.27,9.1,3.368717197,3.980219788,0
6,1,29,40,2,3,23,1,1,8.7,26.08,3.668564934,3.188509404,0
1,3,3,20,0,6,21,2,1,19.05,9.52,3.227034046,4.326039195,0
5,6,26,30,1,5,22,1,1,4.54,9.09,3.303966198,4.124372076,0
9,1,49,30,1,3,21,1,1,9.52,19.05,3.31021907,4.105248192,0
3,2,13,,,4,22,1,1,40.9,13.64,3.423281752,3.794327757,0
7,7,40,20,0,6,22,1,1,22.73,4.55,3.352330875,3.942043981,0
9,6,54,30,1,6,21,1,1,38.1,9.52,3.334529074,3.976669875,0
9,5,53,30,1,5,20,1,1,5,20,3.302841752,4.057309716,0
3,4,15,30,1,5,20,1,1,35,5,3.408264557,3.772021329,0
4,3,20,,,4,22,1,1,13.64,13.64,3.320947976,3.997318689,0
3,1,12,40,2,3,20,1,1,20,10,3.287741318,4.076731492,0
9,6,55,20,0,6,20,1,1,30,5,3.637749417,3.160249979,0
3,6,17,30,1,4,22,1,1,9.1,9.09,3.339162519,3.941171911,0
8,5,46,30,1,5,22,2,2,22.73,9.09,3.746951322,2.862478048,0
9,6,55,20,0,6,20,1,1,30,5,3.476574833,3.569306356,0
3,1,12,40,2,3,20,1,1,20,10,3.447934847,3.639342047,0
3,1,12,40,2,3,20,1,1,20,10,3.447934847,3.639342047,0
1,4,4,40,2,5,21,1,1,33.33,4.76,3.481575842,3.544738328,0
4,1,18,30,1,3,25,1,1,20,8,3.925885742,2.364173668,0
2,3,8,50,2,4,19,1,1,10.53,78.95,3.711983432,2.908176475,0
5,5,25,40,2,5,22,1,1,18.18,9.09,3.158259232,4.353952791,0
7,8,41,30,1,6,21,1,1,19.05,0,3.275998148,4.035162398,0
9,2,50,20,0,3,20,1,1,15,15,3.833515968,2.57108956,0
7,5,38,30,1,5,21,2,1,23.8,9.5,3.506556364,3.421506447,0
1,1,1,40,2,6,20,1,1,5,10,3.395357838,3.703904285,0
7,7,40,20,0,6,22,1,1,22.73,4.55,3.522234349,3.368899195,0
5,4,24,20,0,4,19,1,1,5.26,0,3.669406587,2.97739868,0
5,4,24,20,0,4,19,1,1,5.26,0,3.368461693,3.763908725,0
5,7,27,30,1,6,24,1,1,16.67,0,3.409067972,3.643083538,0
5,3,23,50,3,4,20,1,1,10,10,3.406794567,3.639123844,0
1,2,2,20,0,4,19,1,1,15.78,5.26,3.46593624,3.468333538,0
7,5,38,30,1,5,21,1,1,23.8,9.5,3.965932573,2.143782609,0
8,7,48,40,2,6,20,2,1,20,20,3.231032444,4.046673092,0
9,1,49,30,1,3,21,1,1,9.52,19.05,3.31021907,3.827204201,0
9,6,55,20,0,6,20,1,1,30,5,3.476574833,3.364778167,0
6,2,30,30,1,4,23,2,1,8.7,13.04,3.400856016,3.559321587,0
8,1,42,30,1,3,16,1,1,18.75,18.75,3.374538597,3.624246597,0
9,5,53,30,1,5,20,1,1,5,20,3.302841752,3.810768216,0
3,3,14,20,0,5,23,1,2,26.09,4.3,4.39604891,0.919420848,0
9,3,51,20,0,4,24,1,1,29.17,4.17,3.444280523,3.404015218,0
3,6,17,30,1,4,22,1,2,9.1,9.09,3.339162519,3.675863994,0
5,2,22,40,2,3,19,1,1,21.05,21.06,3.994486972,1.958894209,0
7,7,40,20,0,6,22,1,1,22.73,4.55,3.522234349,3.177850933,0
7,1,34,30,1,3,23,1,1,8.7,4.35,3.221849088,3.950954634,0
5,7,27,30,1,6,24,1,1,16.67,0,3.277636795,3.802222784,0
3,4,15,30,1,5,20,2,1,35,5,3.408264557,3.456894728,0
1,5,5,30,1,5,20,1,1,36.84,5.2,3.70728444,2.6583422,0
7,4,37,30,1,4,21,1,1,23.8,0,3.443116389,3.346448302,0
3,6,17,30,1,4,22,1,1,9.1,9.09,3.874157853,2.216670449,0
8,5,46,30,1,5,22,1,1,22.73,9.09,3.146586684,4.12004954,0
2,1,6,40,2,3,22,1,2,13.64,77.27,3.01606744,4.460239876,0
7,2,35,30,1,3,21,1,1,14.29,4.76,3.639266849,2.828065798,0
8,6,47,50,3,6,21,1,1,23.81,0,3.504977382,3.178978057,0
8,6,47,50,3,6,21,1,1,23.81,0,3.504977382,3.178978057,0
1,1,1,40,2,6,20,1,1,5,10,3.395357838,3.452391021,0
1,1,1,40,2,6,20,1,1,5,10,3.395357838,3.452391021,0
7,2,35,30,1,3,21,1,1,14.29,4.76,3.449811321,3.309435334,0
2,4,9,40,2,5,20,1,1,5,70,3.407265613,3.407354141,0
6,3,31,20,0,5,22,1,1,13.64,4.55,3.238979084,3.84504701,0
2,5,10,20,0,6,19,1,1,15.79,42.1,3.343614829,3.548049987,0
5,6,26,30,1,5,22,1,1,4.54,9.09,3.303966198,3.64593461,0
9,4,52,20,0,4,25,1,2,16,16,3.401201959,3.388892952,0
1,2,2,20,0,4,19,1,1,15.78,5.26,2.959123488,4.543956147,0
4,1,18,30,1,3,25,1,2,20,8,3.152275836,4.026359043,0
1,2,2,20,0,4,19,1,1,15.78,5.26,3.46593624,3.199427885,0
2,5,10,20,0,6,19,1,2,15.79,42.1,3.520729012,3.055409604,0
3,3,14,20,0,5,23,1,1,26.09,4.3,3.133729324,4.063005629,0
5,7,27,30,1,6,24,1,1,16.67,0,3.409067972,3.324805046,0
5,6,26,30,1,5,22,1,1,4.54,9.09,3.10290273,4.124372076,0
3,1,12,40,2,3,20,1,1,20,10,3.447934847,3.2019526,0
3,5,16,30,1,5,22,1,1,18.18,4.55,3.251717353,3.707063727,0
3,3,14,20,0,5,23,1,1,26.09,4.3,3.414244787,3.277109434,0
9,6,54,30,1,6,21,2,1,38.1,9.52,3.334529074,3.473236255,0
2,3,8,50,2,4,19,1,2,10.53,78.95,3.381007051,3.342211961,0
5,4,24,20,0,4,19,1,1,5.26,0,3.51893414,2.97739868,0
5,8,28,20,0,6,24,1,1,16.67,0,3.199908628,3.801764447,0
6,1,29,40,2,3,23,1,1,8.7,26.08,3.425912214,3.188509404,0
1,4,4,40,2,5,21,1,1,33.33,4.76,3.352439128,3.370820007,0
1,5,5,30,1,5,20,2,1,36.84,5.2,3.304933593,3.477501802,0
5,5,25,40,2,5,22,1,1,18.18,9.09,3.355453287,3.330024174,0
6,1,29,40,2,3,23,2,1,8.7,26.08,3.668564934,2.510155552,0
8,2,43,40,2,3,16,1,1,25,25,3.33624745,3.378006891,0
6,3,31,20,0,5,22,1,1,13.64,4.55,3.400082542,3.210442965,0
5,8,28,20,0,6,24,1,1,16.67,0,3.025052505,4.189042609,0
8,5,46,30,1,5,22,1,1,22.73,9.09,3.146586684,3.868535242,0
8,1,42,30,1,3,16,1,1,18.75,18.75,2.822551813,4.715644532,0
7,4,37,30,1,4,21,2,1,23.8,0,3.105220742,3.94786003,0
7,3,36,30,1,4,22,1,1,27.27,9.1,3.368717197,3.257285016,0
7,2,35,30,1,3,21,2,1,14.29,4.76,3.070900268,4.031489637,0
3,4,15,30,1,5,20,2,1,35,5,3.408264557,3.141768127,0
1,3,3,20,0,6,21,2,2,19.05,9.52,3.098509048,3.944855417,0
5,8,28,20,0,6,24,1,1,16.67,0,3.374764751,3.220847204,0
5,3,23,50,3,4,20,1,1,10,10,3.213064912,3.639123844,0
8,3,44,30,1,4,22,2,2,27.27,18.18,3.140306307,3.827084243,0
3,4,15,30,1,5,20,1,1,35,5,3.641895157,2.511514925,0
3,1,12,40,2,3,20,2,1,20,10,3.287741318,3.420647323,0
3,5,16,30,1,5,22,2,1,18.18,4.55,3.251717353,3.501115743,0
5,8,28,20,0,6,24,1,1,16.67,0,3.724476997,2.252651797,0
5,4,24,20,0,4,19,1,1,5.26,0,3.217989246,3.567281213,0
5,8,28,20,0,6,24,1,1,16.67,0,3.199908628,3.608125365,0
1,1,1,40,2,6,20,1,1,5,10,3.158058348,3.703904285,0
1,4,4,40,2,5,21,1,1,33.33,4.76,3.481575842,2.849065042,0
6,5,33,40,2,6,20,1,1,10,15,3.405060834,3.03008177,0
4,2,19,30,1,4,22,1,1,22.73,9.09,3.078789981,3.856089671,0
5,1,21,30,1,3,21,2,1,23.81,23.81,3.081541011,3.838737708,0
5,5,25,40,2,5,22,1,1,18.18,9.09,2.961065176,4.149167068,0
5,5,25,40,2,5,22,1,1,18.18,9.09,2.961065176,4.149167068,0
6,3,31,20,0,5,22,1,1,13.64,4.55,3.561185998,2.575838919,0
9,3,51,20,0,4,24,1,1,29.17,4.17,3.444280523,2.834350464,0
4,1,18,30,1,3,25,2,1,20,8,3.410145805,2.918235459,0
7,2,35,30,1,3,21,1,1,14.29,4.76,3.260355795,3.309435334,0
8,5,46,30,1,5,22,1,1,22.73,9.09,2.946465138,4.12004954,0
7,3,36,30,1,4,22,1,1,27.27,9.1,3.183099224,3.498263274,0
5,5,25,40,2,5,22,1,1,18.18,9.09,3.552647342,2.510881279,0
9,5,53,30,1,5,20,1,1,5,20,3.136045334,3.564226716,0
8,4,45,30,1,4,18,1,2,16.67,11.11,2.934813484,4.075679551,0
1,5,5,30,1,5,20,1,1,36.84,5.2,3.036699695,3.805165642,0
5,1,21,30,1,3,21,1,1,23.81,23.81,3.250701481,3.236914806,0
4,1,18,30,1,3,25,1,1,20,8,3.152275836,3.472297251,0
6,1,29,40,2,3,23,1,1,8.7,26.08,3.425912214,2.736273503,0
2,2,7,40,2,3,19,1,1,5.26,63.15,3.182487589,3.343689417,0
9,1,49,30,1,3,21,1,1,9.52,19.05,3.31021907,2.993072227,0
9,4,52,20,0,4,25,1,1,16,16,3.401201959,2.745164907,0
1,2,2,20,0,4,19,1,1,15.78,5.26,2.705717112,4.543956147,0
4,3,20,,,4,22,1,1,13.64,13.64,2.71905429,4.491618285,0
1,2,2,20,0,4,19,1,1,15.78,5.26,3.212529864,3.199427885,0
5,4,24,20,0,4,19,1,1,5.26,0,3.368461693,2.780771168,0
8,6,47,50,3,6,21,2,1,23.81,0,3.215426769,3.178978057,0
9,6,55,20,0,6,20,2,1,30,5,2.831876499,4.18289092,0
5,5,25,40,2,5,22,1,1,18.18,9.09,2.763871121,4.353952791,0
5,1,21,30,1,3,21,2,1,23.81,23.81,3.419861951,2.635091904,0
6,5,33,40,2,6,20,1,2,10,15,2.962475967,3.810938042,0
8,7,48,40,2,6,20,1,2,20,20,3.231032444,3.098986162,0
3,2,13,,,4,22,2,1,40.9,13.64,3.078992771,3.496545708,0
5,3,23,50,3,4,20,1,1,10,10,3.019335256,3.639123844,0
7,1,34,30,1,3,23,1,1,8.7,4.35,2.749837645,4.344161217,0
7,7,40,20,0,6,22,1,1,22.73,4.55,2.672716979,4.515188768,0
7,6,39,40,2,6,21,1,1,19.05,4.76,3.297405103,2.873910516,0
8,4,45,30,1,4,18,1,1,16.67,11.11,3.212218162,3.092413978,0
5,2,22,40,2,3,19,1,1,21.05,21.06,2.929290447,3.821605977,0
6,2,30,30,1,4,23,1,1,8.7,13.04,3.147929569,3.244032495,0
8,6,47,50,3,6,21,2,1,23.81,0,2.925876156,3.819619892,0
8,6,47,50,3,6,21,1,1,23.81,0,2.925876156,3.819619892,0
2,1,6,40,2,3,22,1,1,13.64,77.27,2.79074712,4.166968902,0
5,1,21,30,1,3,21,1,1,23.81,23.81,2.912380542,3.838737708,0
3,4,15,30,1,5,20,1,1,35,5,3.174633958,3.141768127,0
9,1,49,30,1,3,21,1,1,9.52,19.05,3.124928616,3.271116218,0
3,6,17,30,1,4,22,1,1,9.1,9.09,3.071664851,3.410556076,0
2,5,10,20,0,6,19,1,2,15.79,42.1,2.635158099,4.533330752,0
8,4,45,30,1,4,18,1,1,16.67,11.11,2.934813484,3.74792436,0
3,3,14,20,0,5,23,2,1,26.09,4.3,2.993471591,3.591467912,0
9,4,52,20,0,4,25,1,1,16,16,2.946436847,3.710756975,0
9,3,51,20,0,4,24,1,1,29.17,4.17,3.13346928,3.214126967,0
9,1,49,30,1,3,21,1,1,9.52,19.05,3.31021907,2.715028235,0
2,6,11,30,1,6,20,1,1,15,20,2.86351708,3.884417741,0
2,5,10,20,0,6,19,2,1,15.79,42.1,2.989386463,3.548049987,0
6,5,33,40,2,6,20,1,1,10,15,3.183768401,3.03008177,0
4,3,20,,,4,22,1,1,13.64,13.64,2.71905429,4.244468488,0
7,3,36,30,1,4,22,2,1,27.27,9.1,2.811863277,3.980219788,0
2,3,8,50,2,4,19,1,1,10.53,78.95,3.215518861,2.908176475,0
2,2,7,40,2,3,19,1,2,5.26,63.15,3.049074972,3.343689417,0
2,4,9,40,2,5,20,1,2,5,70,2.795522215,4.00006928,0
2,4,9,40,2,5,20,1,1,5,70,2.795522215,4.00006928,0
4,1,18,30,1,3,25,1,1,20,8,3.410145805,2.364173668,0
4,1,18,30,1,3,25,1,1,20,8,3.410145805,2.364173668,0
5,5,25,40,2,5,22,2,1,18.18,9.09,2.961065176,3.534809896,0
9,5,53,30,1,5,20,1,1,5,20,3.136045334,3.071143716,0
6,3,31,20,0,5,22,1,1,13.64,4.55,3.077875626,3.210442965,0
9,1,49,30,1,3,21,1,1,9.52,19.05,2.939638163,3.54916021,0
8,4,45,30,1,4,18,1,1,16.67,11.11,3.489622839,2.109148403,0
7,6,39,40,2,6,21,1,1,19.05,4.76,3.104621499,3.114378938,0
7,6,39,40,2,6,21,1,1,19.05,4.76,3.104621499,3.114378938,0
4,3,20,,,4,22,1,1,13.64,13.64,3.521579205,2.020120305,0
7,4,37,30,1,4,21,2,1,23.8,0,2.767325097,3.94786003,0
2,1,6,40,2,3,22,1,2,13.64,77.27,3.241387761,2.700614031,0
6,5,33,40,2,6,20,1,1,10,15,2.962475967,3.420509906,0
7,4,37,30,1,4,21,1,1,23.8,0,3.105220742,3.045742439,0
9,5,53,30,1,5,20,1,1,5,20,2.802452499,3.810768216,0
3,4,15,30,1,5,20,1,1,35,5,3.174633958,2.826641527,0
7,5,38,30,1,5,21,1,1,23.8,9.5,2.817492049,3.740937406,0
7,5,38,30,1,5,21,1,1,23.8,9.5,2.817492049,3.740937406,0
6,1,29,40,2,3,23,1,1,8.7,26.08,2.940606773,3.414627355,0
5,7,27,30,1,6,24,1,1,16.67,0,3.277636795,2.529108817,0
7,2,35,30,1,3,21,1,1,14.29,4.76,3.070900268,3.068750567,0
8,5,46,30,1,5,22,1,1,22.73,9.09,3.146586684,2.862478048,0
5,6,26,30,1,5,22,1,1,4.54,9.09,3.303966198,2.449840943,0
1,1,1,40,2,6,20,1,2,5,10,2.920758857,3.452391021,0
8,7,48,40,2,6,20,1,1,20,20,2.961570258,3.335907894,0
4,3,20,,,4,22,1,1,13.64,13.64,2.518423061,4.491618285,0
7,2,35,30,1,3,21,1,1,14.29,4.76,2.691989214,4.031489637,0
7,7,40,20,0,6,22,2,1,22.73,4.55,3.012523927,3.177850933,0
4,1,18,30,1,3,25,2,1,20,8,2.894405868,3.472297251,0
8,3,44,30,1,4,22,2,1,27.27,18.18,3.140306307,2.799151793,0
5,4,24,20,0,4,19,1,1,5.26,0,2.917044352,3.370653702,0
7,1,34,30,1,3,23,1,1,8.7,4.35,2.985843367,3.164541469,0
7,1,34,30,1,3,23,1,1,8.7,4.35,2.985843367,3.164541469,0
6,5,33,40,2,6,20,1,1,10,15,3.183768401,2.639653635,0
3,6,17,30,1,4,22,1,1,9.1,9.09,2.937916018,3.277902117,0
5,2,22,40,2,3,19,1,1,21.05,21.06,3.195589578,2.579798131,0
2,4,9,40,2,5,20,1,1,5,70,3.101393914,2.814639003,0
6,4,32,30,1,5,23,2,1,26.09,26.09,2.705423554,3.819010592,0
4,3,20,,,4,22,1,1,13.64,13.64,2.919685519,3.255869295,0
2,5,10,20,0,6,19,1,1,15.79,42.1,2.989386463,3.055409604,0
8,6,47,50,3,6,21,1,1,23.81,0,3.794527995,0.936731631,0
8,2,43,40,2,3,16,1,1,25,25,2.858420488,3.378006891,0
8,2,43,40,2,3,16,1,1,25,25,2.858420488,3.378006891,0
2,5,10,20,0,6,19,1,1,15.79,42.1,3.166500646,2.562769222,0
5,7,27,30,1,6,24,1,1,16.67,0,2.751912085,3.643083538,0
3,4,15,30,1,5,20,1,2,35,5,2.94100336,3.141768127,0
7,4,37,30,1,4,21,2,1,23.8,0,3.781012035,0.94080139,0
8,6,47,50,3,6,21,1,1,23.81,0,2.925876156,3.178978057,0
8,6,47,50,3,6,21,2,1,23.81,0,2.925876156,3.178978057,0
8,6,47,50,3,6,21,1,1,23.81,0,2.925876156,3.178978057,0
7,5,38,30,1,5,21,2,1,23.8,9.5,2.587803944,4.060368365,0
9,4,52,20,0,4,25,1,1,16,16,2.71905429,3.710756975,0
6,2,30,30,1,4,23,2,2,8.7,13.04,2.895003123,3.244032495,0
8,3,44,30,1,4,22,1,1,27.27,18.18,3.297383331,2.182392321,0
9,6,54,30,1,6,21,1,1,38.1,9.52,2.803365904,3.473236255,0
5,8,28,20,0,6,24,2,1,16.67,0,2.67534026,3.801764447,0
6,4,32,30,1,5,23,1,1,26.09,26.09,2.86217702,3.275578049,0
5,7,27,30,1,6,24,1,1,16.67,0,3.146205617,2.529108817,0
5,6,26,30,1,5,22,1,2,4.54,9.09,2.901839261,3.167497143,0
8,6,47,50,3,6,21,1,1,23.81,0,3.504977382,1.577373467,0
5,1,21,30,1,3,21,1,1,23.81,23.81,3.250701481,2.233876636,0
9,4,52,20,0,4,25,1,1,16,16,3.173819403,2.423300885,0
9,5,53,30,1,5,20,1,2,5,20,3.302841752,2.084977716,0
2,4,9,40,2,5,20,1,2,5,70,2.795522215,3.407354141,0
2,4,9,40,2,5,20,1,2,5,70,2.795522215,3.407354141,0
9,1,49,30,1,3,21,1,1,9.52,19.05,2.939638163,2.993072227,0
3,2,13,,,4,22,2,1,40.9,13.64,2.73470379,3.496545708,0
8,1,42,30,1,3,16,1,1,18.75,18.75,3.098545204,2.532848662,0
8,1,42,30,1,3,16,1,2,18.75,18.75,3.098545204,2.532848662,0
8,1,42,30,1,3,16,1,2,18.75,18.75,3.098545204,2.532848662,0
8,1,42,30,1,3,16,2,1,18.75,18.75,3.098545204,2.532848662,0
3,5,16,30,1,5,22,1,1,18.18,4.55,2.806707706,3.295167758,0
8,6,47,50,3,6,21,1,1,23.81,0,3.215426769,2.218015303,0
8,6,47,50,3,6,21,1,1,23.81,0,3.215426769,2.218015303,0
8,4,45,30,1,4,18,2,1,16.67,11.11,2.380004129,4.403434743,0
7,7,40,20,0,6,22,2,1,22.73,4.55,3.352330875,1.840513099,0
8,7,48,40,2,6,20,2,1,20,20,3.231032444,2.151299232,0
9,6,54,30,1,6,21,2,1,38.1,9.52,2.626311514,3.724953065,0
9,5,53,30,1,5,20,1,1,5,20,2.969248916,2.824602216,0
6,5,33,40,2,6,20,1,1,10,15,2.741183533,3.420509906,0
2,1,6,40,2,3,22,1,2,13.64,77.27,3.01606744,2.700614031,0
2,1,6,40,2,3,22,1,1,13.64,77.27,2.79074712,3.28715598,0
2,1,6,40,2,3,22,1,2,13.64,77.27,2.79074712,3.28715598,0
2,6,11,30,1,6,20,1,1,15,20,2.641266634,3.676065736,0
3,3,14,20,0,5,23,1,1,26.09,4.3,2.85321386,3.119930195,0
7,1,34,30,1,3,23,1,1,8.7,4.35,2.985843367,2.771334886,0
6,4,32,30,1,5,23,1,1,26.09,26.09,2.86217702,3.094433867,0
4,2,19,30,1,4,22,1,1,22.73,9.09,3.078789981,2.5263702,0
9,3,51,20,0,4,24,1,1,29.17,4.17,2.667252417,3.59390347,0
3,6,17,30,1,4,22,1,1,9.1,9.09,2.937916018,2.879940242,0
9,1,49,30,1,3,21,1,1,9.52,19.05,2.569057256,3.827204201,0
1,2,2,20,0,4,19,1,1,15.78,5.26,2.705717112,3.468333538,0
9,6,54,30,1,6,21,1,1,38.1,9.52,2.980420295,2.718085824,0
6,2,30,30,1,4,23,1,1,8.7,13.04,2.895003123,2.928743402,0
7,6,39,40,2,6,21,1,2,19.05,4.76,2.911837894,2.873910516,0
4,1,18,30,1,3,25,1,1,20,8,2.894405868,2.918235459,0
5,8,28,20,0,6,24,2,1,16.67,0,2.850196382,3.027208123,0
3,3,14,20,0,5,23,1,1,26.09,4.3,2.572698396,3.748647151,0
5,2,22,40,2,3,19,1,1,21.05,21.06,2.662991315,3.511154016,0
5,2,22,40,2,3,19,1,1,21.05,21.06,2.662991315,3.511154016,0
9,2,50,20,0,3,20,1,1,15,15,2.904797903,2.873910516,0
9,2,50,20,0,3,20,1,1,15,15,2.672618386,3.479552427,0
9,2,50,20,0,3,20,2,1,15,15,2.672618386,3.479552427,0
7,6,39,40,2,6,21,2,1,19.05,4.76,2.71905429,3.35484736,0
5,5,25,40,2,5,22,1,1,18.18,9.09,2.961065176,2.715667003,0
1,1,1,40,2,6,20,1,1,5,10,3.158058348,2.194824705,0
3,5,16,30,1,5,22,1,1,18.18,4.55,2.658371157,3.501115743,0
9,4,52,20,0,4,25,2,1,16,16,2.946436847,2.745164907,0
2,2,7,40,2,3,19,1,1,5.26,63.15,2.648837123,3.522205399,0
8,2,43,40,2,3,16,1,1,25,25,3.176971796,2.137154276,0
2,2,7,40,2,3,19,1,2,5.26,63.15,2.78224974,3.165173435,0
6,1,29,40,2,3,23,1,2,8.7,26.08,2.940606773,2.736273503,0
7,7,40,20,0,6,22,1,1,22.73,4.55,2.842620453,2.986802671,0
4,2,19,30,1,4,22,2,2,22.73,9.09,3.078789981,2.360155266,0
9,5,53,30,1,5,20,1,1,5,20,2.802452499,3.071143716,0
7,3,36,30,1,4,22,1,1,27.27,9.1,2.99748125,2.534350245,0
7,8,41,30,1,6,21,1,1,19.05,0,2.626230314,3.505025669,0
5,5,25,40,2,5,22,1,1,18.18,9.09,3.158259232,2.101309832,0
1,3,3,20,0,6,21,1,1,19.05,9.52,3.098509048,2.229528415,0
5,6,26,30,1,5,22,1,1,4.54,9.09,3.10290273,2.210622211,0
8,5,46,30,1,5,22,1,1,22.73,9.09,2.946465138,2.61096375,0
7,4,37,30,1,4,21,1,1,23.8,0,2.429429451,3.94786003,0
7,4,37,30,1,4,21,1,1,23.8,0,2.767325097,3.045742439,0
8,1,42,30,1,3,16,1,1,18.75,18.75,2.822551813,2.896647973,0
1,3,3,20,0,6,21,1,1,19.05,9.52,2.712934052,3.18248786,0
8,5,46,30,1,5,22,1,1,22.73,9.09,2.546222045,3.617020943,0
5,2,22,40,2,3,19,1,2,21.05,21.06,2.929290447,2.579798131,0
5,2,22,40,2,3,19,2,1,21.05,21.06,2.929290447,2.579798131,0
5,7,27,30,1,6,24,1,1,16.67,0,2.883343262,2.688248062,0
3,4,15,30,1,5,20,1,1,35,5,2.70737276,3.141768127,0
5,4,24,20,0,4,19,1,1,5.26,0,2.766571905,2.97739868,0
6,3,31,20,0,5,22,1,1,13.64,4.55,2.594565254,3.421977646,0
6,3,31,20,0,5,22,1,1,13.64,4.55,2.594565254,3.421977646,0
6,5,33,40,2,6,20,1,1,10,15,2.741183533,3.03008177,0
8,6,47,50,3,6,21,1,1,23.81,0,2.925876156,2.538336222,0
8,3,44,30,1,4,22,1,1,27.27,18.18,2.82615226,2.799151793,0
6,2,30,30,1,4,23,1,1,8.7,13.04,2.895003123,2.613454309,0
8,4,45,30,1,4,18,1,1,16.67,11.11,3.212218162,1.781393211,0
9,2,50,20,0,3,20,1,2,15,15,3.13697742,1.965447649,0
5,1,21,30,1,3,21,1,1,23.81,23.81,2.574059602,3.43752244,0
7,7,40,20,0,6,22,1,1,22.73,4.55,2.672716979,3.177850933,0
4,2,19,30,1,4,22,1,1,22.73,9.09,2.917275997,2.5263702,0
6,2,30,30,1,4,23,1,1,8.7,13.04,2.642076676,3.244032495,0
7,5,38,30,1,5,21,1,1,23.8,9.5,2.817492049,2.782644528,0
1,2,2,20,0,4,19,2,1,15.78,5.26,2.959123488,2.392710928,0
7,3,36,30,1,4,22,1,1,27.27,9.1,2.811863277,2.775328502,0
3,6,17,30,1,4,22,1,2,9.1,9.09,2.67041835,3.145248159,0
2,6,11,30,1,6,20,1,2,15,20,2.86351708,2.634305711,0
8,4,45,30,1,4,18,1,1,16.67,11.11,2.934813484,2.436903594,0
7,8,41,30,1,6,21,1,1,19.05,0,2.626230314,3.239957305,0
2,5,10,20,0,6,19,1,1,15.79,42.1,3.166500646,1.823808649,0
5,8,28,20,0,6,24,1,1,16.67,0,2.850196382,2.63992996,0
5,1,21,30,1,3,21,1,1,23.81,23.81,3.081541011,2.033269003,0
8,5,46,30,1,5,22,1,1,22.73,9.09,3.146586684,1.856420855,0
6,4,32,30,1,5,23,1,2,26.09,26.09,3.018930485,2.188712962,0
8,6,47,50,3,6,21,2,1,23.81,0,2.636325544,3.178978057,0
3,3,14,20,0,5,23,1,1,26.09,4.3,2.712956128,2.962750956,0
9,1,49,30,1,3,21,2,2,9.52,19.05,3.124928616,1.880896261,0
5,5,25,40,2,5,22,1,1,18.18,9.09,2.961065176,2.306095556,0
3,2,13,,,4,22,1,1,40.9,13.64,2.505177802,3.496545708,0
9,3,51,20,0,4,24,1,1,29.17,4.17,2.822658038,2.644462212,0
8,2,43,40,2,3,16,1,1,25,25,2.858420488,2.550771814,0
2,3,8,50,2,4,19,1,2,10.53,78.95,2.88454248,2.47414099,0
5,3,23,50,3,4,20,1,1,10,10,2.825605601,2.618839406,0
9,3,51,20,0,4,24,1,1,29.17,4.17,2.667252417,3.024238715,0
2,1,6,40,2,3,22,2,2,13.64,77.27,2.79074712,2.700614031,0
6,3,31,20,0,5,22,2,1,13.64,4.55,2.755668712,2.787373601,0
8,3,44,30,1,4,22,1,1,27.27,18.18,2.82615226,2.593565302,0
8,3,44,30,1,4,22,1,1,27.27,18.18,2.669075237,3.004738283,0
9,6,55,20,0,6,20,1,1,30,5,2.993051082,2.137609039,0
9,5,53,30,1,5,20,1,1,5,20,2.635656082,3.071143716,0
5,8,28,20,0,6,24,1,1,16.67,0,2.500484136,3.414486284,0
1,4,4,40,2,5,21,1,1,33.33,4.76,2.706755555,2.849065042,0
9,6,55,20,0,6,20,1,1,30,5,2.509527331,3.364778167,0
5,8,28,20,0,6,24,1,1,16.67,0,2.850196382,2.446290879,0
1,2,2,20,0,4,19,1,1,15.78,5.26,2.452310736,3.468333538,0
9,2,50,20,0,3,20,1,1,15,15,2.672618386,2.873910516,0
9,4,52,20,0,4,25,1,1,16,16,2.71905429,2.745164907,0
8,4,45,30,1,4,18,1,1,16.67,11.11,3.212218162,1.45363802,0
6,4,32,30,1,5,23,1,1,26.09,26.09,2.86217702,2.369857143,0
5,2,22,40,2,3,19,1,1,21.05,21.06,2.662991315,2.890250093,0
5,2,22,40,2,3,19,1,2,21.05,21.06,2.662991315,2.890250093,0
5,2,22,40,2,3,19,2,1,21.05,21.06,2.662991315,2.890250093,0
7,2,35,30,1,3,21,1,1,14.29,4.76,2.313078162,3.790804869,0
6,1,29,40,2,3,23,1,1,8.7,26.08,2.455301334,3.414627355,0
2,4,9,40,2,5,20,1,1,5,70,2.795522215,2.518281433,0
3,6,17,30,1,4,22,2,1,9.1,9.09,2.402920684,3.543210035,0
5,4,24,20,0,4,19,1,1,5.26,0,2.917044352,2.190888635,0
5,6,26,30,1,5,22,1,2,4.54,9.09,2.901839261,2.210622211,0
8,4,45,30,1,4,18,1,1,16.67,11.11,2.934813484,2.109148403,0
6,3,31,20,0,5,22,1,1,13.64,4.55,2.755668712,2.575838919,0
8,3,44,30,1,4,22,2,2,27.27,18.18,2.669075237,2.799151793,0
5,6,26,30,1,5,22,1,1,4.54,9.09,2.700775793,2.689059677,0
2,6,11,30,1,6,20,1,1,15,20,2.641266634,2.842657716,0
3,3,14,20,0,5,23,1,1,26.09,4.3,2.712956128,2.648392477,0
3,3,14,20,0,5,23,1,1,26.09,4.3,2.292182933,3.748647151,0
5,5,25,40,2,5,22,1,1,18.18,9.09,2.763871121,2.510881279,0
8,6,47,50,3,6,21,1,1,23.81,0,1.767673706,5.100903564,0
1,5,5,30,1,5,20,2,1,36.84,5.2,2.634348849,2.822174121,0
2,6,11,30,1,6,20,1,2,15,20,2.86351708,2.2176017,0
7,4,37,30,1,4,21,1,1,23.8,0,2.429429451,3.346448302,0
4,1,18,30,1,3,25,1,1,20,8,2.378665932,3.472297251,0
7,3,36,30,1,4,22,2,1,27.27,9.1,2.811863277,2.293371987,0
4,2,19,30,1,4,22,1,1,22.73,9.09,2.59424803,2.858800067,0
3,3,14,20,0,5,23,2,1,26.09,4.3,2.432440664,3.277109434,0
5,8,28,20,0,6,24,1,1,16.67,0,2.67534026,2.63992996,0
3,5,16,30,1,5,22,1,1,18.18,4.55,2.658371157,2.677323804,0
4,3,20,,,4,22,1,1,13.64,13.64,2.71905429,2.514419901,0
2,4,9,40,2,5,20,1,2,5,70,2.489650516,3.110996572,0
3,2,13,,,4,22,1,1,40.9,13.64,2.619940795,2.752090587,0
3,2,13,,,4,22,1,1,40.9,13.64,2.390414808,3.347654685,0
1,1,1,40,2,6,20,1,1,5,10,2.446159876,3.200877759,0
6,5,33,40,2,6,20,1,1,10,15,3.405060834,0.687512956,0
1,2,2,20,0,4,19,2,1,15.78,5.26,2.959123488,1.854899623,0
2,3,8,50,2,4,19,1,1,10.53,78.95,2.5535661,2.908176475,0
9,4,52,20,0,4,25,1,1,16,16,2.491671734,3.06702893,0
7,8,41,30,1,6,21,1,1,19.05,0,2.626230314,2.709820576,0
3,4,15,30,1,5,20,1,1,35,5,2.94100336,1.881261723,0
6,3,31,20,0,5,22,1,1,13.64,4.55,2.594565254,2.787373601,0
7,1,34,30,1,3,23,1,1,8.7,4.35,2.749837645,2.378128303,0
4,2,19,30,1,4,22,1,1,22.73,9.09,2.755762014,2.360155266,0
8,5,46,30,1,5,22,1,1,22.73,9.09,2.946465138,1.856420855,0
2,2,7,40,2,3,19,1,2,5.26,63.15,2.648837123,2.629625487,0
8,1,42,30,1,3,16,1,1,18.75,18.75,2.54655842,2.896647973,0
5,2,22,40,2,3,19,1,1,21.05,21.06,2.662991315,2.579798131,0
5,5,25,40,2,5,22,1,1,18.18,9.09,2.763871121,2.306095556,0
2,4,9,40,2,5,20,1,2,5,70,2.795522215,2.221923864,0
2,4,9,40,2,5,20,1,2,5,70,2.795522215,2.221923864,0
9,6,55,20,0,6,20,1,2,30,5,2.509527331,2.955721791,0
7,1,34,30,1,3,23,1,1,8.7,4.35,2.277826202,3.557748052,0
7,7,40,20,0,6,22,1,1,22.73,4.55,2.33291003,3.368899195,0
5,2,22,40,2,3,19,1,1,21.05,21.06,2.396692184,3.200702055,0
3,5,16,30,1,5,22,1,1,18.18,4.55,2.510034607,2.883271788,0
6,5,33,40,2,6,20,1,1,10,15,2.298598666,3.420509906,0
6,5,33,40,2,6,20,1,2,10,15,2.298598666,3.420509906,0
3,5,16,30,1,5,22,1,1,18.18,4.55,2.658371157,2.471375818,0
7,4,37,30,1,4,21,1,1,23.8,0,2.091533805,3.94786003,0
7,1,34,30,1,3,23,1,1,8.7,4.35,2.985843367,1.591715137,0
7,3,36,30,1,4,22,1,2,27.27,9.1,2.44062733,3.016306759,0
8,4,45,30,1,4,18,1,1,16.67,11.11,2.657408807,2.436903594,0
1,5,5,30,1,5,20,1,1,36.84,5.2,2.634348849,2.49451028,0
4,3,20,,,4,22,1,1,13.64,13.64,2.71905429,2.267270102,0
7,2,35,30,1,3,21,1,1,14.29,4.76,2.502533688,2.828065798,0
7,7,40,20,0,6,22,1,1,22.73,4.55,2.502813505,2.795754409,0
4,2,19,30,1,4,22,1,1,22.73,9.09,2.59424803,2.5263702,0
9,6,55,20,0,6,20,1,1,30,5,2.348352748,3.160249979,0
8,5,46,30,1,5,22,1,1,22.73,9.09,2.546222045,2.61096375,0
9,4,52,20,0,4,25,1,1,16,16,2.491671734,2.745164907,0
9,2,50,20,0,3,20,1,2,15,15,2.672618386,2.268268605,0
5,3,23,50,3,4,20,1,2,10,10,2.631875945,2.363768298,0
1,4,4,40,2,5,21,1,1,33.33,4.76,2.577618841,2.501228398,0
7,6,39,40,2,6,21,1,1,19.05,4.76,2.526270686,2.633442095,0
7,6,39,40,2,6,21,1,1,19.05,4.76,2.526270686,2.633442095,0
5,6,26,30,1,5,22,1,1,4.54,9.09,2.499712325,2.689059677,0
9,3,51,20,0,4,24,1,1,29.17,4.17,2.511846795,2.644462212,0
9,3,51,20,0,4,24,2,1,29.17,4.17,2.511846795,2.644462212,0
8,1,42,30,1,3,16,1,1,18.75,18.75,2.270565028,3.260447285,0
8,1,42,30,1,3,16,2,1,18.75,18.75,2.270565028,3.260447285,0
8,7,48,40,2,6,20,1,1,20,20,2.422645885,2.86206443,0
1,5,5,30,1,5,20,1,1,36.84,5.2,2.5002319,2.6583422,0
8,1,42,30,1,3,16,1,2,18.75,18.75,2.54655842,2.532848662,0
2,6,11,30,1,6,20,2,1,15,20,2.419016188,2.842657716,0
3,3,14,20,0,5,23,1,1,26.09,4.3,2.432440664,2.805571717,0
6,1,29,40,2,3,23,1,2,8.7,26.08,2.455301334,2.736273503,0
2,3,8,50,2,4,19,1,2,10.53,78.95,2.388077909,2.908176475,0
5,1,21,30,1,3,21,1,1,23.81,23.81,2.404899132,2.835699538,0
5,8,28,20,0,6,24,1,1,16.67,0,2.325628014,3.027208123,0
5,8,28,20,0,6,24,1,1,16.67,0,2.325628014,3.027208123,0
7,7,40,20,0,6,22,2,2,22.73,4.55,2.33291003,2.986802671,0
3,1,12,40,2,3,20,1,2,20,10,2.166386616,3.420647323,0
1,2,2,20,0,4,19,1,2,15.78,5.26,2.452310736,2.66161658,0
3,6,17,30,1,4,22,1,1,9.1,9.09,2.67041835,2.08401649,0
4,1,18,30,1,3,25,1,1,20,8,2.120795964,3.472297251,0
7,8,41,30,1,6,21,2,1,19.05,0,2.409641036,2.709820576,0
5,8,28,20,0,6,24,1,1,16.67,0,3.025052505,1.09081731,0
7,6,39,40,2,6,21,1,1,19.05,4.76,2.526270686,2.392973672,0
8,2,43,40,2,3,16,2,1,25,25,2.539869179,2.343963045,0
8,2,43,40,2,3,16,1,1,25,25,2.539869179,2.343963045,0
3,4,15,30,1,5,20,1,1,35,5,2.473742161,2.511514925,0
3,4,15,30,1,5,20,1,1,35,5,2.473742161,2.511514925,0
7,6,39,40,2,6,21,1,1,19.05,4.76,2.333487081,2.873910516,0
2,5,10,20,0,6,19,1,2,15.79,42.1,2.635158099,2.07012884,0
8,7,48,40,2,6,20,1,2,20,20,2.422645885,2.625142697,0
3,6,17,30,1,4,22,2,1,9.1,9.09,2.26917185,3.0125942,0
2,3,8,50,2,4,19,1,2,10.53,78.95,2.222589719,3.125194218,0
2,3,8,50,2,4,19,1,2,10.53,78.95,2.388077909,2.691158733,0
2,3,8,50,2,4,19,1,1,10.53,78.95,2.5535661,2.257123248,0
2,3,8,50,2,4,19,1,2,10.53,78.95,2.5535661,2.257123248,0
1,4,4,40,2,5,21,2,1,33.33,4.76,2.190208698,3.196901685,0
7,3,36,30,1,4,22,2,2,27.27,9.1,2.626245303,2.05239373,0
7,3,36,30,1,4,22,1,1,27.27,9.1,2.626245303,2.05239373,0
5,5,25,40,2,5,22,1,1,18.18,9.09,2.763871121,1.691738385,0
7,5,38,30,1,5,21,1,1,23.8,9.5,2.587803944,2.143782609,0
5,7,27,30,1,6,24,1,1,16.67,0,2.620480907,2.05169108,0
3,3,14,20,0,5,23,1,1,26.09,4.3,2.1519252,3.277109434,0
3,6,17,30,1,4,22,1,1,9.1,9.09,2.402920684,2.614632324,0
1,3,3,20,0,6,21,2,1,19.05,9.52,2.327359057,2.801304083,0
1,3,3,20,0,6,21,1,1,19.05,9.52,2.327359057,2.801304083,0
1,3,3,20,0,6,21,1,1,19.05,9.52,2.327359057,2.801304083,0
6,2,30,30,1,4,23,1,1,8.7,13.04,2.389150229,2.613454309,0
5,7,27,30,1,6,24,2,1,16.67,0,2.357618552,2.688248062,0
3,1,12,40,2,3,20,1,1,20,10,2.326580145,2.764563154,0
6,2,30,30,1,4,23,1,1,8.7,13.04,2.136223783,3.244032495,0
2,1,6,40,2,3,22,1,1,13.64,77.27,2.340106478,2.700614031,0
9,1,49,30,1,3,21,1,1,9.52,19.05,2.754347709,1.60285227,0
2,6,11,30,1,6,20,1,1,15,20,2.196765743,3.051009721,0
2,5,10,20,0,6,19,1,1,15.79,42.1,2.280929733,2.809089413,0
7,6,39,40,2,6,21,1,1,19.05,4.76,2.526270686,2.152505251,0
8,3,44,30,1,4,22,1,1,27.27,18.18,2.511998214,2.182392321,0
6,1,29,40,2,3,23,1,1,8.7,26.08,2.212648614,2.962391454,0
7,8,41,30,1,6,21,1,1,19.05,0,2.409641036,2.444752211,0
5,3,23,50,3,4,20,1,1,10,10,2.43814629,2.363768298,0
5,3,23,50,3,4,20,1,1,10,10,2.43814629,2.363768298,0
8,7,48,40,2,6,20,1,1,20,20,2.153183698,3.098986162,0
7,1,34,30,1,3,23,1,1,8.7,4.35,2.277826202,2.771334886,0
6,4,32,30,1,5,23,2,1,26.09,26.09,2.078409691,3.275578049,0
2,6,11,30,1,6,20,1,2,15,20,2.641266634,1.80089769,0
6,1,29,40,2,3,23,1,1,8.7,26.08,2.455301334,2.284037601,0
3,4,15,30,1,5,20,1,1,35,5,2.240111563,2.826641527,0
1,5,5,30,1,5,20,2,1,36.84,5.2,2.366114952,2.49451028,0
5,1,21,30,1,3,21,1,1,23.81,23.81,2.235738662,2.835699538,0
6,4,32,30,1,5,23,1,1,26.09,26.09,2.548670088,2.007568781,0
9,1,49,30,1,3,21,1,1,9.52,19.05,2.383766803,2.436984244,0
9,4,52,20,0,4,25,1,1,16,16,2.264289177,2.745164907,0
8,4,45,30,1,4,18,1,1,16.67,11.11,2.380004129,2.436903594,0
6,5,33,40,2,6,20,1,2,10,15,2.298598666,2.639653635,0
6,5,33,40,2,6,20,1,1,10,15,2.298598666,2.639653635,0
6,5,33,40,2,6,20,2,1,10,15,2.298598666,2.639653635,0
3,3,14,20,0,5,23,1,1,26.09,4.3,2.292182933,2.648392477,0
6,4,32,30,1,5,23,1,1,26.09,26.09,2.391916622,2.369857143,0
7,2,35,30,1,3,21,1,1,14.29,4.76,2.123622635,3.068750567,0
7,2,35,30,1,3,21,1,1,14.29,4.76,2.123622635,3.068750567,0
4,1,18,30,1,3,25,1,1,20,8,2.378665932,2.364173668,0
4,1,18,30,1,3,25,2,1,20,8,2.378665932,2.364173668,0
6,2,30,30,1,4,23,1,1,8.7,13.04,2.389150229,2.298165216,0
9,5,53,30,1,5,20,1,1,5,20,2.468859664,2.084977716,0
7,4,37,30,1,4,21,1,1,23.8,0,1.753638159,3.94786003,0
6,4,32,30,1,5,23,1,1,26.09,26.09,2.078409691,3.094433867,0
6,2,30,30,1,4,23,1,1,8.7,13.04,2.136223783,2.928743402,0
8,7,48,40,2,6,20,1,1,20,20,2.153183698,2.86206443,0
5,3,23,50,3,4,20,1,1,10,10,2.43814629,2.108697188,0
5,7,27,30,1,6,24,1,1,16.67,0,2.094756197,3.006526555,0
8,1,42,30,1,3,16,2,1,18.75,18.75,1.994571635,3.260447285,0
1,1,1,40,2,6,20,1,1,5,10,2.208860386,2.697851232,0
7,6,39,40,2,6,21,1,1,19.05,4.76,2.140703477,2.873910516,0
7,6,39,40,2,6,21,2,1,19.05,4.76,2.140703477,2.873910516,0
5,7,27,30,1,6,24,1,1,16.67,0,1.963325019,3.324805046,0
7,8,41,30,1,6,21,1,1,19.05,0,2.193051758,2.709820576,0
3,1,12,40,2,3,20,1,1,20,10,2.326580145,2.327173709,0
5,8,28,20,0,6,24,1,1,16.67,0,2.500484136,1.865373635,0
3,4,15,30,1,5,20,1,1,35,5,2.240111563,2.511514925,0
5,1,21,30,1,3,21,1,1,23.81,23.81,2.574059602,1.632053735,0
1,5,5,30,1,5,20,2,1,36.84,5.2,2.366114952,2.166846438,0
9,2,50,20,0,3,20,1,1,15,15,2.440438871,1.965447649,0
7,1,34,30,1,3,23,2,1,8.7,4.35,2.277826202,2.378128303,0
4,3,20,,,4,22,1,1,13.64,13.64,2.317791833,2.267270102,0
3,3,14,20,0,5,23,1,1,26.09,4.3,2.292182933,2.334033999,0
2,2,7,40,2,3,19,1,2,5.26,63.15,2.382011892,2.09407754,0
1,2,2,20,0,4,19,1,1,15.78,5.26,1.945497984,3.199427885,0
5,1,21,30,1,3,21,2,2,23.81,23.81,2.235738662,2.434484271,0
8,7,48,40,2,6,20,1,1,20,20,2.153183698,2.625142697,0
1,1,1,40,2,6,20,1,1,5,10,1.734261405,3.703904285,0
5,3,23,50,3,4,20,1,1,10,10,2.244416634,2.363768298,0
8,5,46,30,1,5,22,1,1,22.73,9.09,2.145978953,2.61096375,0
7,8,41,30,1,6,21,2,1,19.05,0,2.409641036,1.914615482,0
3,1,12,40,2,3,20,2,1,20,10,2.326580145,2.108478986,0
7,8,41,30,1,6,21,1,1,19.05,0,2.193051758,2.444752211,0
2,6,11,30,1,6,20,1,1,15,20,2.196765743,2.425953705,0
9,6,54,30,1,6,21,1,1,38.1,9.52,2.272202735,2.214652203,0
1,2,2,20,0,4,19,2,1,15.78,5.26,2.19890436,2.392710928,0
8,7,48,40,2,6,20,1,1,20,20,2.287914791,2.151299232,0
6,1,29,40,2,3,23,2,2,8.7,26.08,1.969995894,2.962391454,0
7,2,35,30,1,3,21,1,1,14.29,4.76,1.744711581,3.550120102,0
5,2,22,40,2,3,19,1,2,21.05,21.06,1.86409392,3.200702055,0
9,4,52,20,0,4,25,1,1,16,16,2.036906622,2.745164907,0
7,7,40,20,0,6,22,1,1,22.73,4.55,2.163006556,2.413657884,0
2,3,8,50,2,4,19,2,2,10.53,78.95,2.222589719,2.257123248,0
4,3,20,,,4,22,1,1,13.64,13.64,2.117160605,2.514419901,0
9,6,55,20,0,6,20,2,1,30,5,2.026003581,2.751193603,0
8,7,48,40,2,6,20,1,2,20,20,2.153183698,2.388220965,0
8,4,45,30,1,4,18,1,1,16.67,11.11,2.380004129,1.781393211,0
6,4,32,30,1,5,23,1,1,26.09,26.09,2.078409691,2.551001324,0
2,2,7,40,2,3,19,1,2,5.26,63.15,2.248599276,2.09407754,0
1,1,1,40,2,6,20,1,1,5,10,2.208860386,2.194824705,0
1,1,1,40,2,6,20,1,1,5,10,2.208860386,2.194824705,0
1,1,1,40,2,6,20,1,1,5,10,2.208860386,2.194824705,0
7,5,38,30,1,5,21,1,1,23.8,9.5,2.587803944,1.185489732,0
8,5,46,30,1,5,22,1,1,22.73,9.09,1.945857407,2.862478048,0
8,2,43,40,2,3,16,1,1,25,25,2.221317871,2.137154276,0
2,4,9,40,2,5,20,1,1,5,70,2.183778817,2.221923864,0
7,2,35,30,1,3,21,1,1,14.29,4.76,2.313078162,1.865326728,0
9,6,54,30,1,6,21,1,1,38.1,9.52,2.272202735,1.962935394,0
6,3,31,20,0,5,22,1,1,13.64,4.55,2.111254884,2.364304238,0
6,3,31,20,0,5,22,1,1,13.64,4.55,2.111254884,2.364304238,0
6,5,33,40,2,6,20,1,1,10,15,2.298598666,1.858797364,0
1,4,4,40,2,5,21,1,2,33.33,4.76,2.448482127,1.457718468,0
9,6,55,20,0,6,20,1,1,30,5,2.187178164,2.137609039,0
5,1,21,30,1,3,21,1,1,23.81,23.81,2.066578192,2.434484271,0
9,3,51,20,0,4,24,1,1,29.17,4.17,2.201035552,2.074797457,0
5,5,25,40,2,5,22,2,1,18.18,9.09,2.172288955,2.101309832,0
7,6,39,40,2,6,21,1,1,19.05,4.76,2.333487081,1.671568407,0
3,1,12,40,2,3,20,1,1,20,10,2.166386616,2.108478986,0
8,1,42,30,1,3,16,1,1,18.75,18.75,1.994571635,2.532848662,0
5,6,26,30,1,5,22,1,1,4.54,9.09,2.298648856,1.732184744,0
9,5,53,30,1,5,20,1,2,5,20,1.968470411,2.578060717,0
8,3,44,30,1,4,22,1,1,27.27,18.18,2.197844167,1.976805832,0
7,3,36,30,1,4,22,1,1,27.27,9.1,2.255009356,1.811415473,0
1,3,3,20,0,6,21,1,1,19.05,9.52,1.941784062,2.610712193,0
6,1,29,40,2,3,23,1,2,8.7,26.08,1.969995894,2.510155552,0
5,4,24,20,0,4,19,1,1,5.26,0,1.863737222,2.780771168,0
3,2,13,,,4,22,1,1,40.9,13.64,1.816599839,2.900981611,0
7,8,41,30,1,6,21,1,1,19.05,0,2.193051758,1.914615482,0
5,6,26,30,1,5,22,1,1,4.54,9.09,1.896521918,2.689059677,0
7,4,37,30,1,4,21,2,1,23.8,0,2.091533805,2.143624847,0
7,4,37,30,1,4,21,1,1,23.8,0,2.091533805,2.143624847,0
1,2,2,20,0,4,19,1,1,15.78,5.26,2.19890436,1.854899623,0
6,2,30,30,1,4,23,1,1,8.7,13.04,2.389150229,1.352297937,0
4,3,20,,,4,22,1,1,13.64,13.64,2.317791833,1.525820708,0
6,2,30,30,1,4,23,1,1,8.7,13.04,2.136223783,1.982876122,0
8,7,48,40,2,6,20,1,1,20,20,2.153183698,1.9143775,0
4,3,20,,,4,22,2,1,13.64,13.64,1.916529376,2.514419901,0
1,3,3,20,0,6,21,1,1,19.05,9.52,1.941784062,2.420120304,0
9,6,54,30,1,6,21,1,1,38.1,9.52,1.918093954,2.466369013,0
1,2,2,20,0,4,19,1,1,15.78,5.26,1.945497984,2.392710928,0
2,2,7,40,2,3,19,1,1,5.26,63.15,1.714948811,2.986657453,0
8,5,46,30,1,5,22,2,1,22.73,9.09,2.145978953,1.856420855,0
7,3,36,30,1,4,22,1,1,27.27,9.1,2.069391383,2.05239373,0
6,3,31,20,0,5,22,1,1,13.64,4.55,1.950151426,2.364304238,0
9,2,50,20,0,3,20,1,1,15,15,2.208259354,1.662626694,0
7,8,41,30,1,6,21,1,1,19.05,0,2.193051758,1.649547118,0
2,6,11,30,1,6,20,1,2,15,20,1.974515296,2.2176017,0
1,4,4,40,2,5,21,2,1,33.33,4.76,1.931935269,2.327310077,0
3,1,12,40,2,3,20,1,1,20,10,1.845999557,2.545868432,0
4,1,18,30,1,3,25,1,1,20,8,2.120795964,1.810111877,0
4,3,20,,,4,22,1,1,13.64,13.64,2.117160605,1.772970507,0
3,5,16,30,1,5,22,2,1,18.18,4.55,1.768351862,2.677323804,0
7,4,37,30,1,4,21,1,1,23.8,0,2.429429451,0.94080139,0
3,3,14,20,0,5,23,1,1,26.09,4.3,2.011667469,2.019675521,0
4,3,20,,,4,22,1,1,13.64,13.64,1.916529376,2.267270102,0
1,5,5,30,1,5,20,1,1,36.84,5.2,1.829647156,2.49451028,0
2,2,7,40,2,3,19,1,2,5.26,63.15,1.981774043,2.09407754,0
3,6,17,30,1,4,22,1,1,9.1,9.09,2.135423016,1.686054613,0
5,4,24,20,0,4,19,1,1,5.26,0,1.863737222,2.387516146,0
6,3,31,20,0,5,22,1,1,13.64,4.55,1.789047968,2.575838919,0
7,7,40,20,0,6,22,1,1,22.73,4.55,1.993103082,2.031561361,0
4,1,18,30,1,3,25,1,1,20,8,1.862925996,2.364173668,0
7,3,36,30,1,4,22,1,1,27.27,9.1,2.069391383,1.811415473,0
6,2,30,30,1,4,23,1,2,8.7,13.04,1.883297337,2.298165216,0
3,2,13,,,4,22,1,1,40.9,13.64,2.046125827,1.858744442,0
6,1,29,40,2,3,23,1,2,8.7,26.08,1.969995894,2.05791965,0
5,7,27,30,1,6,24,2,1,16.67,0,1.963325019,2.05169108,0
9,2,50,20,0,3,20,1,1,15,15,1.743900322,2.57108956,0
9,2,50,20,0,3,20,1,2,15,15,1.743900322,2.57108956,0
4,1,18,30,1,3,25,1,2,20,8,1.605056027,2.918235459,0
8,2,43,40,2,3,16,1,1,25,25,1.902766563,2.137154276,0
7,1,34,30,1,3,23,1,1,8.7,4.35,1.805814759,2.378128303,0
2,5,10,20,0,6,19,1,2,15.79,42.1,2.10381555,1.577488457,0
2,5,10,20,0,6,19,1,2,15.79,42.1,2.10381555,1.577488457,0
3,5,16,30,1,5,22,2,1,18.18,4.55,1.91668841,2.059479848,0
2,1,6,40,2,3,22,1,2,13.64,77.27,2.114786157,1.527530135,0
3,6,17,30,1,4,22,1,1,9.1,9.09,2.001674183,1.818708572,0
1,4,4,40,2,5,21,2,1,33.33,4.76,1.67366184,2.67514672,0
9,5,53,30,1,5,20,1,2,5,20,1.801673993,2.331519216,0
9,6,55,20,0,6,20,1,1,30,5,2.187178164,1.319496287,0
6,3,31,20,0,5,22,1,1,13.64,4.55,2.111254884,1.51816551,0
1,4,4,40,2,5,21,2,1,33.33,4.76,1.931935269,1.979473433,0
7,4,37,30,1,4,21,1,1,23.8,0,2.091533805,1.542213118,0
2,3,8,50,2,4,19,1,2,10.53,78.95,1.891613338,2.040105505,0
6,1,29,40,2,3,23,1,1,8.7,26.08,1.969995894,1.831801699,0
9,6,54,30,1,6,21,1,2,38.1,9.52,1.918093954,1.962935394,0
5,3,23,50,3,4,20,1,1,10,10,1.856957323,2.108697188,0
4,2,19,30,1,4,22,1,1,22.73,9.09,1.948192095,1.861510465,0
9,1,49,30,1,3,21,1,1,9.52,19.05,1.827895443,2.158940253,0
2,5,10,20,0,6,19,1,1,15.79,42.1,1.572473003,2.809089413,0
3,1,12,40,2,3,20,2,1,20,10,2.006193086,1.671089541,0
3,3,14,20,0,5,23,1,1,26.09,4.3,1.871409737,2.019675521,0
3,2,13,,,4,22,2,1,40.9,13.64,1.816599839,2.15652649,0
8,3,44,30,1,4,22,2,2,27.27,18.18,1.88369012,1.976805832,0
6,5,33,40,2,6,20,2,1,10,15,2.077306233,1.468369227,0
5,7,27,30,1,6,24,1,1,16.67,0,1.963325019,1.733412587,0
5,4,24,20,0,4,19,1,1,5.26,0,1.713264776,2.387516146,0
9,4,52,20,0,4,25,1,2,16,16,1.809524065,2.101436862,0
9,3,51,20,0,4,24,2,1,29.17,4.17,1.89022431,1.884909206,0
9,3,51,20,0,4,24,2,1,29.17,4.17,1.89022431,1.884909206,0
7,5,38,30,1,5,21,1,1,23.8,9.5,1.669051525,2.463213568,0
7,5,38,30,1,5,21,1,1,23.8,9.5,1.669051525,2.463213568,0
1,5,5,30,1,5,20,1,2,36.84,5.2,1.963764105,1.675350678,0
6,4,32,30,1,5,23,2,2,26.09,26.09,1.76490276,2.188712962,0
4,3,20,,,4,22,1,1,13.64,13.64,1.916529376,1.772970507,0
9,4,52,20,0,4,25,2,1,16,16,2.036906622,1.457708818,0
9,4,52,20,0,4,25,1,1,16,16,2.036906622,1.457708818,0
4,3,20,,,4,22,2,1,13.64,13.64,1.515266919,2.761569699,0
8,3,44,30,1,4,22,2,2,27.27,18.18,1.726613097,2.182392321,0
4,1,18,30,1,3,25,2,1,20,8,1.862925996,1.810111877,0
1,4,4,40,2,5,21,2,1,33.33,4.76,2.061071983,1.283800147,0
4,2,19,30,1,4,22,2,2,22.73,9.09,1.948192095,1.529080598,0
9,3,51,20,0,4,24,2,1,29.17,4.17,1.734818689,2.074797457,0
8,7,48,40,2,6,20,1,2,20,20,1.883721511,1.677455768,0
6,1,29,40,2,3,23,1,1,8.7,26.08,1.727343173,2.05791965,0
6,2,30,30,1,4,23,1,1,8.7,13.04,1.63037089,2.298165216,0
3,3,14,20,0,5,23,2,1,26.09,4.3,1.731152005,2.019675521,0
1,4,4,40,2,5,21,2,1,33.33,4.76,1.544525125,2.501228398,0
7,1,34,30,1,3,23,1,1,8.7,4.35,2.04182048,1.198508555,0
6,1,29,40,2,3,23,1,1,8.7,26.08,1.969995894,1.379565797,0
9,2,50,20,0,3,20,1,1,15,15,1.743900322,1.965447649,0
5,2,22,40,2,3,19,1,1,21.05,21.06,1.86409392,1.648442247,0
7,5,38,30,1,5,21,1,2,23.8,9.5,1.669051525,2.143782609,0
8,3,44,30,1,4,22,1,1,27.27,18.18,1.726613097,1.976805832,0
7,1,34,30,1,3,23,1,1,8.7,4.35,1.569809036,2.378128303,0
3,5,16,30,1,5,22,1,1,18.18,4.55,1.768351862,1.853531864,0
2,1,6,40,2,3,22,1,2,13.64,77.27,1.889465837,1.527530135,0
3,2,13,,,4,22,2,2,40.9,13.64,1.816599839,1.709853417,0
7,2,35,30,1,3,21,2,2,14.29,4.76,2.123622635,0.902587657,0
1,3,3,20,0,6,21,1,1,19.05,9.52,1.684734065,2.038936526,0
7,4,37,30,1,4,21,1,1,23.8,0,1.753638159,1.842918982,0
8,4,45,30,1,4,18,1,1,16.67,11.11,1.270385417,3.092413978,0
8,4,45,30,1,4,18,2,1,16.67,11.11,1.270385417,3.092413978,0
7,4,37,30,1,4,21,1,1,23.8,0,2.091533805,0.94080139,0
1,2,2,20,0,4,19,1,1,15.78,5.26,1.945497984,1.317088318,0
9,6,55,20,0,6,20,1,1,30,5,1.864828997,1.524024476,0
1,4,4,40,2,5,21,1,1,33.33,4.76,1.544525125,2.327310077,0
1,3,3,20,0,6,21,1,1,19.05,9.52,1.941784062,1.27656897,0
4,2,19,30,1,4,22,2,1,22.73,9.09,1.463650142,2.5263702,0
2,3,8,50,2,4,19,1,2,10.53,78.95,1.726125148,1.823087762,0
2,3,8,50,2,4,19,2,2,10.53,78.95,1.726125148,1.823087762,0
9,3,51,20,0,4,24,1,1,29.17,4.17,2.201035552,0.555691445,0
9,6,54,30,1,6,21,1,1,38.1,9.52,1.563985175,2.214652203,0
9,4,52,20,0,4,25,1,1,16,16,1.354758952,2.745164907,0
7,6,39,40,2,6,21,2,1,19.05,4.76,1.947919873,1.190631563,0
5,4,24,20,0,4,19,2,1,5.26,0,1.412319882,2.584143658,0
1,5,5,30,1,5,20,1,1,36.84,5.2,1.695530207,1.839182598,0
7,3,36,30,1,4,22,1,1,27.27,9.1,1.698155436,1.811415473,0
4,1,18,30,1,3,25,1,1,20,8,2.120795964,0.701988293,0
9,3,51,20,0,4,24,1,1,29.17,4.17,1.734818689,1.695020955,0
9,3,51,20,0,4,24,2,1,29.17,4.17,1.579413068,2.074797457,0
6,3,31,20,0,5,22,1,1,13.64,4.55,1.627944512,1.941234874,0
1,4,4,40,2,5,21,2,1,33.33,4.76,1.67366184,1.805555112,0
2,5,10,20,0,6,19,1,2,15.79,42.1,1.572473003,2.07012884,0
2,1,6,40,2,3,22,2,2,13.64,77.27,1.664145516,1.820801109,0
5,6,26,30,1,5,22,1,1,4.54,9.09,1.69545845,1.732184744,0
3,2,13,,,4,22,2,1,40.9,13.64,1.931362832,1.11428932,0
3,2,13,,,4,22,2,2,40.9,13.64,1.701836845,1.709853417,0
6,4,32,30,1,5,23,1,1,26.09,26.09,1.921656226,1.101847875,0
2,3,8,50,2,4,19,1,2,10.53,78.95,1.560636958,2.040105505,0
5,6,26,30,1,5,22,1,1,4.54,9.09,1.494394981,2.210622211,0
9,5,53,30,1,5,20,1,1,5,20,1.634877575,1.838436217,0
7,1,34,30,1,3,23,1,1,8.7,4.35,1.569809036,1.98492172,0
3,1,12,40,2,3,20,2,1,20,10,1.685806029,1.671089541,0
1,3,3,20,0,6,21,2,1,19.05,9.52,1.684734065,1.657752748,0
9,6,54,30,1,6,21,1,1,38.1,9.52,1.563985175,1.962935394,0
9,6,54,30,1,6,21,2,1,38.1,9.52,1.563985175,1.962935394,0
2,2,7,40,2,3,19,1,2,5.26,63.15,1.848361427,1.201497628,0
5,5,25,40,2,5,22,1,1,18.18,9.09,1.580706789,1.896524108,0
1,2,2,20,0,4,19,1,1,15.78,5.26,1.692091608,1.58599397,0
9,6,54,30,1,6,21,2,1,38.1,9.52,1.918093954,0.956068152,0
7,8,41,30,1,6,21,1,1,19.05,0,1.543283922,1.914615482,0
5,3,23,50,3,4,20,1,1,10,10,1.663227668,1.59855497,0
4,2,19,30,1,4,22,1,1,22.73,9.09,1.625164126,1.695295532,0
7,2,35,30,1,3,21,1,1,14.29,4.76,1.555256055,1.865326728,0
7,2,35,30,1,3,21,2,1,14.29,4.76,1.555256055,1.865326728,0
9,2,50,20,0,3,20,1,1,15,15,1.743900322,1.359805738,0
1,3,3,20,0,6,21,1,1,19.05,9.52,1.556209067,1.848344637,0
9,4,52,20,0,4,25,1,1,16,16,1.582141509,1.779572839,0
8,7,48,40,2,6,20,2,1,20,20,1.614259325,1.677455768,0
5,6,26,30,1,5,22,2,1,4.54,9.09,1.494394981,1.971403477,0
2,2,7,40,2,3,19,1,2,5.26,63.15,1.581536194,1.737045576,0
7,5,38,30,1,5,21,1,1,23.8,9.5,1.669051525,1.504920691,0
9,4,52,20,0,4,25,1,1,16,16,1.809524065,1.135844795,0
3,1,12,40,2,3,20,1,1,20,10,1.685806029,1.452394818,0
4,2,19,30,1,4,22,1,1,22.73,9.09,1.463650142,2.027725399,0
8,4,45,30,1,4,18,1,2,16.67,11.11,1.547790095,1.781393211,0
2,4,9,40,2,5,20,1,2,5,70,1.266163719,2.518281433,0
3,6,17,30,1,4,22,1,1,9.1,9.09,1.734176516,1.288092738,0
6,4,32,30,1,5,23,2,1,26.09,26.09,1.451395828,2.007568781,0
4,3,20,,,4,22,1,1,13.64,13.64,1.715898148,1.278670911,0
4,1,18,30,1,3,25,2,1,20,8,1.08931609,2.918235459,0
7,3,36,30,1,4,22,2,1,27.27,9.1,1.326919489,2.293371987,0
7,6,39,40,2,6,21,1,1,19.05,4.76,1.562352664,1.671568407,0
2,4,9,40,2,5,20,1,2,5,70,1.572035419,1.629208724,0
7,6,39,40,2,6,21,2,1,19.05,4.76,1.36956906,2.152505251,0
1,3,3,20,0,6,21,1,1,19.05,9.52,1.556209067,1.657752748,0
5,5,25,40,2,5,22,1,1,18.18,9.09,1.383512734,2.101309832,0
5,1,21,30,1,3,21,2,1,23.81,23.81,1.559096783,1.632053735,0
7,1,34,30,1,3,23,1,2,8.7,4.35,1.569809036,1.591715137,0
5,3,23,50,3,4,20,1,1,10,10,1.469498012,1.85362608,0
9,1,49,30,1,3,21,1,2,9.52,19.05,1.457314536,1.880896261,0
2,5,10,20,0,6,19,1,2,15.79,42.1,1.572473003,1.577488457,0
4,2,19,30,1,4,22,2,1,22.73,9.09,1.463650142,1.861510465,0
2,3,8,50,2,4,19,1,2,10.53,78.95,1.560636958,1.60607002,0
7,8,41,30,1,6,21,1,1,19.05,0,1.543283922,1.649547118,0
5,7,27,30,1,6,24,1,1,16.67,0,1.569031488,1.574273342,0
8,7,48,40,2,6,20,1,1,20,20,1.614259325,1.440534035,0
5,7,27,30,1,6,24,2,1,16.67,0,1.43760031,1.892551833,0
8,5,46,30,1,5,22,2,2,22.73,9.09,1.545614315,1.604906557,0
5,6,26,30,1,5,22,1,1,4.54,9.09,1.494394981,1.732184744,0
1,3,3,20,0,6,21,1,2,19.05,9.52,1.813259063,0.895385192,0
9,5,53,30,1,5,20,2,1,5,20,1.634877575,1.345353217,0
9,1,49,30,1,3,21,1,1,9.52,19.05,1.642604989,1.324808278,0
6,2,30,30,1,4,23,1,1,8.7,13.04,1.63037089,1.352297937,0
1,1,1,40,2,6,20,1,1,5,10,1.496961914,1.691798179,0
2,6,11,30,1,6,20,1,1,15,20,1.530014404,1.592545684,0
3,4,15,30,1,5,20,2,1,35,5,1.539219765,1.566135121,0
7,5,38,30,1,5,21,2,2,23.8,9.5,1.43936342,1.824351649,0
7,5,38,30,1,5,21,1,1,23.8,9.5,1.43936342,1.824351649,0
1,5,5,30,1,5,20,2,1,36.84,5.2,1.427296309,1.839182598,0
9,6,55,20,0,6,20,2,1,30,5,1.381305245,1.933080852,0
7,7,40,20,0,6,22,2,1,22.73,4.55,1.48339266,1.649464837,0
3,6,17,30,1,4,22,1,1,9.1,9.09,1.466678849,1.686054613,0
7,6,39,40,2,6,21,1,1,19.05,4.76,1.562352664,1.431099985,0
5,2,22,40,2,3,19,1,1,21.05,21.06,1.597794789,1.337990285,0
5,4,24,20,0,4,19,1,1,5.26,0,1.562792329,1.404378591,0
3,1,12,40,2,3,20,1,1,20,10,1.365418971,1.889784263,0
8,2,43,40,2,3,16,2,2,25,25,1.4249396,1.723536738,0
3,6,17,30,1,4,22,1,1,9.1,9.09,1.332930015,1.951362531,0
8,4,45,30,1,4,18,1,1,16.67,11.11,1.270385417,2.109148403,0
9,3,51,20,0,4,24,1,1,29.17,4.17,1.424007446,1.695020955,0
3,2,13,,,4,22,2,1,40.9,13.64,1.587073851,1.263180345,0
3,2,13,,,4,22,1,1,40.9,13.64,1.472310858,1.560962393,0
5,6,26,30,1,5,22,1,1,4.54,9.09,1.494394981,1.492966011,0
6,4,32,30,1,5,23,1,1,26.09,26.09,1.294642362,2.007568781,0
2,6,11,30,1,6,20,1,1,15,20,1.530014404,1.384193679,0
4,2,19,30,1,4,22,2,1,22.73,9.09,1.463650142,1.529080598,0
9,2,50,20,0,3,20,2,1,15,15,1.279541289,1.965447649,0
6,4,32,30,1,5,23,2,2,26.09,26.09,1.608149294,1.101847875,0
3,5,16,30,1,5,22,1,1,18.18,4.55,1.471678763,1.441635894,0
3,5,16,30,1,5,22,1,1,18.18,4.55,1.471678763,1.441635894,0
2,1,6,40,2,3,22,1,2,13.64,77.27,1.438825195,1.527530135,0
5,1,21,30,1,3,21,1,1,23.81,23.81,1.389936313,1.632053735,0
4,2,19,30,1,4,22,1,1,22.73,9.09,1.302136158,1.861510465,0
4,3,20,,,4,22,2,1,13.64,13.64,1.314635691,1.772970507,0
2,4,9,40,2,5,20,1,2,5,70,1.572035419,1.036493586,0
9,1,49,30,1,3,21,1,1,9.52,19.05,1.457314536,1.324808278,0
8,6,47,50,3,6,21,1,1,23.81,0,1.478123092,1.25705255,0
1,1,1,40,2,6,20,1,2,5,10,1.496961914,1.188771652,0
1,1,1,40,2,6,20,2,1,5,10,1.496961914,1.188771652,0
5,4,24,20,0,4,19,1,1,5.26,0,1.713264776,0.617868545,0
1,5,5,30,1,5,20,2,1,36.84,5.2,1.293179361,1.675350678,0
3,6,17,30,1,4,22,1,1,9.1,9.09,1.332930015,1.553400656,0
7,7,40,20,0,6,22,1,1,22.73,4.55,1.653296134,0.694223527,0
9,2,50,20,0,3,20,2,1,15,15,1.279541289,1.662626694,0
8,6,47,50,3,6,21,2,1,23.81,0,1.188572479,1.897694385,0
5,5,25,40,2,5,22,2,1,18.18,9.09,1.186318679,1.896524108,0
7,2,35,30,1,3,21,1,1,14.29,4.76,1.744711581,0.421218122,0
3,2,13,,,4,22,2,1,40.9,13.64,1.472310858,1.11428932,0
8,7,48,40,2,6,20,1,1,20,20,1.344797138,1.440534035,0
6,2,30,30,1,4,23,1,1,8.7,13.04,1.377444443,1.352297937,0
2,4,9,40,2,5,20,1,2,5,70,1.266163719,1.629208724,0
9,1,49,30,1,3,21,1,1,9.52,19.05,1.272024083,1.60285227,0
3,6,17,30,1,4,22,1,1,9.1,9.09,1.332930015,1.420746697,0
7,8,41,30,1,6,21,2,1,19.05,0,1.326694644,1.384478753,0
8,3,44,30,1,4,22,1,1,27.27,18.18,1.41245905,1.154459872,0
8,2,43,40,2,3,16,1,1,25,25,1.265663946,1.516727968,0
1,2,2,20,0,4,19,1,1,15.78,5.26,1.438685232,1.048182666,0
2,1,6,40,2,3,22,1,2,13.64,77.27,1.213504875,1.527530135,0
7,1,34,30,1,3,23,1,1,8.7,4.35,1.333803315,1.198508555,0
9,4,52,20,0,4,25,2,1,16,16,1.354758952,1.135844795,0
4,1,18,30,1,3,25,1,1,20,8,1.08931609,1.810111877,0
8,5,46,30,1,5,22,1,1,22.73,9.09,1.145371223,1.604906557,0
2,6,11,30,1,6,20,1,1,15,20,1.307763959,1.175841674,0
7,8,41,30,1,6,21,1,1,19.05,0,1.326694644,1.119410389,0
5,1,21,30,1,3,21,1,1,23.81,23.81,1.051615373,1.832661368,0
2,2,7,40,2,3,19,2,2,5.26,63.15,1.04788573,1.737045576,0
2,6,11,30,1,6,20,2,1,15,20,1.085513513,1.592545684,0
9,4,52,20,0,4,25,2,1,16,16,1.127376396,1.457708818,0
2,1,6,40,2,3,22,1,2,13.64,77.27,0.988184554,1.820801109,0
5,6,26,30,1,5,22,1,1,4.54,9.09,1.293331513,1.014528544,0
3,4,15,30,1,5,20,1,1,35,5,1.071958567,1.566135121,0
6,4,32,30,1,5,23,1,2,26.09,26.09,1.294642362,0.920703694,0
5,5,25,40,2,5,22,1,2,18.18,9.09,1.383512734,0.667809766,0
1,5,5,30,1,5,20,2,1,36.84,5.2,1.293179361,0.856191076,0
1,1,1,40,2,6,20,1,1,5,10,1.259662423,0.93725839,0
4,1,18,30,1,3,25,2,1,20,8,1.347186059,0.701988293,0
7,2,35,30,1,3,21,1,1,14.29,4.76,1.176345001,1.143272424,0
8,2,43,40,2,3,16,2,2,25,25,0.947112638,1.723536738,0
5,3,23,50,3,4,20,2,1,10,10,1.082038701,1.34348386,0
1,4,4,40,2,5,21,1,1,33.33,4.76,1.286251697,0.762045182,0
3,5,16,30,1,5,22,1,1,18.18,4.55,1.026669115,1.441635894,0
2,1,6,40,2,3,22,1,2,13.64,77.27,1.213504875,0.940988187,0
5,8,28,20,0,6,24,2,1,16.67,0,0.92677903,1.671734553,0
6,3,31,20,0,5,22,1,2,13.64,4.55,1.466841054,0.248957421,0
7,1,34,30,1,3,23,1,1,8.7,4.35,1.097797593,1.198508555,0
3,4,15,30,1,5,20,2,1,35,5,1.071958567,1.25100852,0
2,4,9,40,2,5,20,1,2,5,70,1.266163719,0.740136016,0
7,5,38,30,1,5,21,2,1,23.8,9.5,1.209675315,0.866058772,0
3,1,12,40,2,3,20,1,1,20,10,1.205225441,0.79631065,0
2,2,7,40,2,3,19,1,1,5.26,63.15,1.314710963,0.487433698,0
5,8,28,20,0,6,24,1,1,16.67,0,0.751922907,1.865373635,0
6,5,33,40,2,6,20,1,1,10,15,0.749551631,1.858797364,0
6,1,29,40,2,3,23,1,1,8.7,26.08,0.999385014,1.153447846,0
9,1,49,30,1,3,21,2,2,9.52,19.05,0.716152722,1.880896261,0
9,5,53,30,1,5,20,1,1,5,20,0.800895487,1.591894716,0
9,6,55,20,0,6,20,2,1,30,5,1.058956079,0.910439911,0
8,3,44,30,1,4,22,1,1,27.27,18.18,0.784150956,1.565632851,0
7,3,36,30,1,4,22,2,1,27.27,9.1,0.955683542,1.088480701,0
5,8,28,20,0,6,24,2,1,16.67,0,0.92677903,1.09081731,0
7,4,37,30,1,4,21,2,1,23.8,0,0.402055575,2.44433071,0
8,6,47,50,3,6,21,1,1,23.81,0,0.609471254,1.897694385,0
8,6,47,50,3,6,21,1,1,23.81,0,0.609471254,1.897694385,0
9,6,55,20,0,6,20,2,1,30,5,0.897781495,1.114968099,0
5,5,25,40,2,5,22,2,1,18.18,9.09,0.594736512,1.896524108,0
3,4,15,30,1,5,20,2,1,35,5,0.838327968,1.25100852,0
7,7,40,20,0,6,22,1,1,22.73,4.55,0.973682238,0.885271788,0
8,3,44,30,1,4,22,1,1,27.27,18.18,0.94122798,0.948873381,0
7,3,36,30,1,4,22,1,1,27.27,9.1,0.770065568,1.329458958,0
8,5,46,30,1,5,22,1,1,22.73,9.09,0.945249677,0.850363662,0
8,5,46,30,1,5,22,2,1,22.73,9.09,0.745128131,1.353392259,0
5,3,23,50,3,4,20,1,1,10,10,0.888309046,0.833341642,0
9,6,54,30,1,6,21,2,1,38.1,9.52,0.678713225,1.207784963,0
5,4,24,20,0,4,19,1,1,5.26,0,0.810430094,0.814496057,0
3,3,14,20,0,5,23,2,1,26.09,4.3,0.889605614,0.605062369,0
3,3,14,20,0,5,23,2,1,26.09,4.3,0.889605614,0.605062369,0
9,5,53,30,1,5,20,1,2,5,20,0.967691904,0.359187216,0
9,3,51,20,0,4,24,2,1,29.17,4.17,0.49157372,1.505132704,0
5,1,21,30,1,3,21,1,1,23.81,23.81,0.713294434,0.829623199,0
6,1,29,40,2,3,23,1,1,8.7,26.08,0.756732294,0.701211945,0
6,5,33,40,2,6,20,1,1,10,15,0.528259198,1.077941092,0
2,5,10,20,0,6,19,2,1,15.79,42.1,0.509787906,1.084848075,0
6,2,30,30,1,4,23,1,1,8.7,13.04,0.618665104,0.721719751,0
3,5,16,30,1,5,22,2,1,18.18,4.55,0.878332566,0,0
5,8,28,20,0,6,24,1,1,16.67,0,0.751922907,0.316260985,0
6,3,31,20,0,5,22,2,1,13.64,4.55,0.339116853,1.306630829,0
5,7,27,30,1,6,24,2,1,16.67,0,0.649013245,0.460298622,0
5,7,27,30,1,6,24,1,1,16.67,0,0.649013245,0.460298622,0
7,7,40,20,0,6,22,1,1,22.73,4.55,0.463971815,0.885271788,0
8,1,42,30,1,3,16,1,2,18.75,18.75,0.06261789,0.35005279,0
5,2,22,40,2,3,19,2,2,21.05,21.06,0,0.096182439,0