School,Teacher,Teacher ID,Teacher Age Group,Experience,Grade,Class size,Income Type,Ethnicity,% of low,% of multi,AveAca,AveSocio
1,1,1,40.0,2.0,6,20,1,1,5.0,10.0,0.6853634257929886,0.5224716672976009
1,1,1,40.0,2.0,6,20,1,2,5.0,10.0,0.2044066357628215,0.5224716672976009
1,1,1,40.0,2.0,6,20,1,1,5.0,10.0,-1.2384637343276803,-1.067659494042922
1,1,1,40.0,2.0,6,20,1,1,5.0,10.0,-0.2765501542673456,0.2953100728203831
1,1,1,40.0,2.0,6,20,1,1,5.0,10.0,-0.5170285492824294,-0.6133363050884869
1,1,1,40.0,2.0,6,20,1,1,5.0,10.0,2.12823379588349,0.5224716672976009
1,1,1,40.0,2.0,6,20,1,1,5.0,10.0,-1.4789421293427634,-1.7491442774745747
1,1,1,40.0,2.0,6,20,1,1,5.0,10.0,-0.9979853393125964,0.7496332617748181
1,1,1,40.0,2.0,6,20,1,1,5.0,10.0,-0.5170285492824294,-0.6133363050884869
1,1,1,40.0,2.0,6,20,1,1,5.0,10.0,-0.5170285492824294,-0.6133363050884869
1,1,1,40.0,2.0,6,20,1,1,5.0,10.0,0.44488503077790476,-0.6133363050884869
1,1,1,40.0,2.0,6,20,1,1,5.0,10.0,-0.5170285492824294,-0.15901311613405192
1,1,1,40.0,2.0,6,20,1,1,5.0,10.0,1.4067986108382389,1.658279639683688
1,1,1,40.0,2.0,6,20,1,1,5.0,10.0,0.6853634257929886,0.7496332617748181
1,1,1,40.0,2.0,6,20,1,1,5.0,10.0,0.9258418208080723,1.658279639683688
1,1,1,40.0,2.0,6,20,1,1,5.0,10.0,0.6853634257929886,0.5224716672976009
1,1,1,40.0,2.0,6,20,1,1,5.0,10.0,0.44488503077790476,0.7496332617748181
1,1,1,40.0,2.0,6,20,2,1,5.0,10.0,-1.2384637343276803,-1.5219826829973573
1,1,1,40.0,2.0,6,20,1,1,5.0,10.0,0.9258418208080723,0.5224716672976009
1,1,1,40.0,2.0,6,20,1,2,5.0,10.0,-1.2384637343276803,-1.5219826829973573
1,2,2,20.0,0.0,4,19,2,1,15.78,5.26,0.24328520620507105,-0.9203496319921647
1,2,2,20.0,0.0,4,19,1,1,15.78,5.26,-0.7839189977718946,-0.43460954844074434
1,2,2,20.0,0.0,4,19,1,1,15.78,5.26,0.7568873081935544,0.2940005768863864
1,2,2,20.0,0.0,4,19,1,1,15.78,5.26,3.324897818135969,0.051130535110675994
1,2,2,20.0,0.0,4,19,1,1,15.78,5.26,0.24328520620507105,1.9940908693163573
1,2,2,20.0,0.0,4,19,1,1,15.78,5.26,-0.013515844789170076,0.5368706186620963
1,2,2,20.0,0.0,4,19,1,1,15.78,5.26,-0.2703168957834118,0.5368706186620963
1,2,2,20.0,0.0,4,19,1,1,15.78,5.26,-0.5271179467776529,-0.9203496319921647
1,2,2,20.0,0.0,4,19,2,1,15.78,5.26,-0.5271179467776529,-0.43460954844074434
1,2,2,20.0,0.0,4,19,1,1,15.78,5.26,-1.0407200487661359,-1.163219673767875
1,2,2,20.0,0.0,4,19,1,1,15.78,5.26,-1.2975210997603774,-1.6489597573192953
1,2,2,20.0,0.0,4,19,1,1,15.78,5.26,-0.013515844789170076,1.5083507857649374
1,2,2,20.0,0.0,4,19,1,2,15.78,5.26,-0.2703168957834118,-0.19173950666503445
1,2,2,20.0,0.0,4,19,1,1,15.78,5.26,0.5000862571993128,0.2940005768863864
1,2,2,20.0,0.0,4,19,1,1,15.78,5.26,-0.7839189977718946,0.2940005768863864
1,2,2,20.0,0.0,4,19,1,1,15.78,5.26,0.7568873081935544,0.5368706186620963
1,2,2,20.0,0.0,4,19,1,1,15.78,5.26,0.24328520620507105,1.5083507857649374
1,2,2,20.0,0.0,4,19,1,1,15.78,5.26,-0.7839189977718946,-1.4060897155435852
1,2,2,20.0,0.0,4,19,2,1,15.78,5.26,0.24328520620507105,-0.43460954844074434
1,3,3,20.0,0.0,6,21,1,1,19.05,9.52,2.0777456330799673,0.6229780263745988
1,3,3,20.0,0.0,6,21,2,2,19.05,9.52,0.3845379977640537,0.9672553567395076
1,3,3,20.0,0.0,6,21,1,1,19.05,9.52,0.6450314801203479,1.3115326871044173
1,3,3,20.0,0.0,6,21,1,1,19.05,9.52,1.8172521507236725,0.4508393611921439
1,3,3,20.0,0.0,6,21,1,1,19.05,9.52,-0.7876826728392708,-0.23771529953767465
1,3,3,20.0,0.0,6,21,1,1,19.05,9.52,-0.7876826728392708,-1.4426859558148575
1,3,3,20.0,0.0,6,21,1,1,19.05,9.52,-1.1784228963737124,-1.098408625449948
1,3,3,20.0,0.0,6,21,1,1,19.05,9.52,0.9055249624766426,1.827948682651781
1,3,3,20.0,0.0,6,21,1,2,19.05,9.52,-0.9179294140174182,-1.7869632861797669
1,3,3,20.0,0.0,6,21,2,1,19.05,9.52,-1.0481761551955653,-1.098408625449948
1,3,3,20.0,0.0,6,21,1,1,19.05,9.52,-0.7876826728392708,-0.40985396472012947
1,3,3,20.0,0.0,6,21,1,1,19.05,9.52,0.3845379977640537,-0.5819926299025843
1,3,3,20.0,0.0,6,21,1,1,19.05,9.52,-1.1784228963737124,-0.9262699602674935
1,3,3,20.0,0.0,6,21,1,1,19.05,9.52,1.1660184448329367,1.3115326871044173
1,3,3,20.0,0.0,6,21,1,1,19.05,9.52,-0.39694244930482925,-0.06557663435522021
1,3,3,20.0,0.0,6,21,1,1,19.05,9.52,-1.0481761551955653,-0.7541312950850387
1,3,3,20.0,0.0,6,21,2,1,19.05,9.52,-0.39694244930482925,-0.06557663435522021
1,3,3,20.0,0.0,6,21,1,1,19.05,9.52,-0.006202225770387939,0.27870069600968905
1,3,3,20.0,0.0,6,21,1,1,19.05,9.52,-0.39694244930482925,-0.06557663435522021
1,3,3,20.0,0.0,6,21,1,1,19.05,9.52,1.03577170365479,0.4508393611921439
1,3,3,20.0,0.0,6,21,2,1,19.05,9.52,0.514784738942201,1.3115326871044173
1,4,4,40.0,2.0,5,21,1,1,33.33,4.76,1.5579363318979556,0.6058778508823695
1,4,4,40.0,2.0,5,21,2,1,33.33,4.76,-1.0593967056906095,-0.9649165773311805
1,4,4,40.0,2.0,5,21,1,1,33.33,4.76,1.8196696356568123,1.2341956221677892
1,4,4,40.0,2.0,5,21,1,1,33.33,4.76,0.7727364206213864,-0.02243992040305063
1,4,4,40.0,2.0,5,21,2,1,33.33,4.76,-0.5359300981728965,0.29171896523965923
1,4,4,40.0,2.0,5,21,1,1,33.33,4.76,-0.14333014253461168,-0.3365988060457605
1,4,4,40.0,2.0,5,21,1,1,33.33,4.76,1.165336376259671,0.29171896523965923
1,4,4,40.0,2.0,5,21,2,1,33.33,4.76,-1.1902633575700379,-0.3365988060457605
1,4,4,40.0,2.0,5,21,1,2,33.33,4.76,-0.27419679441404005,-1.2790754629738905
1,4,4,40.0,2.0,5,21,1,1,33.33,4.76,0.7727364206213864,0.6058778508823695
1,4,4,40.0,2.0,5,21,2,1,33.33,4.76,-0.6667967500523246,-1.4361549057952454
1,4,4,40.0,2.0,5,21,2,1,33.33,4.76,-1.0593967056906095,-0.17951936322440573
1,4,4,40.0,2.0,5,21,1,1,33.33,4.76,-1.1902633575700379,-0.4936782488671156
1,4,4,40.0,2.0,5,21,1,1,33.33,4.76,0.7727364206213864,1.7054339506318539
1,4,4,40.0,2.0,5,21,1,1,33.33,4.76,-0.01246349065518331,-0.02243992040305063
1,4,4,40.0,2.0,5,21,1,1,33.33,4.76,0.9036030725008142,1.5483545078104988
1,4,4,40.0,2.0,5,21,1,1,33.33,4.76,-1.4519966613288944,-1.9073932342593105
1,4,4,40.0,2.0,5,21,1,1,33.33,4.76,0.7727364206213864,1.5483545078104988
1,4,4,40.0,2.0,5,21,2,1,33.33,4.76,-0.797663401931753,-0.8078371345098254
1,4,4,40.0,2.0,5,21,2,1,33.33,4.76,-0.797663401931753,-0.4936782488671156
1,4,4,40.0,2.0,5,21,1,1,33.33,4.76,0.641869768741958,0.44879840806101434
1,5,5,30.0,1.0,5,20,1,1,36.84,5.2,1.6810366600998736,1.4329688847933983
1,5,5,30.0,1.0,5,20,1,1,36.84,5.2,1.0014686485701372,-0.19469685934692949
1,5,5,30.0,1.0,5,20,1,1,36.84,5.2,1.4092094554879795,1.4329688847933983
1,5,5,30.0,1.0,5,20,2,1,36.84,5.2,-0.08584016987744064,-0.04672724624326315
1,5,5,30.0,1.0,5,20,1,1,36.84,5.2,-0.9013217837131242,-0.34266647245059545
1,5,5,30.0,1.0,5,20,1,2,36.84,5.2,-0.7654081814071769,-1.0825145379689265
1,5,5,30.0,1.0,5,20,1,1,36.84,5.2,0.3219006370404012,0.8410904323787338
1,5,5,30.0,1.0,5,20,2,1,36.84,5.2,-1.4449761929369134,-1.8223626034872578
1,5,5,30.0,1.0,5,20,2,1,36.84,5.2,-1.4449761929369134,-1.0825145379689265
1,5,5,30.0,1.0,5,20,1,1,36.84,5.2,1.0014686485701372,1.4329688847933983
1,5,5,30.0,1.0,5,20,1,1,36.84,5.2,1.1373822508760847,1.1370296585860664
1,5,5,30.0,1.0,5,20,2,1,36.84,5.2,-0.3576673744893351,-0.34266647245059545
1,5,5,30.0,1.0,5,20,2,1,36.84,5.2,-0.3576673744893351,-0.6386056986579282
1,5,5,30.0,1.0,5,20,1,1,36.84,5.2,0.8655550462641904,1.1370296585860664
1,5,5,30.0,1.0,5,20,1,1,36.84,5.2,-0.22175377218338804,-0.19469685934692949
1,5,5,30.0,1.0,5,20,1,1,36.84,5.2,-0.08584016987744064,-0.34266647245059545
1,5,5,30.0,1.0,5,20,1,1,36.84,5.2,-1.0372353860190715,-0.9345449248652604
1,5,5,30.0,1.0,5,20,2,1,36.84,5.2,-1.309062590630966,-0.9345449248652604
1,5,5,30.0,1.0,5,20,2,1,36.84,5.2,0.5937278416522956,0.5451512061714018
2,1,6,40.0,2.0,3,22,1,2,13.64,77.27,0.9860082391874225,0.37323478370711405
2,1,6,40.0,2.0,3,22,1,2,13.64,77.27,-1.2973792620887157,-1.2160230049812428
2,1,6,40.0,2.0,3,22,1,2,13.64,77.27,0.3009919888045814,1.4327399761660184
2,1,6,40.0,2.0,3,22,1,2,13.64,77.27,-0.8407017618334878,-1.2160230049812428
2,1,6,40.0,2.0,3,22,1,2,13.64,77.27,-1.5257180122163294,-1.7457756012106953
2,1,6,40.0,2.0,3,22,1,2,13.64,77.27,-0.6123630117058743,-1.2160230049812428
2,1,6,40.0,2.0,3,22,1,2,13.64,77.27,-1.5257180122163294,-1.2160230049812428
2,1,6,40.0,2.0,3,22,1,1,13.64,77.27,0.07265323867696737,0.37323478370711405
2,1,6,40.0,2.0,3,22,1,1,13.64,77.27,1.4426857394426507,0.9029873799365663
2,1,6,40.0,2.0,3,22,1,2,13.64,77.27,0.529330738932195,-0.15651781252233818
2,1,6,40.0,2.0,3,22,1,2,13.64,77.27,0.3009919888045814,-0.15651781252233818
2,1,6,40.0,2.0,3,22,1,2,13.64,77.27,0.757669489059809,0.9029873799365663
2,1,6,40.0,2.0,3,22,1,2,13.64,77.27,1.4426857394426507,1.6976162742807448
2,1,6,40.0,2.0,3,22,2,2,13.64,77.27,-1.0690405119611017,-0.9511467068665168
2,1,6,40.0,2.0,3,22,1,2,13.64,77.27,0.9860082391874225,0.6381110818218404
2,1,6,40.0,2.0,3,22,1,1,13.64,77.27,0.757669489059809,1.1678636780512925
2,1,6,40.0,2.0,3,22,2,2,13.64,77.27,1.2143469893150365,0.10835848559238764
2,1,6,40.0,2.0,3,22,1,2,13.64,77.27,0.07265323867696737,0.37323478370711405
2,1,6,40.0,2.0,3,22,1,1,13.64,77.27,-0.3840242615782602,-0.15651781252233818
2,1,6,40.0,2.0,3,22,1,1,13.64,77.27,0.07265323867696737,1.1678636780512925
2,1,6,40.0,2.0,3,22,2,2,13.64,77.27,0.07265323867696737,-0.15651781252233818
2,1,6,40.0,2.0,3,22,1,2,13.64,77.27,-1.7540567623439434,-0.9511467068665168
2,2,7,40.0,2.0,3,19,1,2,5.26,63.15,0.33444169532785756,0.42429461902434934
2,2,7,40.0,2.0,3,19,1,2,5.26,63.15,-0.4767573103609882,-0.7043290675804195
2,2,7,40.0,2.0,3,19,1,2,5.26,63.15,-1.1527564817683593,-1.0267929780389247
2,2,7,40.0,2.0,3,19,1,2,5.26,63.15,-0.8823568132054107,-1.5104888437266826
2,2,7,40.0,2.0,3,19,1,2,5.26,63.15,-0.07115780751656532,-0.2206332018926615
2,2,7,40.0,2.0,3,19,1,1,5.26,63.15,-1.423156150331308,-2.155416664643693
2,2,7,40.0,2.0,3,19,1,2,5.26,63.15,-0.7471569789239366,-0.7043290675804195
2,2,7,40.0,2.0,3,19,1,2,5.26,63.15,0.8752410324537545,1.0692224399413597
2,2,7,40.0,2.0,3,19,1,1,5.26,63.15,0.4696415296093319,0.42429461902434934
2,2,7,40.0,2.0,3,19,1,1,5.26,63.15,1.1456407010167033,1.0692224399413597
2,2,7,40.0,2.0,3,19,2,2,5.26,63.15,-1.6935558188942565,-1.0267929780389247
2,2,7,40.0,2.0,3,19,1,1,5.26,63.15,-1.0175566474868851,0.10183070856584374
2,2,7,40.0,2.0,3,19,1,2,5.26,63.15,0.8752410324537545,0.7467585294828541
2,2,7,40.0,2.0,3,19,1,1,5.26,63.15,-0.07115780751656532,0.5855265742536021
2,2,7,40.0,2.0,3,19,1,2,5.26,63.15,1.010440866735229,1.0692224399413597
2,2,7,40.0,2.0,3,19,1,1,5.26,63.15,1.4160403695796515,1.0692224399413597
2,2,7,40.0,2.0,3,19,1,2,5.26,63.15,-0.3415574760795138,-0.7043290675804195
2,2,7,40.0,2.0,3,19,1,2,5.26,63.15,0.06404202676490907,0.2630626637950965
2,2,7,40.0,2.0,3,19,1,1,5.26,63.15,1.6864400381426001,1.2304543951706126
2,3,8,50.0,2.0,4,19,1,2,10.53,78.95,0.1677050983124844,-0.36106359456516557
2,3,8,50.0,2.0,4,19,1,2,10.53,78.95,-1.0062305898749053,-0.9490814485712927
2,3,8,50.0,2.0,4,19,1,2,10.53,78.95,-1.1739356881873897,-0.7530754972359168
2,3,8,50.0,2.0,4,19,1,1,10.53,78.95,0.5031152949374529,0.030948308105585732
2,3,8,50.0,2.0,4,19,1,2,10.53,78.95,-1.1739356881873897,-1.1450873999066682
2,3,8,50.0,2.0,4,19,1,1,10.53,78.95,1.0062305898749053,0.030948308105585732
2,3,8,50.0,2.0,4,19,1,2,10.53,78.95,0.6708203932499373,1.4029899674532156
2,3,8,50.0,2.0,4,19,1,1,10.53,78.95,-0.16770509831248404,0.030948308105585732
2,3,8,50.0,2.0,4,19,1,2,10.53,78.95,0.6708203932499373,0.42296021077633705
2,3,8,50.0,2.0,4,19,1,2,10.53,78.95,-0.3354101966249684,-0.1650576432297897
2,3,8,50.0,2.0,4,19,1,2,10.53,78.95,-0.3354101966249684,0.030948308105585732
2,3,8,50.0,2.0,4,19,2,2,10.53,78.95,-0.5031152949374529,-0.5570695459005415
2,3,8,50.0,2.0,4,19,1,1,10.53,78.95,-0.16770509831248404,-0.5570695459005415
2,3,8,50.0,2.0,4,19,1,2,10.53,78.95,-0.16770509831248404,-0.5570695459005415
2,3,8,50.0,2.0,4,19,1,2,10.53,78.95,2.1801662780622952,2.187013772794718
2,3,8,50.0,2.0,4,19,1,2,10.53,78.95,-0.8385254915624213,-0.7530754972359168
2,3,8,50.0,2.0,4,19,1,2,10.53,78.95,2.1801662780622952,2.383019724130094
2,3,8,50.0,2.0,4,19,1,2,10.53,78.95,-0.5031152949374529,0.2269542594409616
2,3,8,50.0,2.0,4,19,2,2,10.53,78.95,-1.0062305898749053,-0.9490814485712927
2,4,9,40.0,2.0,5,20,1,2,5.0,70.0,-1.1623845320085973,-1.6595170934367478
2,4,9,40.0,2.0,5,20,1,2,5.0,70.0,-1.4723537405442224,-1.927181140765255
2,4,9,40.0,2.0,5,20,1,1,5.0,70.0,-0.5424461149373458,-0.5888609041227172
2,4,9,40.0,2.0,5,20,1,2,5.0,70.0,-1.1623845320085973,-1.1241889987797327
2,4,9,40.0,2.0,5,20,2,1,5.0,70.0,1.6273383448120349,0.48179528519131287
2,4,9,40.0,2.0,5,20,1,2,5.0,70.0,-1.4723537405442224,-1.1241889987797327
2,4,9,40.0,2.0,5,20,1,2,5.0,70.0,0.07749230213390616,-0.5888609041227172
2,4,9,40.0,2.0,5,20,1,2,5.0,70.0,0.07749230213390616,-0.5888609041227172
2,4,9,40.0,2.0,5,20,1,1,5.0,70.0,0.38746151066953216,-0.05353280946570215
2,4,9,40.0,2.0,5,20,1,1,5.0,70.0,0.07749230213390616,-0.32119685679420995
2,4,9,40.0,2.0,5,20,1,1,5.0,70.0,0.6974307192051568,0.48179528519131287
2,4,9,40.0,2.0,5,20,1,2,5.0,70.0,1.3173691362764088,1.2847874271768351
2,4,9,40.0,2.0,5,20,1,2,5.0,70.0,0.07749230213390616,1.0171233798483283
2,4,9,40.0,2.0,5,20,1,1,5.0,70.0,0.07749230213390616,1.0171233798483283
2,4,9,40.0,2.0,5,20,1,2,5.0,70.0,0.07749230213390616,0.48179528519131287
2,4,9,40.0,2.0,5,20,1,2,5.0,70.0,1.6273383448120349,1.5524514745053428
2,4,9,40.0,2.0,5,20,1,2,5.0,70.0,1.3173691362764088,1.2847874271768351
2,4,9,40.0,2.0,5,20,1,2,5.0,70.0,-0.23247690640171986,0.21413123786280505
2,4,9,40.0,2.0,5,20,1,2,5.0,70.0,-1.4723537405442224,-0.32119685679420995
2,4,9,40.0,2.0,5,20,1,2,5.0,70.0,0.07749230213390616,0.48179528519131287
2,5,10,20.0,0.0,6,19,1,1,15.79,42.1,0.4534404238516756,-0.9484303591941511
2,5,10,20.0,0.0,6,19,1,1,15.79,42.1,1.8893350993819795,1.2762828290390416
2,5,10,20.0,0.0,6,19,1,1,15.79,42.1,1.1713877616168276,1.2762828290390416
2,5,10,20.0,0.0,6,19,2,1,15.79,42.1,-2.238862092767645,-1.6158443156641085
2,5,10,20.0,0.0,6,19,1,1,15.79,42.1,0.27395358941038744,0.1639262349224453
2,5,10,20.0,0.0,6,19,1,1,15.79,42.1,0.4534404238516756,-0.28101640272419315
2,5,10,20.0,0.0,6,19,1,2,15.79,42.1,-1.1619410861199169,-1.17090167801747
2,5,10,20.0,0.0,6,19,1,2,15.79,42.1,-0.08502007947218852,-0.7259590403708316
2,5,10,20.0,0.0,6,19,1,1,15.79,42.1,0.6329272582929638,0.6088688725690842
2,5,10,20.0,0.0,6,19,1,2,15.79,42.1,-0.6234805827960527,-1.17090167801747
2,5,10,20.0,0.0,6,19,1,2,15.79,42.1,0.8124140927342511,0.1639262349224453
2,5,10,20.0,0.0,6,19,2,1,15.79,42.1,0.6329272582929638,1.4987541478623612
2,5,10,20.0,0.0,6,19,1,2,15.79,42.1,-1.1619410861199169,-0.7259590403708316
2,5,10,20.0,0.0,6,19,1,1,15.79,42.1,-1.1619410861199169,-0.05854508390087367
2,5,10,20.0,0.0,6,19,1,2,15.79,42.1,-0.6234805827960527,-1.17090167801747
2,5,10,20.0,0.0,6,19,2,1,15.79,42.1,0.27395358941038744,0.6088688725690842
2,5,10,20.0,0.0,6,19,1,2,15.79,42.1,0.9919009271755393,0.8313401913924037
2,5,10,20.0,0.0,6,19,1,1,15.79,42.1,-0.44399374835476446,-0.05854508390087367
2,5,10,20.0,0.0,6,19,1,2,15.79,42.1,-0.08502007947218852,1.4987541478623612
2,6,11,30.0,1.0,6,20,1,2,15.0,20.0,0.14639803799676343,-0.5927645932524129
2,6,11,30.0,1.0,6,20,1,1,15.0,20.0,1.2725367918180215,0.34813158651332204
2,6,11,30.0,1.0,6,20,1,1,15.0,20.0,1.2725367918180215,0.9126692943727627
2,6,11,30.0,1.0,6,20,1,1,15.0,20.0,0.8220812902895179,1.4772070022322041
2,6,11,30.0,1.0,6,20,2,1,15.0,20.0,-1.6554239681172502,-1.157302301111854
2,6,11,30.0,1.0,6,20,1,1,15.0,20.0,-1.2049684665887466,-1.3454815370650008
2,6,11,30.0,1.0,6,20,1,1,15.0,20.0,-0.5292852142959921,-0.4045853572992658
2,6,11,30.0,1.0,6,20,1,1,15.0,20.0,-0.07882971276748839,0.7244900584196164
2,6,11,30.0,1.0,6,20,2,1,15.0,20.0,1.2725367918180215,0.5363108224664692
2,6,11,30.0,1.0,6,20,1,2,15.0,20.0,-0.07882971276748839,-0.9691230651587068
2,6,11,30.0,1.0,6,20,1,2,15.0,20.0,0.14639803799676343,-0.21640612134611903
2,6,11,30.0,1.0,6,20,1,1,15.0,20.0,-1.2049684665887466,-1.157302301111854
2,6,11,30.0,1.0,6,20,1,1,15.0,20.0,0.14639803799676343,0.9126692943727627
2,6,11,30.0,1.0,6,20,1,1,15.0,20.0,0.8220812902895179,0.7244900584196164
2,6,11,30.0,1.0,6,20,1,1,15.0,20.0,-1.4301962173529983,-1.533660773018148
2,6,11,30.0,1.0,6,20,1,1,15.0,20.0,-0.5292852142959921,0.15995235056017487
2,6,11,30.0,1.0,6,20,2,1,15.0,20.0,-0.30405746353174024,-0.028226885392971867
2,6,11,30.0,1.0,6,20,1,1,15.0,20.0,-0.07882971276748839,-0.028226885392971867
2,6,11,30.0,1.0,6,20,1,1,15.0,20.0,1.948220044110776,2.229923946044792
2,6,11,30.0,1.0,6,20,1,2,15.0,20.0,-0.7545129650602433,-0.5927645932524129
3,1,12,40.0,2.0,3,20,2,1,20.0,10.0,-1.0470898313505947,-1.0863631091527965
3,1,12,40.0,2.0,3,20,1,1,20.0,10.0,1.550342308433826,0.6913219785517799
3,1,12,40.0,2.0,3,20,1,1,20.0,10.0,-1.3717688488236475,-0.8888425438522881
3,1,12,40.0,2.0,3,20,1,1,20.0,10.0,-1.0470898313505947,-1.283883674453305
3,1,12,40.0,2.0,3,20,1,2,20.0,10.0,-0.5600713051410157,0.49380141325127125
3,1,12,40.0,2.0,3,20,1,1,20.0,10.0,-0.39773179640448963,-0.09876028265025433
3,1,12,40.0,2.0,3,20,1,1,20.0,10.0,-0.8847503226140684,-0.29628084795076254
3,1,12,40.0,2.0,3,20,1,1,20.0,10.0,0.7386447647511944,0.296280847950763
3,1,12,40.0,2.0,3,20,1,1,20.0,10.0,0.7386447647511944,0.6913219785517799
3,1,12,40.0,2.0,3,20,1,1,20.0,10.0,1.550342308433826,1.481404239753814
3,1,12,40.0,2.0,3,20,1,1,20.0,10.0,1.3880027996972994,1.8764453703548305
3,1,12,40.0,2.0,3,20,2,1,20.0,10.0,-0.39773179640448963,-0.6913219785517795
3,1,12,40.0,2.0,3,20,1,1,20.0,10.0,-0.39773179640448963,-0.49380141325127125
3,1,12,40.0,2.0,3,20,2,1,20.0,10.0,0.5763052560146683,0.49380141325127125
3,1,12,40.0,2.0,3,20,1,1,20.0,10.0,-1.5341083575601737,-1.8764453703548305
3,1,12,40.0,2.0,3,20,1,1,20.0,10.0,-0.5600713051410157,-0.6913219785517795
3,1,12,40.0,2.0,3,20,2,1,20.0,10.0,-0.7224108138775421,-1.0863631091527965
3,1,12,40.0,2.0,3,20,1,1,20.0,10.0,0.7386447647511944,0.6913219785517799
3,1,12,40.0,2.0,3,20,1,1,20.0,10.0,0.5763052560146683,1.0863631091527968
3,1,12,40.0,2.0,3,20,1,2,20.0,10.0,1.0633237822242474,0.6913219785517799
3,2,13,,,4,22,2,1,40.9,13.64,-1.263445020312143,-1.589253590156295
3,2,13,,,4,22,1,1,40.9,13.64,-0.6819431281182698,-0.9168770712440165
3,2,13,,,4,22,1,1,40.9,13.64,1.1788629269021247,0.6968265741454521
3,2,13,,,4,22,1,1,40.9,13.64,1.1788629269021247,0.2934006627980847
3,2,13,,,4,22,1,1,40.9,13.64,-0.1004412359243966,-0.1100252485492822
3,2,13,,,4,22,2,2,40.9,13.64,-0.9145438849958191,-1.0513523750264722
3,2,13,,,4,22,1,1,40.9,13.64,0.7136614131470261,0.9657771817103632
3,2,13,,,4,22,2,1,40.9,13.64,-0.7982435065570445,-1.589253590156295
3,2,13,,,4,22,2,2,40.9,13.64,-1.0308442634345938,-1.0513523750264722
3,2,13,,,4,22,1,1,40.9,13.64,-1.263445020312143,-1.185827678808928
3,2,13,,,4,22,1,1,40.9,13.64,1.6440644406572231,1.2347277892752748
3,2,13,,,4,22,1,1,40.9,13.64,-0.21674161436317135,0.5623512703629963
3,2,13,,,4,22,1,1,40.9,13.64,1.5277640622184483,1.2347277892752748
3,2,13,,,4,22,1,1,40.9,13.64,-0.33304199280194585,0.4278759665805405
3,2,13,,,4,22,2,1,40.9,13.64,0.8299617915858003,0.8313018779279073
3,2,13,,,4,22,1,1,40.9,13.64,-0.9145438849958191,0.024450055233173323
3,2,13,,,4,22,2,1,40.9,13.64,0.01585914251437814,0.5623512703629963
3,2,13,,,4,22,2,1,40.9,13.64,0.36476027783070186,0.5623512703629963
3,2,13,,,4,22,1,2,40.9,13.64,1.4114636837796735,1.3692030930577306
3,2,13,,,4,22,2,1,40.9,13.64,-0.9145438849958191,-0.6479264636791052
3,2,13,,,4,22,1,1,40.9,13.64,0.7136614131470261,0.8313018779279073
3,2,13,,,4,22,2,1,40.9,13.64,-1.1471446418733684,-1.4547782863738392
3,3,14,20.0,0.0,5,23,1,1,26.09,4.3,-0.43258979926740465,-0.48760534063301403
3,3,14,20.0,0.0,5,23,2,1,26.09,4.3,-1.853956282574592,-2.049176874558997
3,3,14,20.0,0.0,5,23,1,1,26.09,4.3,0.1359567940554703,0.2221999020606144
3,3,14,20.0,0.0,5,23,1,1,26.09,4.3,0.42023009071690803,1.0739661932929687
3,3,14,20.0,0.0,5,23,1,1,26.09,4.3,-0.14831650260596718,0.7900440962155171
3,3,14,20.0,0.0,5,23,1,1,26.09,4.3,-0.5747264475981235,0.3641609505993402
3,3,14,20.0,0.0,5,23,1,1,26.09,4.3,1.415186629031939,1.0739661932929687
3,3,14,20.0,0.0,5,23,1,2,26.09,4.3,1.6994599256933767,-1.7652547774815455
3,3,14,20.0,0.0,5,23,1,1,26.09,4.3,-0.43258979926740465,0.7900440962155171
3,3,14,20.0,0.0,5,23,2,1,26.09,4.3,-1.853956282574592,-2.049176874558997
3,3,14,20.0,0.0,5,23,1,1,26.09,4.3,1.557323277362658,1.215927241831694
3,3,14,20.0,0.0,5,23,1,1,26.09,4.3,-0.8589997442595609,-0.7715274377104657
3,3,14,20.0,0.0,5,23,1,1,26.09,4.3,-0.43258979926740465,-0.20368324355556272
3,3,14,20.0,0.0,5,23,2,1,26.09,4.3,0.27809344238618916,0.6480830476767913
3,3,14,20.0,0.0,5,23,2,1,26.09,4.3,-0.2904531509366857,0.3641609505993402
3,3,14,20.0,0.0,5,23,1,1,26.09,4.3,-0.0061798542752482906,-0.20368324355556272
3,3,14,20.0,0.0,5,23,2,1,26.09,4.3,1.1309133323705018,1.3578882903704197
3,3,14,20.0,0.0,5,23,1,1,26.09,4.3,1.557323277362658,0.7900440962155171
3,3,14,20.0,0.0,5,23,1,1,26.09,4.3,-0.0061798542752482906,0.0802388535218886
3,3,14,20.0,0.0,5,23,1,1,26.09,4.3,-0.2904531509366857,-0.06172219501683722
3,3,14,20.0,0.0,5,23,2,1,26.09,4.3,-1.0011363925902794,-0.7715274377104657
3,3,14,20.0,0.0,5,23,1,1,26.09,4.3,-0.7168630959288421,-0.7715274377104657
3,3,14,20.0,0.0,5,23,1,1,26.09,4.3,0.7045033873783452,0.3641609505993402
3,4,15,30.0,1.0,5,20,1,1,35.0,5.0,0.6984430454318036,0.8111551723974262
3,4,15,30.0,1.0,5,20,1,1,35.0,5.0,-0.2485983721028452,-0.32730822745861127
3,4,15,30.0,1.0,5,20,1,1,35.0,5.0,0.46168269104814125,0.24192347246940776
3,4,15,30.0,1.0,5,20,2,1,35.0,5.0,0.6984430454318036,0.5265393224334166
3,4,15,30.0,1.0,5,20,1,1,35.0,5.0,0.46168269104814125,-0.042692377494601745
3,4,15,30.0,1.0,5,20,2,1,35.0,5.0,-1.1956397896374935,-1.1811557773506385
3,4,15,30.0,1.0,5,20,2,1,35.0,5.0,1.4087241085827895,1.3803868723254444
3,4,15,30.0,1.0,5,20,1,1,35.0,5.0,-0.48535872648650696,-0.32730822745861127
3,4,15,30.0,1.0,5,20,2,1,35.0,5.0,-1.6691604984048178,-1.465771627314648
3,4,15,30.0,1.0,5,20,2,1,35.0,5.0,0.6984430454318036,0.24192347246940776
3,4,15,30.0,1.0,5,20,2,1,35.0,5.0,-1.90592085278848,-1.465771627314648
3,4,15,30.0,1.0,5,20,1,1,35.0,5.0,-1.6691604984048178,-1.1811557773506385
3,4,15,30.0,1.0,5,20,1,1,35.0,5.0,0.22492233666447894,-0.8965399273866297
3,4,15,30.0,1.0,5,20,1,1,35.0,5.0,-0.011838017719182853,0.24192347246940776
3,4,15,30.0,1.0,5,20,1,1,35.0,5.0,1.6454844629664518,1.9496185722534636
3,4,15,30.0,1.0,5,20,1,1,35.0,5.0,-0.2485983721028452,-0.32730822745861127
3,4,15,30.0,1.0,5,20,1,1,35.0,5.0,-0.48535872648650696,-0.042692377494601745
3,4,15,30.0,1.0,5,20,2,1,35.0,5.0,0.46168269104814125,1.9496185722534636
3,4,15,30.0,1.0,5,20,1,2,35.0,5.0,0.22492233666447894,0.24192347246940776
3,4,15,30.0,1.0,5,20,1,1,35.0,5.0,0.9352033998154654,-0.32730822745861127
3,5,16,30.0,1.0,5,22,1,1,18.18,4.55,-1.2640855821901122,-1.2936009125733483
3,5,16,30.0,1.0,5,22,1,1,18.18,4.55,0.08882763550525075,0.38047085663922064
3,5,16,30.0,1.0,5,22,1,1,18.18,4.55,1.141093471490533,0.1944628822822684
3,5,16,30.0,1.0,5,22,1,1,18.18,4.55,-1.2640855821901122,-1.2936009125733483
3,5,16,30.0,1.0,5,22,1,1,18.18,4.55,0.5397987080703718,0.7524868053531243
3,5,16,30.0,1.0,5,22,1,1,18.18,4.55,-1.715056654755233,-1.2936009125733483
3,5,16,30.0,1.0,5,22,1,1,18.18,4.55,0.9907697806354925,1.1245027540670287
3,5,16,30.0,1.0,5,22,1,1,18.18,4.55,1.141093471490533,1.1245027540670287
3,5,16,30.0,1.0,5,22,1,1,18.18,4.55,0.840446089780452,0.7524868053531243
3,5,16,30.0,1.0,5,22,1,1,18.18,4.55,-0.21181974620482982,0.008454907925316162
3,5,16,30.0,1.0,5,22,1,1,18.18,4.55,-0.9634382004800315,-0.9215849638594442
3,5,16,30.0,1.0,5,22,2,1,18.18,4.55,-1.8653803456102735,-2.595656733072013
3,5,16,30.0,1.0,5,22,1,2,18.18,4.55,0.9907697806354925,0.5664788309961729
3,5,16,30.0,1.0,5,22,1,1,18.18,4.55,0.9907697806354925,1.310510728423981
3,5,16,30.0,1.0,5,22,1,1,18.18,4.55,0.9907697806354925,0.7524868053531243
3,5,16,30.0,1.0,5,22,1,1,18.18,4.55,-0.061496055349789705,-0.3635610407885879
3,5,16,30.0,1.0,5,22,2,1,18.18,4.55,-0.8131145096249913,-0.735576989502492
3,5,16,30.0,1.0,5,22,1,1,18.18,4.55,0.9907697806354925,0.7524868053531243
3,5,16,30.0,1.0,5,22,1,1,18.18,4.55,-0.061496055349789705,0.5664788309961729
3,5,16,30.0,1.0,5,22,1,1,18.18,4.55,-0.061496055349789705,-0.17755306643163565
3,5,16,30.0,1.0,5,22,2,1,18.18,4.55,-0.9634382004800315,-0.17755306643163565
3,5,16,30.0,1.0,5,22,2,1,18.18,4.55,0.5397987080703718,0.5664788309961729
3,6,17,30.0,1.0,4,22,1,1,9.1,9.09,1.1705775267051544,-0.593605680362059
3,6,17,30.0,1.0,4,22,1,1,9.1,9.09,-1.4046930320461846,-1.1926572843971643
3,6,17,30.0,1.0,4,22,2,1,9.1,9.09,-0.32036858625614706,0.6044975277081522
3,6,17,30.0,1.0,4,22,1,1,9.1,9.09,0.3573341923626263,0.48468720690113104
3,6,17,30.0,1.0,4,22,1,1,9.1,9.09,-0.5914496977036563,-1.0728469635901432
3,6,17,30.0,1.0,4,22,1,1,9.1,9.09,-0.049287474808637474,-0.7134160011690799
3,6,17,30.0,1.0,4,22,1,1,9.1,9.09,0.2217936366388718,0.36487688609410984
3,6,17,30.0,1.0,4,22,1,1,9.1,9.09,-1.2691524763224298,-1.0728469635901432
3,6,17,30.0,1.0,4,22,1,1,9.1,9.09,-0.7269902534274109,-0.9530366427831221
3,6,17,30.0,1.0,4,22,1,1,9.1,9.09,-1.4046930320461846,-0.833226321976101
3,6,17,30.0,1.0,4,22,1,1,9.1,9.09,1.8482803053239278,1.4431697733572995
3,6,17,30.0,1.0,4,22,1,1,9.1,9.09,1.712739749600173,1.5629800941643206
3,6,17,30.0,1.0,4,22,1,1,9.1,9.09,1.1705775267051544,1.5629800941643206
3,6,17,30.0,1.0,4,22,1,1,9.1,9.09,0.6284153038101359,0.9639284901292152
3,6,17,30.0,1.0,4,22,1,1,9.1,9.09,-1.4046930320461846,-1.3124676052041853
3,6,17,30.0,1.0,4,22,1,2,9.1,9.09,0.6284153038101359,0.7243078485151728
3,6,17,30.0,1.0,4,22,1,2,9.1,9.09,-0.049287474808637474,0.24506656528708864
3,6,17,30.0,1.0,4,22,1,1,9.1,9.09,-0.9980713648749202,-1.4322779260112064
3,6,17,30.0,1.0,4,22,1,1,9.1,9.09,-0.32036858625614706,-0.23417471794099562
3,6,17,30.0,1.0,4,22,1,1,9.1,9.09,1.0350369709813996,1.3233594525502783
3,6,17,30.0,1.0,4,22,2,1,9.1,9.09,-0.45590914197990157,0.1252562444800677
3,6,17,30.0,1.0,4,22,1,1,9.1,9.09,0.2217936366388718,0.0054459236730465144
4,1,18,30.0,1.0,3,25,1,1,20.0,8.0,0.700349494879789,1.0408677515068279
4,1,18,30.0,1.0,3,25,2,1,20.0,8.0,-0.8675971354480957,-0.960801001390917
4,1,18,30.0,1.0,3,25,1,1,20.0,8.0,-0.6062726970601152,-1.9616353778397888
4,1,18,30.0,1.0,3,25,1,1,20.0,8.0,1.4843228100437307,0.5404505632823914
4,1,18,30.0,1.0,3,25,2,1,20.0,8.0,-1.3902460122240576,-1.9616353778397888
4,1,18,30.0,1.0,3,25,1,1,20.0,8.0,2.2682961252076725,1.0408677515068279
4,1,18,30.0,1.0,3,25,1,1,20.0,8.0,0.439025056491808,0.5404505632823914
4,1,18,30.0,1.0,3,25,1,1,20.0,8.0,-0.3449482586721343,0.5404505632823914
4,1,18,30.0,1.0,3,25,1,1,20.0,8.0,0.9616739332677687,1.0408677515068279
4,1,18,30.0,1.0,3,25,1,2,20.0,8.0,-1.1289215738360765,0.04003337505795603
4,1,18,30.0,1.0,3,25,1,1,20.0,8.0,1.2229983716557498,-0.46038381316648047
4,1,18,30.0,1.0,3,25,1,1,20.0,8.0,-0.6062726970601152,-0.960801001390917
4,1,18,30.0,1.0,3,25,1,1,20.0,8.0,-0.6062726970601152,0.5404505632823914
4,1,18,30.0,1.0,3,25,1,1,20.0,8.0,-0.8675971354480957,-0.46038381316648047
4,1,18,30.0,1.0,3,25,2,1,20.0,8.0,-1.6515704506120379,0.04003337505795603
4,1,18,30.0,1.0,3,25,2,1,20.0,8.0,-0.3449482586721343,-0.46038381316648047
4,1,18,30.0,1.0,3,25,1,1,20.0,8.0,0.439025056491808,2.5421193161801363
4,1,18,30.0,1.0,3,25,2,1,20.0,8.0,0.17770061810382706,0.5404505632823914
4,1,18,30.0,1.0,3,25,1,1,20.0,8.0,0.17770061810382706,0.04003337505795603
4,1,18,30.0,1.0,3,25,1,1,20.0,8.0,-0.3449482586721343,-0.46038381316648047
4,1,18,30.0,1.0,3,25,1,1,20.0,8.0,-1.6515704506120379,-0.960801001390917
4,1,18,30.0,1.0,3,25,1,2,20.0,8.0,0.439025056491808,1.0408677515068279
4,1,18,30.0,1.0,3,25,2,1,20.0,8.0,0.700349494879789,0.04003337505795603
4,1,18,30.0,1.0,3,25,1,1,20.0,8.0,0.700349494879789,-0.46038381316648047
4,1,18,30.0,1.0,3,25,1,1,20.0,8.0,0.700349494879789,-0.46038381316648047
4,2,19,30.0,1.0,4,22,1,1,22.73,9.09,-1.2722217557438538,-0.7642569540383709
4,2,19,30.0,1.0,4,22,1,1,22.73,9.09,-0.12647818624354015,-0.31389124898004545
4,2,19,30.0,1.0,4,22,1,1,22.73,9.09,-0.12647818624354015,-0.013647445607827975
4,2,19,30.0,1.0,4,22,2,2,22.73,9.09,0.36455477211373666,-0.46401315066615384
4,2,19,30.0,1.0,4,22,1,1,22.73,9.09,-1.1085441029580945,-1.0645007574105882
4,2,19,30.0,1.0,4,22,2,1,22.73,9.09,-1.2722217557438538,-0.9143788557244796
4,2,19,30.0,1.0,4,22,1,1,22.73,9.09,0.20087711932797747,-0.31389124898004545
4,2,19,30.0,1.0,4,22,1,1,22.73,9.09,0.36455477211373666,-0.31389124898004545
4,2,19,30.0,1.0,4,22,1,1,22.73,9.09,-1.4358994085296126,-0.9143788557244796
4,2,19,30.0,1.0,4,22,1,1,22.73,9.09,0.8555877304710142,0.736962062822715
4,2,19,30.0,1.0,4,22,1,1,22.73,9.09,1.346620688828291,1.0372058661949317
4,2,19,30.0,1.0,4,22,2,2,22.73,9.09,-0.7811887973865765,-1.2146226590966969
4,2,19,30.0,1.0,4,22,1,1,22.73,9.09,1.182943036042532,1.6376934729393666
4,2,19,30.0,1.0,4,22,1,1,22.73,9.09,0.36455477211373666,0.8870839645088238
4,2,19,30.0,1.0,4,22,2,1,22.73,9.09,-1.2722217557438538,-0.31389124898004545
4,2,19,30.0,1.0,4,22,1,1,22.73,9.09,-0.7811887973865765,-0.9143788557244796
4,2,19,30.0,1.0,4,22,1,1,22.73,9.09,0.03719946654221902,-0.46401315066615384
4,2,19,30.0,1.0,4,22,1,1,22.73,9.09,1.182943036042532,0.28659635776438913
4,2,19,30.0,1.0,4,22,1,1,22.73,9.09,1.182943036042532,0.8870839645088238
4,2,19,30.0,1.0,4,22,1,1,22.73,9.09,1.182943036042532,1.6376934729393666
4,2,19,30.0,1.0,4,22,1,1,22.73,9.09,1.182943036042532,2.088059177997692
4,2,19,30.0,1.0,4,22,2,1,22.73,9.09,-1.2722217557438538,-1.2146226590966969
4,3,20,,,4,22,2,1,13.64,13.64,-1.219913511843341,-0.10146391029407438
4,3,20,,,4,22,1,1,13.64,13.64,0.813275674562227,-0.7711257182349693
4,3,20,,,4,22,2,1,13.64,13.64,-1.423232430483898,-0.9943463208819344
4,3,20,,,4,22,1,1,13.64,13.64,-1.0165945932027844,-1.4407875261758643
4,3,20,,,4,22,1,1,13.64,13.64,-4.514586896332702e-16,1.2378597055877154
4,3,20,,,4,22,1,1,13.64,13.64,-4.514586896332702e-16,1.4610803082346795
4,3,20,,,4,22,1,1,13.64,13.64,0.2033189186405565,0.3449772949998554
4,3,20,,,4,22,1,1,13.64,13.64,2.439827023686681,-0.3246845129410395
4,3,20,,,4,22,1,1,13.64,13.64,-0.40663783728111397,-0.5479051155880047
4,3,20,,,4,22,1,1,13.64,13.64,-0.8132756745622275,-0.5479051155880047
4,3,20,,,4,22,1,1,13.64,13.64,-4.514586896332702e-16,-0.5479051155880047
4,3,20,,,4,22,1,1,13.64,13.64,-0.40663783728111397,-1.217566923528899
4,3,20,,,4,22,1,1,13.64,13.64,-0.609956755921671,-0.9943463208819344
4,3,20,,,4,22,1,1,13.64,13.64,-0.609956755921671,-0.3246845129410395
4,3,20,,,4,22,1,1,13.64,13.64,-0.8132756745622275,-0.9943463208819344
4,3,20,,,4,22,2,1,13.64,13.64,-0.8132756745622275,-0.3246845129410395
4,3,20,,,4,22,1,1,13.64,13.64,0.60995675592167,1.0146391029407502
4,3,20,,,4,22,1,1,13.64,13.64,1.626551349124454,1.6843009108816447
4,3,20,,,4,22,1,1,13.64,13.64,-0.20331891864055698,1.4610803082346795
4,3,20,,,4,22,1,1,13.64,13.64,-4.514586896332702e-16,-0.3246845129410395
4,3,20,,,4,22,1,1,13.64,13.64,1.626551349124454,0.7914185002937851
4,3,20,,,4,22,1,1,13.64,13.64,1.016594593202784,1.4610803082346795
5,1,21,30.0,1.0,3,21,1,1,23.81,23.81,-0.14693706196845155,-1.1216194443020044
5,1,21,30.0,1.0,3,21,1,1,23.81,23.81,-1.6897762126372025,-0.9404347648378345
5,1,21,30.0,1.0,3,21,1,1,23.81,23.81,-1.3469230680441466,-1.1216194443020044
5,1,21,30.0,1.0,3,21,1,1,23.81,23.81,-2.0326293572302583,-1.846358162158684
5,1,21,30.0,1.0,3,21,2,2,23.81,23.81,-0.48979020656150757,-0.39688072644532474
5,1,21,30.0,1.0,3,21,2,1,23.81,23.81,0.3673426549211317,0.8714120298038645
5,1,21,30.0,1.0,3,21,1,1,23.81,23.81,1.7387552332933551,0.14667331194718503
5,1,21,30.0,1.0,3,21,2,1,23.81,23.81,0.7101957995141878,1.2337813887322044
5,1,21,30.0,1.0,3,21,1,1,23.81,23.81,0.3673426549211317,-0.7592500853736645
5,1,21,30.0,1.0,3,21,1,1,23.81,23.81,0.5387692272176597,-0.5780654059094947
5,1,21,30.0,1.0,3,21,2,1,23.81,23.81,-1.1754964957476188,-1.1216194443020044
5,1,21,30.0,1.0,3,21,2,1,23.81,23.81,0.7101957995141878,-0.21569604698115508
5,1,21,30.0,1.0,3,21,1,1,23.81,23.81,0.19591608262460408,0.8714120298038645
5,1,21,30.0,1.0,3,21,1,1,23.81,23.81,1.053048944107243,1.5961507476605439
5,1,21,30.0,1.0,3,21,1,1,23.81,23.81,1.395902088700299,1.777335427124714
5,1,21,30.0,1.0,3,21,1,1,23.81,23.81,-0.14693706196845155,0.5090426708755247
5,1,21,30.0,1.0,3,21,1,1,23.81,23.81,-0.48979020656150757,-0.03451136751698502
5,1,21,30.0,1.0,3,21,1,1,23.81,23.81,0.8816223718107158,1.2337813887322044
5,1,21,30.0,1.0,3,21,1,1,23.81,23.81,0.5387692272176597,0.3278579914113547
5,1,21,30.0,1.0,3,21,1,1,23.81,23.81,-0.31836363426497954,-0.03451136751698502
5,1,21,30.0,1.0,3,21,1,1,23.81,23.81,-0.6612167788580352,-0.39688072644532474
5,2,22,40.0,2.0,3,19,1,1,21.05,21.06,-1.1362800846341206,-1.3872114896000545
5,2,22,40.0,2.0,3,19,1,1,21.05,21.06,-0.8664135645335173,-1.1068176778723837
5,2,22,40.0,2.0,3,19,1,2,21.05,21.06,0.21305251586889767,-0.26563624268937175
5,2,22,40.0,2.0,3,19,1,1,21.05,21.06,1.8322516364725199,1.4167266276766517
5,2,22,40.0,2.0,3,19,1,1,21.05,21.06,1.292518596271312,-0.826423866144713
5,2,22,40.0,2.0,3,19,1,1,21.05,21.06,-0.3266805243323101,0.2951513807659694
5,2,22,40.0,2.0,3,19,2,1,21.05,21.06,1.022652076170708,1.4167266276766517
5,2,22,40.0,2.0,3,19,1,1,21.05,21.06,-0.056814004231706204,0.5755451924936403
5,2,22,40.0,2.0,3,19,1,1,21.05,21.06,-0.056814004231706204,0.5755451924936403
5,2,22,40.0,2.0,3,19,1,1,21.05,21.06,-0.056814004231706204,0.014757569038298501
5,2,22,40.0,2.0,3,19,1,2,21.05,21.06,-0.8664135645335173,0.2951513807659694
5,2,22,40.0,2.0,3,19,1,1,21.05,21.06,0.21305251586889767,0.8559390042213105
5,2,22,40.0,2.0,3,19,1,1,21.05,21.06,1.022652076170708,1.4167266276766517
5,2,22,40.0,2.0,3,19,1,2,21.05,21.06,-0.056814004231706204,0.014757569038298501
5,2,22,40.0,2.0,3,19,2,1,21.05,21.06,0.21305251586889767,-0.26563624268937175
5,2,22,40.0,2.0,3,19,1,1,21.05,21.06,-0.056814004231706204,-0.26563624268937175
5,2,22,40.0,2.0,3,19,1,1,21.05,21.06,0.482919035969501,-0.26563624268937175
5,2,22,40.0,2.0,3,19,2,1,21.05,21.06,-0.056814004231706204,0.014757569038298501
5,2,22,40.0,2.0,3,19,2,2,21.05,21.06,-2.7554792052377426,-2.508786736510737
5,3,23,50.0,3.0,4,20,1,1,10.0,10.0,0.8932782540463218,0.691124902810567
5,3,23,50.0,3.0,4,20,1,1,10.0,10.0,1.0896031450455135,0.9214998704140897
5,3,23,50.0,3.0,4,20,1,1,10.0,10.0,-1.8552702199423585,-1.84299974082818
5,3,23,50.0,3.0,4,20,1,1,10.0,10.0,0.8932782540463218,0.691124902810567
5,3,23,50.0,3.0,4,20,1,1,10.0,10.0,-0.2846710919488268,-0.4607499352070448
5,3,23,50.0,3.0,4,20,1,1,10.0,10.0,-0.8736457649464012,-0.6911249028105675
5,3,23,50.0,3.0,4,20,2,1,10.0,10.0,-1.658945328943167,-1.382249805621135
5,3,23,50.0,3.0,4,20,1,1,10.0,10.0,-0.48099598294801843,-0.4607499352070448
5,3,23,50.0,3.0,4,20,1,1,10.0,10.0,-1.266295546944784,-0.9214998704140897
5,3,23,50.0,3.0,4,20,1,1,10.0,10.0,-1.0699706559455928,-1.1518748380176125
5,3,23,50.0,3.0,4,20,1,1,10.0,10.0,1.0896031450455135,1.382249805621135
5,3,23,50.0,3.0,4,20,1,1,10.0,10.0,-0.2846710919488268,-0.4607499352070448
5,3,23,50.0,3.0,4,20,1,1,10.0,10.0,0.10797869004955606,-0.2303749676035227
5,3,23,50.0,3.0,4,20,2,2,10.0,10.0,0.6969533630471301,1.382249805621135
5,3,23,50.0,3.0,4,20,1,1,10.0,10.0,0.5006284720479394,0.691124902810567
5,3,23,50.0,3.0,4,20,1,1,10.0,10.0,0.3043035810487477,0.691124902810567
5,3,23,50.0,3.0,4,20,1,2,10.0,10.0,-0.08834620094963558,-0.4607499352070448
5,3,23,50.0,3.0,4,20,1,1,10.0,10.0,0.6969533630471301,0.691124902810567
5,3,23,50.0,3.0,4,20,1,1,10.0,10.0,-0.2846710919488268,-0.6911249028105675
5,3,23,50.0,3.0,4,20,1,1,10.0,10.0,1.8749027090422792,1.6126247732246577
5,4,24,20.0,0.0,4,19,2,1,5.26,0.0,-1.3242396452164051,-0.2617114532048405
5,4,24,20.0,0.0,4,19,1,1,5.26,0.0,-1.0192632420756573,-2.0376105999519725
5,4,24,20.0,0.0,4,19,1,1,5.26,0.0,0.6581069751984558,1.1590078641928652
5,4,24,20.0,0.0,4,19,1,1,5.26,0.0,-1.9341924514979008,-1.8600206852772592
5,4,24,20.0,0.0,4,19,1,1,5.26,0.0,0.5056187736280818,0.6262381201687258
5,4,24,20.0,0.0,4,19,1,1,5.26,0.0,0.2006423704873337,-0.6168912825542668
5,4,24,20.0,0.0,4,19,1,1,5.26,0.0,0.04815416891695999,0.09346837614458578
5,4,24,20.0,0.0,4,19,1,1,5.26,0.0,1.5730361846206986,0.9814179495181518
5,4,24,20.0,0.0,4,19,1,1,5.26,0.0,0.8105951767688292,0.09346837614458578
5,4,24,20.0,0.0,4,19,1,1,5.26,0.0,-1.1717514436460312,-1.3272509412531195
5,4,24,20.0,0.0,4,19,1,1,5.26,0.0,-0.8667750405052835,-0.08412153853012717
5,4,24,20.0,0.0,4,19,1,1,5.26,0.0,0.2006423704873337,0.44864820549401246
5,4,24,20.0,0.0,4,19,1,1,5.26,0.0,0.6581069751984558,0.8038280348434383
5,4,24,20.0,0.0,4,19,1,1,5.26,0.0,0.6581069751984558,-0.08412153853012717
5,4,24,20.0,0.0,4,19,1,1,5.26,0.0,-1.0192632420756573,-0.4393013678795535
5,4,24,20.0,0.0,4,19,1,1,5.26,0.0,0.9630833783392032,1.1590078641928652
5,4,24,20.0,0.0,4,19,1,1,5.26,0.0,0.9630833783392032,1.6917776082170044
5,4,24,20.0,0.0,4,19,1,1,5.26,0.0,0.9630833783392032,0.09346837614458578
5,4,24,20.0,0.0,4,19,1,1,5.26,0.0,-0.8667750405052835,-0.4393013678795535
5,5,25,40.0,2.0,5,22,1,1,18.18,9.09,0.24525290517736403,-0.5128387674111288
5,5,25,40.0,2.0,5,22,1,1,18.18,9.09,0.0454172046624744,-0.32788052342678714
5,5,25,40.0,2.0,5,22,1,1,18.18,9.09,-1.1535969984268626,-0.8827552553798117
5,5,25,40.0,2.0,5,22,1,2,18.18,9.09,-1.3534326989417522,-1.9925047192858603
5,5,25,40.0,2.0,5,22,1,1,18.18,9.09,0.24525290517736403,-0.1429222794424459
5,5,25,40.0,2.0,5,22,1,1,18.18,9.09,0.8447600067220321,-0.32788052342678714
5,5,25,40.0,2.0,5,22,1,1,18.18,9.09,0.24525290517736403,1.1517854284479447
5,5,25,40.0,2.0,5,22,1,1,18.18,9.09,0.0454172046624744,1.3367436724322865
5,5,25,40.0,2.0,5,22,1,1,18.18,9.09,0.0454172046624744,-1.0677134993641533
5,5,25,40.0,2.0,5,22,1,1,18.18,9.09,0.4450886056922528,-0.69779701139547
5,5,25,40.0,2.0,5,22,2,1,18.18,9.09,-1.5532683994566414,-0.8827552553798117
5,5,25,40.0,2.0,5,22,1,1,18.18,9.09,0.6449243062071425,0.41195245251057905
5,5,25,40.0,2.0,5,22,1,1,18.18,9.09,0.8447600067220321,0.9668271844636032
5,5,25,40.0,2.0,5,22,1,1,18.18,9.09,0.4450886056922528,1.3367436724322865
5,5,25,40.0,2.0,5,22,2,1,18.18,9.09,-2.15277550100131,-0.8827552553798117
5,5,25,40.0,2.0,5,22,1,1,18.18,9.09,-1.3534326989417522,-0.69779701139547
5,5,25,40.0,2.0,5,22,1,1,18.18,9.09,0.24525290517736403,1.1517854284479447
5,5,25,40.0,2.0,5,22,2,1,18.18,9.09,0.24525290517736403,0.5969106964949199
5,5,25,40.0,2.0,5,22,1,1,18.18,9.09,0.0454172046624744,-0.5128387674111288
5,5,25,40.0,2.0,5,22,1,2,18.18,9.09,1.6441028087815899,1.1517854284479447
5,5,25,40.0,2.0,5,22,1,1,18.18,9.09,1.8439385092964795,1.5217019164166272
5,5,25,40.0,2.0,5,22,2,1,18.18,9.09,-0.5540898968821941,-0.69779701139547
5,6,26,30.0,1.0,5,22,1,1,4.54,9.09,1.0002613866606755,1.5615059598094148
5,6,26,30.0,1.0,5,22,1,1,4.54,9.09,0.38899053925692934,-0.5990683242036128
5,6,26,30.0,1.0,5,22,1,1,4.54,9.09,0.5927474883915111,1.3454485314081117
5,6,26,30.0,1.0,5,22,1,2,4.54,9.09,0.18523359012234714,-0.5990683242036128
5,6,26,30.0,1.0,5,22,1,1,4.54,9.09,-1.241065053819727,-0.5990683242036128
5,6,26,30.0,1.0,5,22,1,1,4.54,9.09,-0.018523359012234623,-0.1669534674010069
5,6,26,30.0,1.0,5,22,1,1,4.54,9.09,2.426560030602749,1.5615059598094148
5,6,26,30.0,1.0,5,22,2,1,4.54,9.09,-1.241065053819727,-0.8151257526049153
5,6,26,30.0,1.0,5,22,1,1,4.54,9.09,0.5927474883915111,-0.38301089580230985
5,6,26,30.0,1.0,5,22,1,1,4.54,9.09,-0.22228030814681685,-0.1669534674010069
5,6,26,30.0,1.0,5,22,1,1,4.54,9.09,-1.444822002954309,-1.6793554662101262
5,6,26,30.0,1.0,5,22,1,1,4.54,9.09,-1.037308104685145,-1.0311831810062182
5,6,26,30.0,1.0,5,22,1,2,4.54,9.09,0.18523359012234714,0.2651613894015985
5,6,26,30.0,1.0,5,22,1,1,4.54,9.09,0.5927474883915111,0.6972762462042039
5,6,26,30.0,1.0,5,22,1,1,4.54,9.09,-1.241065053819727,-1.2472406094075206
5,6,26,30.0,1.0,5,22,1,1,4.54,9.09,0.7965044375260933,0.9133336746055069
5,6,26,30.0,1.0,5,22,1,1,4.54,9.09,-0.4260372572813991,-1.0311831810062182
5,6,26,30.0,1.0,5,22,1,1,4.54,9.09,0.5927474883915111,1.1293911030068098
5,6,26,30.0,1.0,5,22,1,1,4.54,9.09,-0.833551155550563,-0.1669534674010069
5,6,26,30.0,1.0,5,22,1,1,4.54,9.09,-1.241065053819727,-1.0311831810062182
5,6,26,30.0,1.0,5,22,1,1,4.54,9.09,0.38899053925692934,1.1293911030068098
5,6,26,30.0,1.0,5,22,1,1,4.54,9.09,1.2040183357952579,0.9133336746055069
5,7,27,30.0,1.0,6,24,1,1,16.67,0.0,0.6992572225757381,0.6947012166673684
5,7,27,30.0,1.0,6,24,1,1,16.67,0.0,-0.7658531485353313,-1.0300742178171323
5,7,27,30.0,1.0,6,24,1,1,16.67,0.0,0.16648981489898573,-0.16768650057488205
5,7,27,30.0,1.0,6,24,2,1,16.67,0.0,-0.3662775927777669,-0.16768650057488205
5,7,27,30.0,1.0,6,24,1,1,16.67,0.0,0.6992572225757381,0.4072386442532847
5,7,27,30.0,1.0,6,24,1,1,16.67,0.0,-0.7658531485353313,0.4072386442532847
5,7,27,30.0,1.0,6,24,1,1,16.67,0.0,0.5660653706565498,-0.3114177867819236
5,7,27,30.0,1.0,6,24,2,1,16.67,0.0,-0.7658531485353313,-0.7426116454030488
5,7,27,30.0,1.0,6,24,1,1,16.67,0.0,1.2320246302524904,0.5509699304603266
5,7,27,30.0,1.0,6,24,1,1,16.67,0.0,-2.0977716677272125,-2.179924507473466
5,7,27,30.0,1.0,6,24,1,1,16.67,0.0,0.8324490744949263,0.8384325028744103
5,7,27,30.0,1.0,6,24,2,1,16.67,0.0,-1.2986205562120836,-0.8863429316100907
5,7,27,30.0,1.0,6,24,1,1,16.67,0.0,0.5660653706565498,0.8384325028744103
5,7,27,30.0,1.0,6,24,1,1,16.67,0.0,1.098832778333302,0.9821637890814521
5,7,27,30.0,1.0,6,24,1,1,16.67,0.0,0.0332979629797975,0.6947012166673684
5,7,27,30.0,1.0,6,24,1,1,16.67,0.0,0.8324490744949263,1.1258950752884933
5,7,27,30.0,1.0,6,24,1,1,16.67,0.0,-0.632661296616143,0.11977607183920165
5,7,27,30.0,1.0,6,24,1,1,16.67,0.0,0.8324490744949263,0.8384325028744103
5,7,27,30.0,1.0,6,24,1,1,16.67,0.0,0.4328735187373616,-0.3114177867819236
5,7,27,30.0,1.0,6,24,2,1,16.67,0.0,-2.0977716677272125,-2.179924507473466
5,7,27,30.0,1.0,6,24,1,1,16.67,0.0,-0.09989388893939073,-0.7426116454030488
5,7,27,30.0,1.0,6,24,1,1,16.67,0.0,1.2320246302524904,1.413357647702577
5,7,27,30.0,1.0,6,24,1,1,16.67,0.0,-1.1654287042928957,-1.1738055040241742
5,7,27,30.0,1.0,6,24,1,1,16.67,0.0,0.8324490744949263,0.9821637890814521
5,8,28,20.0,0.0,6,24,2,1,16.67,0.0,-1.8162848854138862,-1.610453025683224
5,8,28,20.0,0.0,6,24,1,1,16.67,0.0,-1.9934834108201192,-2.3100163309573847
5,8,28,20.0,0.0,6,24,1,1,16.67,0.0,1.018891521085839,0.6631277164577977
5,8,28,20.0,0.0,6,24,1,1,16.67,0.0,0.3100974194609079,-1.610453025683224
5,8,28,20.0,0.0,6,24,1,1,16.67,0.0,1.018891521085839,0.8380185427763379
5,8,28,20.0,0.0,6,24,1,1,16.67,0.0,1.018891521085839,-0.5611080677719833
5,8,28,20.0,0.0,6,24,1,1,16.67,0.0,0.48729594486714006,0.6631277164577977
5,8,28,20.0,0.0,6,24,1,1,16.67,0.0,-0.044299631351558046,-0.21132641513490308
5,8,28,20.0,0.0,6,24,1,1,16.67,0.0,1.196090046492072,1.362691021731958
5,8,28,20.0,0.0,6,24,1,1,16.67,0.0,0.48729594486714006,0.8380185427763379
5,8,28,20.0,0.0,6,24,2,1,16.67,0.0,-1.8162848854138862,-1.0857805467276038
5,8,28,20.0,0.0,6,24,1,1,16.67,0.0,-1.9934834108201192,-0.9108897204090635
5,8,28,20.0,0.0,6,24,2,1,16.67,0.0,-0.044299631351558046,0.8380185427763379
5,8,28,20.0,0.0,6,24,1,1,16.67,0.0,-0.22149815675779103,0.4882368901392573
5,8,28,20.0,0.0,6,24,1,1,16.67,0.0,0.664494470273373,1.1878001954134185
5,8,28,20.0,0.0,6,24,1,1,16.67,0.0,-0.22149815675779103,-0.9108897204090635
5,8,28,20.0,0.0,6,24,2,1,16.67,0.0,0.13289889405467492,0.1384552375021775
5,8,28,20.0,0.0,6,24,1,1,16.67,0.0,-0.3986966821640236,0.1384552375021775
5,8,28,20.0,0.0,6,24,1,1,16.67,0.0,0.13289889405467492,-0.21132641513490308
5,8,28,20.0,0.0,6,24,1,1,16.67,0.0,0.13289889405467492,-0.386217241453443
5,8,28,20.0,0.0,6,24,1,1,16.67,0.0,1.3732885718983041,1.0129093690948783
5,8,28,20.0,0.0,6,24,1,1,16.67,0.0,0.3100974194609079,1.1878001954134185
5,8,28,20.0,0.0,6,24,1,1,16.67,0.0,0.664494470273373,0.3133460638207178
5,8,28,20.0,0.0,6,24,1,1,16.67,0.0,-0.3986966821640236,0.1384552375021775
6,1,29,40.0,2.0,3,23,1,1,8.7,26.08,0.9622304498870501,0.2841392304499835
6,1,29,40.0,2.0,3,23,2,2,8.7,26.08,-0.7590929104664493,0.0799141585640576
6,1,29,40.0,2.0,3,23,1,1,8.7,26.08,-1.742706259239877,-1.553886416523352
6,1,29,40.0,2.0,3,23,1,1,8.7,26.08,-0.7590929104664493,-0.9412112008655733
6,1,29,40.0,2.0,3,23,1,1,8.7,26.08,-0.7590929104664493,-1.3496613446374255
6,1,29,40.0,2.0,3,23,1,1,8.7,26.08,1.6999404614671205,1.3052645898796145
6,1,29,40.0,2.0,3,23,1,1,8.7,26.08,-1.9886095964332342,-1.962336560295204
6,1,29,40.0,2.0,3,23,1,1,8.7,26.08,0.9622304498870501,1.9179398055373935
6,1,29,40.0,2.0,3,23,2,1,8.7,26.08,0.9622304498870501,-0.32853598520779465
6,1,29,40.0,2.0,3,23,1,2,8.7,26.08,-0.2672862360797354,-0.12431091332186875
6,1,29,40.0,2.0,3,23,1,1,8.7,26.08,-1.0049962476598064,-0.7369861289796473
6,1,29,40.0,2.0,3,23,1,1,8.7,26.08,0.9622304498870501,0.8968144461077626
6,1,29,40.0,2.0,3,23,1,1,8.7,26.08,-0.5131895732730921,0.0799141585640576
6,1,29,40.0,2.0,3,23,1,1,8.7,26.08,-0.2672862360797354,-0.532761057093721
6,1,29,40.0,2.0,3,23,1,2,8.7,26.08,-0.7590929104664493,-0.7369861289796473
6,1,29,40.0,2.0,3,23,1,2,8.7,26.08,0.22452043830697846,-0.12431091332186875
6,1,29,40.0,2.0,3,23,1,2,8.7,26.08,-0.7590929104664493,-0.32853598520779465
6,1,29,40.0,2.0,3,23,1,1,8.7,26.08,-0.2672862360797354,0.4883643023359099
6,1,29,40.0,2.0,3,23,1,1,8.7,26.08,0.7163271126936929,0.2841392304499835
6,1,29,40.0,2.0,3,23,1,1,8.7,26.08,1.2081337870804063,1.5094896617655407
6,1,29,40.0,2.0,3,23,1,2,8.7,26.08,1.2081337870804063,1.5094896617655407
6,1,29,40.0,2.0,3,23,1,1,8.7,26.08,0.22452043830697846,0.4883643023359099
6,1,29,40.0,2.0,3,23,1,1,8.7,26.08,0.7163271126936929,-0.12431091332186875
6,2,30,30.0,1.0,4,23,1,1,8.7,13.04,-0.3343235117263515,-0.5200012863374869
6,2,30,30.0,1.0,4,23,2,1,8.7,13.04,0.6909352575677918,0.6190491504017722
6,2,30,30.0,1.0,4,23,1,1,8.7,13.04,1.203564642214864,1.4733369779562162
6,2,30,30.0,1.0,4,23,1,1,8.7,13.04,1.203564642214864,0.049523932032142684
6,2,30,30.0,1.0,4,23,1,1,8.7,13.04,-2.128526357991103,-1.9438143322615609
6,2,30,30.0,1.0,4,23,1,1,8.7,13.04,-1.1032675886969594,-1.3742891138919315
6,2,30,30.0,1.0,4,23,1,1,8.7,13.04,1.4598793345383991,0.9038117595865873
6,2,30,30.0,1.0,4,23,1,1,8.7,13.04,-1.1032675886969594,-0.5200012863374869
6,2,30,30.0,1.0,4,23,1,2,8.7,13.04,1.7161940268619351,0.9038117595865873
6,2,30,30.0,1.0,4,23,1,1,8.7,13.04,1.203564642214864,1.4733369779562162
6,2,30,30.0,1.0,4,23,1,1,8.7,13.04,-0.5906382040498876,-0.8047638955223019
6,2,30,30.0,1.0,4,23,1,1,8.7,13.04,0.17830587292072017,0.049523932032142684
6,2,30,30.0,1.0,4,23,1,1,8.7,13.04,-0.3343235117263515,-0.23523867715267238
6,2,30,30.0,1.0,4,23,1,1,8.7,13.04,-0.5906382040498876,0.3342865412169571
6,2,30,30.0,1.0,4,23,1,2,8.7,13.04,-0.8469528963734237,-0.5200012863374869
6,2,30,30.0,1.0,4,23,1,1,8.7,13.04,-0.5906382040498876,0.049523932032142684
6,2,30,30.0,1.0,4,23,1,1,8.7,13.04,0.4346205652442557,0.3342865412169571
6,2,30,30.0,1.0,4,23,1,1,8.7,13.04,0.17830587292072017,-0.23523867715267238
6,2,30,30.0,1.0,4,23,1,1,8.7,13.04,-1.3595822810204954,-1.3742891138919315
6,2,30,30.0,1.0,4,23,1,1,8.7,13.04,0.9472499498913279,2.042862196325846
6,2,30,30.0,1.0,4,23,1,1,8.7,13.04,-0.3343235117263515,-1.3742891138919315
6,2,30,30.0,1.0,4,23,1,1,8.7,13.04,-0.07800881940281595,0.3342865412169571
6,2,30,30.0,1.0,4,23,2,2,8.7,13.04,0.17830587292072017,0.3342865412169571
6,3,31,20.0,0.0,5,22,2,1,13.64,4.55,-2.4118194846594614,-1.415534704271867
6,3,31,20.0,0.0,5,22,1,2,13.64,4.55,-1.268988098082363,-2.370803523105642
6,3,31,20.0,0.0,5,22,1,1,13.64,4.55,1.506459555033448,2.0234330435297223
6,3,31,20.0,0.0,5,22,1,1,13.64,4.55,-0.9424648447746204,-0.2692121216713369
6,3,31,20.0,0.0,5,22,1,1,13.64,4.55,-0.6159415914668778,-0.46026588543809205
6,3,31,20.0,0.0,5,22,1,1,13.64,4.55,0.3636281684563498,0.30394916962892765
6,3,31,20.0,0.0,5,22,1,1,13.64,4.55,0.5268897951102205,0.8771104609291931
6,3,31,20.0,0.0,5,22,1,1,13.64,4.55,0.8534130484179633,-0.2692121216713369
6,3,31,20.0,0.0,5,22,2,1,13.64,4.55,0.037104915148607066,-0.07815835790458218
6,3,31,20.0,0.0,5,22,2,1,13.64,4.55,0.8534130484179633,0.6860566971624379
6,3,31,20.0,0.0,5,22,1,1,13.64,4.55,-0.6159415914668778,-1.2244809405051118
6,3,31,20.0,0.0,5,22,1,1,13.64,4.55,-0.1261567115052643,0.4950029333956828
6,3,31,20.0,0.0,5,22,1,1,13.64,4.55,1.179936301725706,0.11289540586217295
6,3,31,20.0,0.0,5,22,1,1,13.64,4.55,-0.6159415914668778,-0.46026588543809205
6,3,31,20.0,0.0,5,22,1,1,13.64,4.55,-0.1261567115052643,0.4950029333956828
6,3,31,20.0,0.0,5,22,1,1,13.64,4.55,-1.1057264714284916,-0.8423734129716018
6,3,31,20.0,0.0,5,22,1,1,13.64,4.55,1.506459555033448,1.2592179884627026
6,3,31,20.0,0.0,5,22,1,1,13.64,4.55,0.6901514217640918,0.30394916962892765
6,3,31,20.0,0.0,5,22,1,1,13.64,4.55,1.179936301725706,1.6413255159962128
6,3,31,20.0,0.0,5,22,1,1,13.64,4.55,0.037104915148607066,-0.2692121216713369
6,3,31,20.0,0.0,5,22,1,1,13.64,4.55,-0.1261567115052643,-0.07815835790458218
6,3,31,20.0,0.0,5,22,1,1,13.64,4.55,-0.7792032181207491,-0.46026588543809205
6,4,32,30.0,1.0,5,23,1,2,26.09,26.09,-1.4434935928472594,-1.7640961368474548
6,4,32,30.0,1.0,5,23,2,2,26.09,26.09,-0.9669335071704128,-0.6188563060714863
6,4,32,30.0,1.0,5,23,1,2,26.09,26.09,1.5747202831061016,1.5080176653695971
6,4,32,30.0,1.0,5,23,2,2,26.09,26.09,-1.125786869062695,-1.600490446736602
6,4,32,30.0,1.0,5,23,1,2,26.09,26.09,0.3038933879678445,-0.6188563060714863
6,4,32,30.0,1.0,5,23,1,1,26.09,26.09,1.0981601974292552,0.3627778345936294
6,4,32,30.0,1.0,5,23,1,1,26.09,26.09,0.14504002607556218,-0.45525061596063393
6,4,32,30.0,1.0,5,23,1,1,26.09,26.09,-0.6492267833858486,0.19917214448277665
6,4,32,30.0,1.0,5,23,1,1,26.09,26.09,-0.8080801452781309,-1.600490446736602
6,4,32,30.0,1.0,5,23,1,1,26.09,26.09,1.415866921213819,1.1808062851478924
6,4,32,30.0,1.0,5,23,1,1,26.09,26.09,-1.4434935928472594,-0.782461996182339
6,4,32,30.0,1.0,5,23,1,1,26.09,26.09,1.2570135593215375,1.1808062851478924
6,4,32,30.0,1.0,5,23,1,1,26.09,26.09,0.14504002607556218,0.19917214448277665
6,4,32,30.0,1.0,5,23,2,1,26.09,26.09,-0.6492267833858486,0.3627778345936294
6,4,32,30.0,1.0,5,23,2,1,26.09,26.09,-0.013813335816720108,0.8535949049261868
6,4,32,30.0,1.0,5,23,2,1,26.09,26.09,-1.2846402309549771,-0.782461996182339
6,4,32,30.0,1.0,5,23,1,1,26.09,26.09,-0.17266669770900206,-0.782461996182339
6,4,32,30.0,1.0,5,23,1,1,26.09,26.09,0.14504002607556218,0.3627778345936294
6,4,32,30.0,1.0,5,23,2,1,26.09,26.09,0.939306835536973,1.1808062851478924
6,4,32,30.0,1.0,5,23,1,1,26.09,26.09,-0.6492267833858486,-0.2916449258497812
6,4,32,30.0,1.0,5,23,1,1,26.09,26.09,-0.33152005960128433,-0.45525061596063393
6,4,32,30.0,1.0,5,23,1,1,26.09,26.09,1.7335736449983838,1.5080176653695971
6,4,32,30.0,1.0,5,23,1,1,26.09,26.09,0.7804534736446906,0.8535949049261868
6,5,33,40.0,2.0,6,20,2,1,10.0,15.0,-0.4260881190907356,-0.21157598612734685
6,5,33,40.0,2.0,6,20,1,2,10.0,15.0,0.24668259526305694,0.8463039445093858
6,5,33,40.0,2.0,6,20,1,1,10.0,15.0,0.02242569047845927,0.4936773009638085
6,5,33,40.0,2.0,6,20,1,2,10.0,15.0,-0.4260881190907356,0.4936773009638085
6,5,33,40.0,2.0,6,20,1,1,10.0,15.0,1.3679671191860439,1.1989305880549639
6,5,33,40.0,2.0,6,20,1,1,10.0,15.0,0.6951964048322519,-1.9747092038552356
6,5,33,40.0,2.0,6,20,1,1,10.0,15.0,0.4709395000476541,0.14105065741823045
6,5,33,40.0,2.0,6,20,1,2,10.0,15.0,-0.4260881190907356,-0.21157598612734685
6,5,33,40.0,2.0,6,20,1,1,10.0,15.0,-2.220143357367516,-1.6220825603096583
6,5,33,40.0,2.0,6,20,1,1,10.0,15.0,0.4709395000476541,-0.21157598612734685
6,5,33,40.0,2.0,6,20,1,1,10.0,15.0,1.8164809287552393,2.2568105186916965
6,5,33,40.0,2.0,6,20,1,1,10.0,15.0,-0.4260881190907356,-0.9168292732185029
6,5,33,40.0,2.0,6,20,1,1,10.0,15.0,-1.9958864525829179,-0.9168292732185029
6,5,33,40.0,2.0,6,20,1,1,10.0,15.0,1.3679671191860439,0.8463039445093858
6,5,33,40.0,2.0,6,20,1,1,10.0,15.0,0.6951964048322519,0.14105065741823045
6,5,33,40.0,2.0,6,20,1,1,10.0,15.0,-0.4260881190907356,0.4936773009638085
6,5,33,40.0,2.0,6,20,1,1,10.0,15.0,0.24668259526305694,0.4936773009638085
6,5,33,40.0,2.0,6,20,1,1,10.0,15.0,0.02242569047845927,0.14105065741823045
6,5,33,40.0,2.0,6,20,1,1,10.0,15.0,-0.4260881190907356,-0.21157598612734685
6,5,33,40.0,2.0,6,20,2,1,10.0,15.0,-0.6503450238753333,-1.2694559167640802
7,1,34,30.0,1.0,3,23,1,1,8.7,4.35,-1.6429753280302037,-1.5131885134445444
7,1,34,30.0,1.0,3,23,1,1,8.7,4.35,0.27036302866319883,0.2624918849852791
7,1,34,30.0,1.0,3,23,2,1,8.7,4.35,1.7053667961832513,0.2624918849852791
7,1,34,30.0,1.0,3,23,1,1,8.7,4.35,1.7053667961832513,0.9727640443572083
7,1,34,30.0,1.0,3,23,1,1,8.7,4.35,0.03119573407652376,-0.44778027438665013
7,1,34,30.0,1.0,3,23,2,1,8.7,4.35,-0.4471388550968269,-0.44778027438665013
7,1,34,30.0,1.0,3,23,1,1,8.7,4.35,-1.1646407388568532,-0.44778027438665013
7,1,34,30.0,1.0,3,23,1,1,8.7,4.35,1.2270322070099002,1.6830362037291384
7,1,34,30.0,1.0,3,23,1,1,8.7,4.35,0.03119573407652376,1.3279001240431734
7,1,34,30.0,1.0,3,23,1,1,8.7,4.35,0.27036302866319883,-1.15805243375858
7,1,34,30.0,1.0,3,23,1,1,8.7,4.35,1.2270322070099002,0.6176279646712433
7,1,34,30.0,1.0,3,23,1,1,8.7,4.35,0.27036302866319883,0.2624918849852791
7,1,34,30.0,1.0,3,23,1,1,8.7,4.35,0.27036302866319883,-0.09264419470068591
7,1,34,30.0,1.0,3,23,1,1,8.7,4.35,-1.4038080334435288,-1.5131885134445444
7,1,34,30.0,1.0,3,23,1,1,8.7,4.35,0.9878649124232256,1.3279001240431734
7,1,34,30.0,1.0,3,23,1,1,8.7,4.35,-0.9254734442701781,-0.44778027438665013
7,1,34,30.0,1.0,3,23,1,1,8.7,4.35,-0.6863061496835025,-1.5131885134445444
7,1,34,30.0,1.0,3,23,1,1,8.7,4.35,-0.4471388550968269,-0.09264419470068591
7,1,34,30.0,1.0,3,23,1,1,8.7,4.35,0.5095303232498745,0.9727640443572083
7,1,34,30.0,1.0,3,23,1,1,8.7,4.35,-1.1646407388568532,-0.8029163540726151
7,1,34,30.0,1.0,3,23,1,1,8.7,4.35,0.9878649124232256,1.3279001240431734
7,1,34,30.0,1.0,3,23,1,1,8.7,4.35,-0.4471388550968269,0.6176279646712433
7,1,34,30.0,1.0,3,23,1,2,8.7,4.35,-1.1646407388568532,-1.15805243375858
7,2,35,30.0,1.0,3,21,1,1,14.29,4.76,-0.4114146540939563,-0.9109320860749331
7,2,35,30.0,1.0,3,21,1,1,14.29,4.76,0.7405463773691215,0.3933570371687218
7,2,35,30.0,1.0,3,21,1,1,14.29,4.76,-1.563375685557034,-1.5630766476967606
7,2,35,30.0,1.0,3,21,1,1,14.29,4.76,-1.1793886750693414,-0.9109320860749331
7,2,35,30.0,1.0,3,21,1,1,14.29,4.76,0.932539882612968,0.6107385577093302
7,2,35,30.0,1.0,3,21,1,1,14.29,4.76,-0.6034081593378023,0.17597551662811248
7,2,35,30.0,1.0,3,21,1,1,14.29,4.76,-0.9873951698254954,-2.215221209318588
7,2,35,30.0,1.0,3,21,1,1,14.29,4.76,-0.21942114885010974,-0.041406003912496825
7,2,35,30.0,1.0,3,21,2,1,14.29,4.76,-1.1793886750693414,-0.9109320860749331
7,2,35,30.0,1.0,3,21,1,1,14.29,4.76,-0.4114146540939563,0.8281200782499395
7,2,35,30.0,1.0,3,21,1,1,14.29,4.76,-0.6034081593378023,0.17597551662811248
7,2,35,30.0,1.0,3,21,1,1,14.29,4.76,2.084500914076046,0.8281200782499395
7,2,35,30.0,1.0,3,21,1,1,14.29,4.76,-0.027427643606263666,1.0455015987905487
7,2,35,30.0,1.0,3,21,1,1,14.29,4.76,0.35655936688142936,0.17597551662811248
7,2,35,30.0,1.0,3,21,1,1,14.29,4.76,-0.9873951698254954,0.6107385577093302
7,2,35,30.0,1.0,3,21,2,2,14.29,4.76,-0.6034081593378023,-1.78045816823737
7,2,35,30.0,1.0,3,21,1,1,14.29,4.76,0.5485528721252759,0.3933570371687218
7,2,35,30.0,1.0,3,21,1,1,14.29,4.76,0.932539882612968,-0.041406003912496825
7,2,35,30.0,1.0,3,21,1,1,14.29,4.76,1.1245333878568147,0.8281200782499395
7,2,35,30.0,1.0,3,21,2,1,14.29,4.76,0.35655936688142936,1.0455015987905487
7,2,35,30.0,1.0,3,21,1,1,14.29,4.76,1.7005139035883532,1.262883119331158
7,3,36,30.0,1.0,4,22,1,1,27.27,9.1,-0.09405227175929043,-0.7419770258450049
7,3,36,30.0,1.0,4,22,2,2,27.27,9.1,-0.09405227175929043,-0.7419770258450049
7,3,36,30.0,1.0,4,22,1,1,27.27,9.1,0.2821568152778713,-0.306683837349269
7,3,36,30.0,1.0,4,22,1,1,27.27,9.1,0.6583659023150322,0.3462559453943352
7,3,36,30.0,1.0,4,22,1,1,27.27,9.1,-1.975097706945097,-1.3949168085886092
7,3,36,30.0,1.0,4,22,2,1,27.27,9.1,0.09405227175929043,-0.5243304315971372
7,3,36,30.0,1.0,4,22,1,1,27.27,9.1,1.034574989352194,0.9991957281379389
7,3,36,30.0,1.0,4,22,1,1,27.27,9.1,0.4702613587964522,0.5639025396422034
7,3,36,30.0,1.0,4,22,1,1,27.27,9.1,0.09405227175929043,-0.08903724310140125
7,3,36,30.0,1.0,4,22,1,1,27.27,9.1,-0.6583659023150322,-0.9596236200928732
7,3,36,30.0,1.0,4,22,1,1,27.27,9.1,-0.6583659023150322,-0.7419770258450049
7,3,36,30.0,1.0,4,22,1,1,27.27,9.1,1.034574989352194,1.2168423223858071
7,3,36,30.0,1.0,4,22,1,1,27.27,9.1,1.9750977069450975,1.6521355108815436
7,3,36,30.0,1.0,4,22,1,1,27.27,9.1,-0.47026135879645176,-0.9596236200928732
7,3,36,30.0,1.0,4,22,2,1,27.27,9.1,0.6583659023150322,0.9991957281379389
7,3,36,30.0,1.0,4,22,1,2,27.27,9.1,-0.2821568152778709,0.12860935114646696
7,3,36,30.0,1.0,4,22,2,1,27.27,9.1,-1.7869931634265166,-1.6125634028364773
7,3,36,30.0,1.0,4,22,1,1,27.27,9.1,-1.034574989352194,-0.9596236200928732
7,3,36,30.0,1.0,4,22,1,1,27.27,9.1,1.4107840763893558,1.6521355108815436
7,3,36,30.0,1.0,4,22,2,1,27.27,9.1,0.09405227175929043,0.9991957281379389
7,3,36,30.0,1.0,4,22,2,1,27.27,9.1,-1.4107840763893553,-0.5243304315971372
7,3,36,30.0,1.0,4,22,1,1,27.27,9.1,0.6583659023150322,0.9991957281379389
7,4,37,30.0,1.0,4,21,1,1,23.8,0.0,0.39133960419308844,0.1551950499776283
7,4,37,30.0,1.0,4,21,1,1,23.8,0.0,-0.29350470314481536,0.969969062360173
7,4,37,30.0,1.0,4,21,2,1,23.8,0.0,1.0761839115309915,-1.7459443122483105
7,4,37,30.0,1.0,4,21,1,1,23.8,0.0,-0.6359268568137665,-1.7459443122483105
7,4,37,30.0,1.0,4,21,1,1,23.8,0.0,1.0761839115309915,0.6983777248993249
7,4,37,30.0,1.0,4,21,2,1,23.8,0.0,0.39133960419308844,0.969969062360173
7,4,37,30.0,1.0,4,21,2,1,23.8,0.0,-0.6359268568137665,-0.659578962404917
7,4,37,30.0,1.0,4,21,2,1,23.8,0.0,0.04891745052413653,0.969969062360173
7,4,37,30.0,1.0,4,21,2,1,23.8,0.0,-2.348037625158524,-0.38798762494406897
7,4,37,30.0,1.0,4,21,1,1,23.8,0.0,-0.6359268568137665,-1.2027616373266137
7,4,37,30.0,1.0,4,21,1,1,23.8,0.0,-0.9783490104827184,0.969969062360173
7,4,37,30.0,1.0,4,21,1,1,23.8,0.0,-0.6359268568137665,-0.659578962404917
7,4,37,30.0,1.0,4,21,1,1,23.8,0.0,0.04891745052413653,0.1551950499776283
7,4,37,30.0,1.0,4,21,1,1,23.8,0.0,-0.6359268568137665,0.969969062360173
7,4,37,30.0,1.0,4,21,1,1,23.8,0.0,-0.9783490104827184,-0.9311702998657656
7,4,37,30.0,1.0,4,21,1,1,23.8,0.0,0.7337617578620396,0.42678638743847636
7,4,37,30.0,1.0,4,21,1,1,23.8,0.0,1.4186060651999426,0.6983777248993249
7,4,37,30.0,1.0,4,21,1,1,23.8,0.0,1.4186060651999426,0.969969062360173
7,4,37,30.0,1.0,4,21,1,1,23.8,0.0,-0.29350470314481536,0.42678638743847636
7,4,37,30.0,1.0,4,21,1,1,23.8,0.0,1.7610282188688944,0.6983777248993249
7,4,37,30.0,1.0,4,21,1,1,23.8,0.0,-0.29350470314481536,-1.7459443122483105
7,5,38,30.0,1.0,5,21,1,1,23.8,9.5,1.4963467232373977,0.7830808130121888
7,5,38,30.0,1.0,5,21,1,1,23.8,9.5,-1.064068780968817,-0.37093301668998424
7,5,38,30.0,1.0,5,21,1,1,23.8,9.5,0.0997564482158262,0.7830808130121888
7,5,38,30.0,1.0,5,21,1,1,23.8,9.5,-0.13300859762110265,-1.5249468463921576
7,5,38,30.0,1.0,5,21,1,1,23.8,9.5,-1.064068780968817,-0.37093301668998424
7,5,38,30.0,1.0,5,21,1,1,23.8,9.5,1.2635816774004693,1.0715842704377323
7,5,38,30.0,1.0,5,21,1,2,23.8,9.5,-1.064068780968817,-0.6594364741155277
7,5,38,30.0,1.0,5,21,2,1,23.8,9.5,-1.5295988726426744,-1.8134503038177008
7,5,38,30.0,1.0,5,21,1,1,23.8,9.5,1.2635816774004693,-0.6594364741155277
7,5,38,30.0,1.0,5,21,1,1,23.8,9.5,-1.064068780968817,-1.2364433889666142
7,5,38,30.0,1.0,5,21,1,1,23.8,9.5,0.0997564482158262,0.7830808130121888
7,5,38,30.0,1.0,5,21,2,1,23.8,9.5,0.7980515857266123,1.0715842704377323
7,5,38,30.0,1.0,5,21,2,1,23.8,9.5,0.7980515857266123,0.49457735558664584
7,5,38,30.0,1.0,5,21,1,1,23.8,9.5,0.5652865398896834,1.3600877278632753
7,5,38,30.0,1.0,5,21,1,1,23.8,9.5,-1.2968338268057458,-0.9479399315410707
7,5,38,30.0,1.0,5,21,2,2,23.8,9.5,-1.2968338268057458,-0.9479399315410707
7,5,38,30.0,1.0,5,21,2,1,23.8,9.5,-0.13300859762110265,1.0715842704377323
7,5,38,30.0,1.0,5,21,1,1,23.8,9.5,0.0997564482158262,-0.08242955926444129
7,5,38,30.0,1.0,5,21,1,1,23.8,9.5,1.2635816774004693,0.49457735558664584
7,5,38,30.0,1.0,5,21,1,1,23.8,9.5,1.0308166315635405,1.3600877278632753
7,5,38,30.0,1.0,5,21,1,1,23.8,9.5,-0.13300859762110265,-0.6594364741155277
7,6,39,40.0,2.0,6,21,1,1,19.05,4.76,-0.1953661662911415,-0.6515583641446037
7,6,39,40.0,2.0,6,21,1,1,19.05,4.76,3.3212248269493947,2.8234195779599514
7,6,39,40.0,2.0,6,21,1,1,19.05,4.76,0.39073233258228124,0.21718612138153487
7,6,39,40.0,2.0,6,21,1,1,19.05,4.76,-1.172196997746846,-1.3031167282892078
7,6,39,40.0,2.0,6,21,1,1,19.05,4.76,-0.3907323325822821,-1.0859306069076728
7,6,39,40.0,2.0,6,21,1,1,19.05,4.76,-0.1953661662911415,-0.21718612138153437
7,6,39,40.0,2.0,6,21,1,1,19.05,4.76,0.39073233258228124,0.21718612138153487
7,6,39,40.0,2.0,6,21,1,2,19.05,4.76,0.1953661662911402,4.822500651736276e-16
7,6,39,40.0,2.0,6,21,1,1,19.05,4.76,-0.5860984988734232,4.822500651736276e-16
7,6,39,40.0,2.0,6,21,2,1,19.05,4.76,-1.3675631640379868,-0.6515583641446037
7,6,39,40.0,2.0,6,21,1,1,19.05,4.76,-1.172196997746846,-1.0859306069076728
7,6,39,40.0,2.0,6,21,2,1,19.05,4.76,-0.781464665164564,-1.5203028496707423
7,6,39,40.0,2.0,6,21,2,1,19.05,4.76,-4.338000320983435e-16,0.43437224276306974
7,6,39,40.0,2.0,6,21,1,1,19.05,4.76,0.5860984988734224,4.822500651736276e-16
7,6,39,40.0,2.0,6,21,1,1,19.05,4.76,-0.1953661662911415,-0.43437224276306874
7,6,39,40.0,2.0,6,21,1,1,19.05,4.76,0.976830831455704,1.0859306069076737
7,6,39,40.0,2.0,6,21,1,1,19.05,4.76,0.5860984988734224,1.5203028496707431
7,6,39,40.0,2.0,6,21,1,1,19.05,4.76,0.7814646651645629,0.8687444855261389
7,6,39,40.0,2.0,6,21,2,1,19.05,4.76,-0.5860984988734232,4.822500651736276e-16
7,6,39,40.0,2.0,6,21,1,1,19.05,4.76,-0.3907323325822821,4.822500651736276e-16
7,6,39,40.0,2.0,6,21,1,1,19.05,4.76,-0.1953661662911415,-0.21718612138153437
7,7,40,20.0,0.0,6,22,1,1,22.73,4.55,1.6748372464595054,0.9647161263675892
7,7,40,20.0,0.0,6,22,1,1,22.73,4.55,-0.3913171136587621,0.44706357075571257
7,7,40,20.0,0.0,6,22,1,1,22.73,4.55,0.6417600664003715,0.9647161263675892
7,7,40,20.0,0.0,6,22,2,1,22.73,4.55,-1.2522147637080403,-1.1058940960799184
7,7,40,20.0,0.0,6,22,2,1,22.73,4.55,0.2974010063806607,0.27451271888508677
7,7,40,20.0,0.0,6,22,1,1,22.73,4.55,-1.0800352336981844,-1.9686483554330467
7,7,40,20.0,0.0,6,22,2,2,22.73,4.55,-0.3913171136587621,0.10196186701446097
7,7,40,20.0,0.0,6,22,1,1,22.73,4.55,0.8139395964102273,0.44706357075571257
7,7,40,20.0,0.0,6,22,1,1,22.73,4.55,0.1252214763708049,0.10196186701446097
7,7,40,20.0,0.0,6,22,1,1,22.73,4.55,-2.2852919437671737,-1.796097503562421
7,7,40,20.0,0.0,6,22,1,1,22.73,4.55,0.8139395964102273,0.7921652744969634
7,7,40,20.0,0.0,6,22,1,1,22.73,4.55,1.158298656429939,0.9647161263675892
7,7,40,20.0,0.0,6,22,1,1,22.73,4.55,0.8139395964102273,0.7921652744969634
7,7,40,20.0,0.0,6,22,1,1,22.73,4.55,-1.7687533537376072,-1.796097503562421
7,7,40,20.0,0.0,6,22,1,1,22.73,4.55,-0.2191375836489063,-0.07058898485616483
7,7,40,20.0,0.0,6,22,2,1,22.73,4.55,0.986119126420083,0.9647161263675892
7,7,40,20.0,0.0,6,22,1,1,22.73,4.55,-0.5634966436686175,-0.41569068859741604
7,7,40,20.0,0.0,6,22,2,1,22.73,4.55,0.6417600664003715,-0.933343244209293
7,7,40,20.0,0.0,6,22,1,1,22.73,4.55,-0.7356761736784733,-0.7607923923386672
7,7,40,20.0,0.0,6,22,1,1,22.73,4.55,-0.04695805363905088,0.27451271888508677
7,7,40,20.0,0.0,6,22,1,1,22.73,4.55,-0.04695805363905088,1.482368681979466
7,7,40,20.0,0.0,6,22,1,1,22.73,4.55,0.8139395964102273,0.27451271888508677
7,8,41,30.0,1.0,6,21,1,1,19.05,0.0,-1.1915211878631171,-1.1058197810811674
7,8,41,30.0,1.0,6,21,1,1,19.05,0.0,1.2228770085963565,0.5700101964335916
7,8,41,30.0,1.0,6,21,2,1,19.05,0.0,-0.3135582073323991,-0.14820265107273328
7,8,41,30.0,1.0,6,21,1,1,19.05,0.0,1.0033862634636779,1.048818761437809
7,8,41,30.0,1.0,6,21,1,1,19.05,0.0,-0.09406746219971991,-0.14820265107273328
7,8,41,30.0,1.0,6,21,1,1,19.05,0.0,-1.4110119329957964,-1.5846283460853843
7,8,41,30.0,1.0,6,21,1,1,19.05,0.0,-0.09406746219971991,0.5700101964335916
7,8,41,30.0,1.0,6,21,1,1,19.05,0.0,-0.5330489524650788,-0.38760693357484194
7,8,41,30.0,1.0,6,21,1,1,19.05,0.0,1.6618584988617158,1.048818761437809
7,8,41,30.0,1.0,6,21,1,1,19.05,0.0,1.6618584988617158,1.767031608944134
7,8,41,30.0,1.0,6,21,1,1,19.05,0.0,-0.5330489524650788,-0.8664154985790588
7,8,41,30.0,1.0,6,21,2,1,19.05,0.0,-0.3135582073323991,-0.8664154985790588
7,8,41,30.0,1.0,6,21,1,1,19.05,0.0,0.5644047731983185,1.048818761437809
7,8,41,30.0,1.0,6,21,1,1,19.05,0.0,-1.1915211878631171,-0.8664154985790588
7,8,41,30.0,1.0,6,21,1,1,19.05,0.0,-0.5330489524650788,-1.1058197810811674
7,8,41,30.0,1.0,6,21,2,1,19.05,0.0,1.6618584988617158,1.5276273264420253
7,8,41,30.0,1.0,6,21,1,1,19.05,0.0,-0.5330489524650788,-0.14820265107273328
7,8,41,30.0,1.0,6,21,1,1,19.05,0.0,-0.09406746219971991,0.33060591393148353
7,8,41,30.0,1.0,6,21,2,1,19.05,0.0,-1.4110119329957964,-1.3452240635832755
7,8,41,30.0,1.0,6,21,1,1,19.05,0.0,-0.3135582073323991,-0.38760693357484194
7,8,41,30.0,1.0,6,21,1,1,19.05,0.0,0.7838955183309981,1.048818761437809
8,1,42,30.0,1.0,3,16,1,2,18.75,18.75,-2.6920224751139994,-2.2794962686669167
8,1,42,30.0,1.0,3,16,1,1,18.75,18.75,0.3845746393019998,-0.30804003630634014
8,1,42,30.0,1.0,3,16,1,1,18.75,18.75,0.10488399253690933,0.020536002420422965
8,1,42,30.0,1.0,3,16,1,1,18.75,18.75,-0.4544973009932723,0.3491120411471853
8,1,42,30.0,1.0,3,16,1,1,18.75,18.75,-0.17480665422818178,0.020536002420422965
8,1,42,30.0,1.0,3,16,2,1,18.75,18.75,0.3845746393019998,-0.30804003630634014
8,1,42,30.0,1.0,3,16,1,1,18.75,18.75,2.0627185198925453,-1.2937681524866287
8,1,42,30.0,1.0,3,16,1,1,18.75,18.75,-0.7341879477583634,-0.30804003630634014
8,1,42,30.0,1.0,3,16,1,2,18.75,18.75,0.3845746393019998,-0.30804003630634014
8,1,42,30.0,1.0,3,16,2,1,18.75,18.75,-0.7341879477583634,0.3491120411471853
8,1,42,30.0,1.0,3,16,1,2,18.75,18.75,-0.17480665422818178,-0.30804003630634014
8,1,42,30.0,1.0,3,16,1,1,18.75,18.75,0.6642652860670909,0.6776880798739484
8,1,42,30.0,1.0,3,16,2,1,18.75,18.75,-0.4544973009932723,0.3491120411471853
8,1,42,30.0,1.0,3,16,1,1,18.75,18.75,0.10488399253690933,1.6634161960542369
8,1,42,30.0,1.0,3,16,1,1,18.75,18.75,0.943955932832182,1.991992234781
8,1,42,30.0,1.0,3,16,1,2,18.75,18.75,0.3845746393019998,-0.30804003630634014
8,2,43,40.0,2.0,3,16,2,2,25.0,25.0,-1.311450870939003,-1.0389938816413187
8,2,43,40.0,2.0,3,16,1,1,25.0,25.0,0.14123317071650826,0.45528945375293717
8,2,43,40.0,2.0,3,16,1,2,25.0,25.0,1.5939172123720193,1.9495727891471926
8,2,43,40.0,2.0,3,16,1,1,25.0,25.0,0.46405184663995547,-0.6654230477927549
8,2,43,40.0,2.0,3,16,1,1,25.0,25.0,-0.8272228570538327,-0.6654230477927549
8,2,43,40.0,2.0,3,16,1,1,25.0,25.0,0.14123317071650826,0.45528945375293717
8,2,43,40.0,2.0,3,16,1,1,25.0,25.0,1.109689198486849,0.08171861990437328
8,2,43,40.0,2.0,3,16,2,2,25.0,25.0,1.4325078744102957,1.7627873722229113
8,2,43,40.0,2.0,3,16,1,1,25.0,25.0,-0.1815855052069386,-0.4786376308684727
8,2,43,40.0,2.0,3,16,2,1,25.0,25.0,-0.1815855052069386,-0.4786376308684727
8,2,43,40.0,2.0,3,16,1,1,25.0,25.0,0.6254611846016783,0.45528945375293717
8,2,43,40.0,2.0,3,16,1,1,25.0,25.0,-1.4728602089007266,-1.2257792985656004
8,2,43,40.0,2.0,3,16,2,2,25.0,25.0,-1.7956788848241734,-1.0389938816413187
8,2,43,40.0,2.0,3,16,1,1,25.0,25.0,-0.5044041811303854,-0.6654230477927549
8,2,43,40.0,2.0,3,16,1,1,25.0,25.0,0.14123317071650826,-0.2918522139441906
8,2,43,40.0,2.0,3,16,1,1,25.0,25.0,0.6254611846016783,1.389216538374347
8,3,44,30.0,1.0,4,22,1,1,27.27,18.18,-1.0057361051024296,-0.8102464573041638
8,3,44,30.0,1.0,4,22,1,1,27.27,18.18,-1.8016423753273738,-1.738653856298518
8,3,44,30.0,1.0,4,22,1,1,27.27,18.18,-1.9608236293723627,-1.1816094169019056
8,3,44,30.0,1.0,4,22,2,2,27.27,18.18,-0.8465548510574405,-0.8102464573041638
8,3,44,30.0,1.0,4,22,1,1,27.27,18.18,-0.5281923429674629,-0.8102464573041638
8,3,44,30.0,1.0,4,22,2,1,27.27,18.18,0.4268951813024703,-0.06752053810867993
8,3,44,30.0,1.0,4,22,1,1,27.27,18.18,0.7452576893924475,1.0465683406845452
8,3,44,30.0,1.0,4,22,1,1,27.27,18.18,-1.324098613192407,-1.5529723764996473
8,3,44,30.0,1.0,4,22,1,1,27.27,18.18,-0.050648580832496334,0.11816094169019072
8,3,44,30.0,1.0,4,22,2,2,27.27,18.18,-1.0057361051024296,-0.6245649775052927
8,3,44,30.0,1.0,4,22,1,1,27.27,18.18,-0.20982983487748533,-0.6245649775052927
8,3,44,30.0,1.0,4,22,1,1,27.27,18.18,0.7452576893924475,1.4179313002822873
8,3,44,30.0,1.0,4,22,1,1,27.27,18.18,0.1085326732124923,-0.06752053810867993
8,3,44,30.0,1.0,4,22,2,2,27.27,18.18,-0.050648580832496334,-0.06752053810867993
8,3,44,30.0,1.0,4,22,1,1,27.27,18.18,0.9044389434374365,1.2322498204834162
8,3,44,30.0,1.0,4,22,2,2,27.27,18.18,0.4268951813024703,0.8608868608856741
8,3,44,30.0,1.0,4,22,1,1,27.27,18.18,1.5411639596173916,0.8608868608856741
8,3,44,30.0,1.0,4,22,2,1,27.27,18.18,0.5860764353474592,1.6036127800811584
8,3,44,30.0,1.0,4,22,1,1,27.27,18.18,1.7003452136623807,1.2322498204834162
8,3,44,30.0,1.0,4,22,1,1,27.27,18.18,0.9044389434374365,0.8608868608856741
8,3,44,30.0,1.0,4,22,1,1,27.27,18.18,0.5860764353474592,-0.6245649775052927
8,3,44,30.0,1.0,4,22,1,1,27.27,18.18,0.1085326732124923,-0.253202017907551
8,4,45,30.0,1.0,4,18,1,1,16.67,11.11,0.4997703788627461,0.1973478215169928
8,4,45,30.0,1.0,4,18,1,1,16.67,11.11,-0.3435921354681383,-0.9867391075849645
8,4,45,30.0,1.0,4,18,2,1,16.67,11.11,-0.3435921354681383,1.3814347506189502
8,4,45,30.0,1.0,4,18,1,1,16.67,11.11,0.4997703788627461,-1.2827608398604533
8,4,45,30.0,1.0,4,18,1,1,16.67,11.11,-0.062471297357843736,-0.3946956430339856
8,4,45,30.0,1.0,4,18,1,1,16.67,11.11,-1.4680754879093187,0.1973478215169928
8,4,45,30.0,1.0,4,18,1,1,16.67,11.11,2.4676162456348116,1.9734782151699277
8,4,45,30.0,1.0,4,18,1,1,16.67,11.11,0.7808912169730413,-0.6907173753094751
8,4,45,30.0,1.0,4,18,1,2,16.67,11.11,-1.1869546497990233,-0.9867391075849645
8,4,45,30.0,1.0,4,18,2,1,16.67,11.11,1.0620120550833365,1.6774564828944383
8,4,45,30.0,1.0,4,18,2,1,16.67,11.11,-1.4680754879093187,0.1973478215169928
8,4,45,30.0,1.0,4,18,1,1,16.67,11.11,0.2186495407524515,0.7893912860679712
8,4,45,30.0,1.0,4,18,1,2,16.67,11.11,0.2186495407524515,1.0854130183434607
8,4,45,30.0,1.0,4,18,1,1,16.67,11.11,-1.4680754879093187,-0.6907173753094751
8,4,45,30.0,1.0,4,18,1,1,16.67,11.11,-0.3435921354681383,-0.3946956430339856
8,4,45,30.0,1.0,4,18,1,1,16.67,11.11,0.2186495407524515,-0.6907173753094751
8,4,45,30.0,1.0,4,18,1,1,16.67,11.11,0.4997703788627461,-0.9867391075849645
8,4,45,30.0,1.0,4,18,1,1,16.67,11.11,0.2186495407524515,-0.3946956430339856
8,5,46,30.0,1.0,5,22,1,1,22.73,9.09,0.8388645077378627,0.6711620182628701
8,5,46,30.0,1.0,5,22,1,1,22.73,9.09,1.6500741415942572,0.2168369597464658
8,5,46,30.0,1.0,5,22,2,1,22.73,9.09,1.0416669162019616,1.3526496060374764
8,5,46,30.0,1.0,5,22,1,1,22.73,9.09,-0.1751475345826308,-0.2374880987699386
8,5,46,30.0,1.0,5,22,2,2,22.73,9.09,-1.1891595769031242,-1.146138215802748
8,5,46,30.0,1.0,5,22,1,1,22.73,9.09,0.4332596908096649,0.8983245475210726
8,5,46,30.0,1.0,5,22,2,1,22.73,9.09,-2.000369210759519,-1.3733007450609498
8,5,46,30.0,1.0,5,22,2,1,22.73,9.09,-0.5807523515108282,-0.9189756865445454
8,5,46,30.0,1.0,5,22,1,1,22.73,9.09,-0.1751475345826308,0.6711620182628701
8,5,46,30.0,1.0,5,22,1,1,22.73,9.09,-0.783554759974927,-0.010325569511736658
8,5,46,30.0,1.0,5,22,1,1,22.73,9.09,-1.5947643938313216,-1.146138215802748
8,5,46,30.0,1.0,5,22,1,1,22.73,9.09,0.23045728234556695,-0.9189756865445454
8,5,46,30.0,1.0,5,22,1,1,22.73,9.09,-1.7975668022954205,-1.8276258035773545
8,5,46,30.0,1.0,5,22,1,1,22.73,9.09,0.6360620992737638,1.3526496060374764
8,5,46,30.0,1.0,5,22,1,1,22.73,9.09,0.4332596908096649,1.125487076779275
8,5,46,30.0,1.0,5,22,1,1,22.73,9.09,0.4332596908096649,-0.9189756865445454
8,5,46,30.0,1.0,5,22,1,1,22.73,9.09,0.23045728234556695,1.125487076779275
8,5,46,30.0,1.0,5,22,1,1,22.73,9.09,0.23045728234556695,-0.2374880987699386
8,5,46,30.0,1.0,5,22,1,1,22.73,9.09,0.4332596908096649,-0.010325569511736658
8,5,46,30.0,1.0,5,22,1,1,22.73,9.09,-0.5807523515108282,-0.2374880987699386
8,5,46,30.0,1.0,5,22,2,2,22.73,9.09,1.0416669162019616,-0.010325569511736658
8,5,46,30.0,1.0,5,22,1,1,22.73,9.09,1.2444693246660605,1.5798121352956789
8,6,47,50.0,3.0,6,21,1,1,23.81,0.0,-2.137843370121236,-0.8816982848314757
8,6,47,50.0,3.0,6,21,2,1,23.81,0.0,0.20959248726678775,0.27553071400983664
8,6,47,50.0,3.0,6,21,2,1,23.81,0.0,-0.08383699490671549,0.27553071400983664
8,6,47,50.0,3.0,6,21,1,1,23.81,0.0,0.20959248726678775,-0.30308378541081954
8,6,47,50.0,3.0,6,21,1,1,23.81,0.0,0.20959248726678775,0.27553071400983664
8,6,47,50.0,3.0,6,21,1,1,23.81,0.0,0.7964514516137935,-1.171005534541804
8,6,47,50.0,3.0,6,21,2,1,23.81,0.0,0.503021969440291,0.27553071400983664
8,6,47,50.0,3.0,6,21,1,1,23.81,0.0,-0.9641254414272239,2.011374212271806
8,6,47,50.0,3.0,6,21,1,1,23.81,0.0,0.7964514516137935,0.27553071400983664
8,6,47,50.0,3.0,6,21,1,1,23.81,0.0,-1.257554923600727,-1.4603127842521322
8,6,47,50.0,3.0,6,21,1,1,23.81,0.0,0.503021969440291,-0.5923910351211479
8,6,47,50.0,3.0,6,21,1,1,23.81,0.0,0.20959248726678775,0.27553071400983664
8,6,47,50.0,3.0,6,21,2,1,23.81,0.0,-1.55098440577423,-0.8816982848314757
8,6,47,50.0,3.0,6,21,1,1,23.81,0.0,1.0898809337872968,1.7220669625614773
8,6,47,50.0,3.0,6,21,1,1,23.81,0.0,1.0898809337872968,-1.7496200339624601
8,6,47,50.0,3.0,6,21,1,1,23.81,0.0,0.20959248726678775,0.8541452134304928
8,6,47,50.0,3.0,6,21,1,1,23.81,0.0,0.7964514516137935,0.27553071400983664
8,6,47,50.0,3.0,6,21,1,1,23.81,0.0,0.7964514516137935,1.1434524631408212
8,6,47,50.0,3.0,6,21,2,1,23.81,0.0,0.20959248726678775,0.8541452134304928
8,6,47,50.0,3.0,6,21,1,1,23.81,0.0,0.503021969440291,-0.5923910351211479
8,6,47,50.0,3.0,6,21,1,1,23.81,0.0,-2.137843370121236,-0.8816982848314757
8,7,48,40.0,2.0,6,20,1,2,20.0,20.0,-0.30037914293995815,-0.22468196585711867
8,7,48,40.0,2.0,6,20,1,1,20.0,20.0,1.4745885198870674,1.0592149818978451
8,7,48,40.0,2.0,6,20,1,2,20.0,20.0,-0.5734510910671928,-0.4386647904829462
8,7,48,40.0,2.0,6,20,2,1,20.0,20.0,0.5188367014417458,-0.6526476151087732
8,7,48,40.0,2.0,6,20,1,1,20.0,20.0,-0.5734510910671928,-0.010699141231291613
8,7,48,40.0,2.0,6,20,2,1,20.0,20.0,-1.1195949873216624,-1.080613264360428
8,7,48,40.0,2.0,6,20,1,1,20.0,20.0,-1.392666935448897,-1.2945960889862553
8,7,48,40.0,2.0,6,20,1,1,20.0,20.0,1.8841964420779194,0.8452321572720181
8,7,48,40.0,2.0,6,20,1,2,20.0,20.0,-0.8465230391944276,-1.080613264360428
8,7,48,40.0,2.0,6,20,1,1,20.0,20.0,-0.4369151170035756,-0.6526476151087732
8,7,48,40.0,2.0,6,20,1,1,20.0,20.0,-0.5734510910671928,-0.8666304397346007
8,7,48,40.0,2.0,6,20,1,1,20.0,20.0,-0.5734510910671928,0.20328368339453592
8,7,48,40.0,2.0,6,20,2,1,20.0,20.0,1.4745885198870674,2.1291291050269816
8,7,48,40.0,2.0,6,20,1,1,20.0,20.0,-0.30037914293995815,-0.010699141231291613
8,7,48,40.0,2.0,6,20,1,1,20.0,20.0,1.7476604680143017,1.9151462804011543
8,7,48,40.0,2.0,6,20,2,1,20.0,20.0,0.5188367014417458,1.0592149818978451
8,7,48,40.0,2.0,6,20,1,1,20.0,20.0,-0.5734510910671928,-0.22468196585711867
8,7,48,40.0,2.0,6,20,1,2,20.0,20.0,0.5188367014417458,0.20328368339453592
8,7,48,40.0,2.0,6,20,1,1,20.0,20.0,0.24576475331451114,0.41726650802036347
8,7,48,40.0,2.0,6,20,1,1,20.0,20.0,-1.1195949873216624,-1.2945960889862553
9,1,49,30.0,1.0,3,21,1,1,9.52,19.05,-1.09086959905337,-1.3991172065016415
9,1,49,30.0,1.0,3,21,1,1,9.52,19.05,0.22353885226503392,0.6098716028340491
9,1,49,30.0,1.0,3,21,1,1,9.52,19.05,-1.2786422349559996,-1.3991172065016415
9,1,49,30.0,1.0,3,21,1,1,9.52,19.05,0.035766216362404596,-1.1479936053346804
9,1,49,30.0,1.0,3,21,2,2,9.52,19.05,-2.0297327785665162,-0.8968700041677188
9,1,49,30.0,1.0,3,21,1,1,9.52,19.05,-0.9030969631507413,-0.6457464030007577
9,1,49,30.0,1.0,3,21,1,1,9.52,19.05,0.22353885226503392,0.10762440050012648
9,1,49,30.0,1.0,3,21,1,1,9.52,19.05,1.5379473035834386,0.8609952040010107
9,1,49,30.0,1.0,3,21,2,2,9.52,19.05,0.4113114881676633,-0.8968700041677188
9,1,49,30.0,1.0,3,21,1,1,9.52,19.05,-0.1520064195402243,0.8609952040010107
9,1,49,30.0,1.0,3,21,1,1,9.52,19.05,-0.33977905544285364,-0.39462280183379617
9,1,49,30.0,1.0,3,21,1,1,9.52,19.05,0.5990841240702927,-0.14349920066683455
9,1,49,30.0,1.0,3,21,1,1,9.52,19.05,0.5990841240702927,0.10762440050012648
9,1,49,30.0,1.0,3,21,1,1,9.52,19.05,-1.4664148708586284,-1.1479936053346804
9,1,49,30.0,1.0,3,21,1,1,9.52,19.05,0.5990841240702927,0.8609952040010107
9,1,49,30.0,1.0,3,21,1,1,9.52,19.05,0.5990841240702927,1.6143660075018944
9,1,49,30.0,1.0,3,21,1,1,9.52,19.05,1.1624020317781798,1.865489608668856
9,1,49,30.0,1.0,3,21,1,1,9.52,19.05,0.5990841240702927,1.1121188051679722
9,1,49,30.0,1.0,3,21,1,2,9.52,19.05,-1.2786422349559996,-0.8968700041677188
9,1,49,30.0,1.0,3,21,1,1,9.52,19.05,0.4113114881676633,0.3587480016670881
9,1,49,30.0,1.0,3,21,1,2,9.52,19.05,1.5379473035834386,0.6098716028340491
9,2,50,20.0,0.0,3,20,2,1,15.0,15.0,-0.04705796653545729,0.5470032892270363
9,2,50,20.0,0.0,3,20,1,1,15.0,15.0,1.129391196850974,-0.27350164461351845
9,2,50,20.0,0.0,3,20,2,1,15.0,15.0,-1.4587969625991746,-0.8205049338405548
9,2,50,20.0,0.0,3,20,1,1,15.0,15.0,-0.04705796653545729,0.5470032892270363
9,2,50,20.0,0.0,3,20,1,2,15.0,15.0,0.4235216988191156,-0.8205049338405548
9,2,50,20.0,0.0,3,20,1,1,15.0,15.0,-0.04705796653545729,0.0
9,2,50,20.0,0.0,3,20,1,1,15.0,15.0,-0.5176376318900296,-1.094006578454073
9,2,50,20.0,0.0,3,20,1,1,15.0,15.0,-0.988217297244602,-1.367508223067591
9,2,50,20.0,0.0,3,20,1,2,15.0,15.0,-0.04705796653545729,-0.5470032892270363
9,2,50,20.0,0.0,3,20,1,1,15.0,15.0,2.0705505275601186,1.641009867681109
9,2,50,20.0,0.0,3,20,1,1,15.0,15.0,0.6588115314964016,1.0940065784540727
9,2,50,20.0,0.0,3,20,1,2,15.0,15.0,-0.988217297244602,-0.27350164461351845
9,2,50,20.0,0.0,3,20,1,1,15.0,15.0,-0.988217297244602,-0.27350164461351845
9,2,50,20.0,0.0,3,20,1,1,15.0,15.0,1.5999708622055469,0.8205049338405548
9,2,50,20.0,0.0,3,20,1,1,15.0,15.0,1.129391196850974,1.9145115122946275
9,2,50,20.0,0.0,3,20,1,1,15.0,15.0,0.18823186614182916,0.0
9,2,50,20.0,0.0,3,20,1,1,15.0,15.0,-0.988217297244602,-0.8205049338405548
9,2,50,20.0,0.0,3,20,1,1,15.0,15.0,0.6588115314964016,1.641009867681109
9,2,50,20.0,0.0,3,20,1,1,15.0,15.0,-0.2823477992127432,-0.8205049338405548
9,2,50,20.0,0.0,3,20,2,1,15.0,15.0,-1.4587969625991746,-1.094006578454073
9,3,51,20.0,0.0,4,24,1,1,29.17,4.17,-1.3123955117994441,-1.0647487492061571
9,3,51,20.0,0.0,4,24,2,1,29.17,4.17,-1.1549080503835105,-0.7217424407370594
9,3,51,20.0,0.0,4,24,2,1,29.17,4.17,-0.20998328188791102,-0.20723297803341348
9,3,51,20.0,0.0,4,24,1,2,29.17,4.17,0.8924289480236224,0.9932891016084281
9,3,51,20.0,0.0,4,24,1,1,29.17,4.17,0.41996656377582203,0.3072764846702332
9,3,51,20.0,0.0,4,24,1,1,29.17,4.17,-0.5249582047197775,-2.0937676746134497
9,3,51,20.0,0.0,4,24,1,1,29.17,4.17,1.0499164094395559,0.9932891016084281
9,3,51,20.0,0.0,4,24,1,1,29.17,4.17,-0.05249582047197758,0.6502827931393302
9,3,51,20.0,0.0,4,24,1,1,29.17,4.17,0.7349414866076889,-0.03572982379886458
9,3,51,20.0,0.0,4,24,1,1,29.17,4.17,-0.9974205889675775,-1.0647487492061571
9,3,51,20.0,0.0,4,24,2,1,29.17,4.17,-0.8399331275516441,-0.8932455949716084
9,3,51,20.0,0.0,4,24,1,1,29.17,4.17,1.364891332271422,1.679301718546623
9,3,51,20.0,0.0,4,24,1,1,29.17,4.17,0.8924289480236224,1.164792255842977
9,3,51,20.0,0.0,4,24,2,1,29.17,4.17,-0.8399331275516441,-0.8932455949716084
9,3,51,20.0,0.0,4,24,1,1,29.17,4.17,1.364891332271422,1.5077985643120742
9,3,51,20.0,0.0,4,24,1,1,29.17,4.17,-0.5249582047197775,-0.7217424407370594
9,3,51,20.0,0.0,4,24,1,1,29.17,4.17,0.7349414866076889,0.47877963890478137
9,3,51,20.0,0.0,4,24,1,1,29.17,4.17,-0.20998328188791102,-0.20723297803341348
9,3,51,20.0,0.0,4,24,1,1,29.17,4.17,-0.05249582047197758,0.13577333043568432
9,3,51,20.0,0.0,4,24,2,1,29.17,4.17,-2.2573202802950436,-1.2362519034407058
9,3,51,20.0,0.0,4,24,1,1,29.17,4.17,0.10499164094395586,-0.20723297803341348
9,3,51,20.0,0.0,4,24,2,1,29.17,4.17,1.5223787936873554,1.164792255842977
9,3,51,20.0,0.0,4,24,2,1,29.17,4.17,-0.9974205889675775,-0.7217424407370594
9,3,51,20.0,0.0,4,24,1,1,29.17,4.17,0.8924289480236224,0.9932891016084281
9,4,52,20.0,0.0,4,25,1,1,16.0,16.0,-0.23042861179277077,0.17442056992014346
9,4,52,20.0,0.0,4,25,1,2,16.0,16.0,1.6130002825493939,1.6279253192546712
9,4,52,20.0,0.0,4,25,1,1,16.0,16.0,-0.46085722358554104,-0.11628037994676231
9,4,52,20.0,0.0,4,25,1,1,16.0,16.0,0.23042861179277027,0.755822469653955
9,4,52,20.0,0.0,4,25,2,1,16.0,16.0,-1.6130002825493939,-1.2790841794143841
9,4,52,20.0,0.0,4,25,2,1,16.0,16.0,-1.3825716707566236,-1.5697851292812899
9,4,52,20.0,0.0,4,25,1,1,16.0,16.0,1.1521430589638524,0.46512151978704924
9,4,52,20.0,0.0,4,25,1,2,16.0,16.0,-0.9217144471710826,-0.6976822796805733
9,4,52,20.0,0.0,4,25,1,2,16.0,16.0,1.6130002825493939,1.6279253192546712
9,4,52,20.0,0.0,4,25,1,1,16.0,16.0,-0.9217144471710826,-1.5697851292812899
9,4,52,20.0,0.0,4,25,1,1,16.0,16.0,-0.6912858353783118,-0.11628037994676231
9,4,52,20.0,0.0,4,25,1,1,16.0,16.0,0.6912858353783118,1.0465234195208595
9,4,52,20.0,0.0,4,25,1,1,16.0,16.0,-1.1521430589638528,-0.9883832295474784
9,4,52,20.0,0.0,4,25,1,1,16.0,16.0,0.6912858353783118,-0.11628037994676231
9,4,52,20.0,0.0,4,25,1,1,16.0,16.0,0.0,0.755822469653955
9,4,52,20.0,0.0,4,25,1,1,16.0,16.0,0.0,-0.11628037994676231
9,4,52,20.0,0.0,4,25,1,1,16.0,16.0,-1.3825716707566236,-0.11628037994676231
9,4,52,20.0,0.0,4,25,1,2,16.0,16.0,0.6912858353783118,0.46512151978704924
9,4,52,20.0,0.0,4,25,1,1,16.0,16.0,-0.6912858353783118,-1.2790841794143841
9,4,52,20.0,0.0,4,25,1,1,16.0,16.0,0.46085722358554104,-0.40698132981366747
9,4,52,20.0,0.0,4,25,1,1,16.0,16.0,1.6130002825493939,1.6279253192546712
9,4,52,20.0,0.0,4,25,2,1,16.0,16.0,0.23042861179277027,-0.11628037994676231
9,4,52,20.0,0.0,4,25,1,1,16.0,16.0,1.3825716707566231,1.3372243693877652
9,4,52,20.0,0.0,4,25,1,1,16.0,16.0,-0.23042861179277077,-0.11628037994676231
9,4,52,20.0,0.0,4,25,2,1,16.0,16.0,-0.6912858353783118,-1.2790841794143841
9,5,53,30.0,1.0,5,20,1,1,5.0,20.0,1.7748239349298847,0.17813696028043738
9,5,53,30.0,1.0,5,20,1,1,5.0,20.0,0.08451542547285174,0.17813696028043738
9,5,53,30.0,1.0,5,20,1,2,5.0,20.0,-1.7748239349298849,-2.2712462435755745
9,5,53,30.0,1.0,5,20,1,2,5.0,20.0,-0.9296696802013683,-0.4898766407712023
9,5,53,30.0,1.0,5,20,1,2,5.0,20.0,-0.7606388292556648,-0.2672054404206561
9,5,53,30.0,1.0,5,20,2,1,5.0,20.0,-1.0987005311470714,-1.3805614421733887
9,5,53,30.0,1.0,5,20,1,1,5.0,20.0,0.4225771273642583,0.17813696028043738
9,5,53,30.0,1.0,5,20,1,1,5.0,20.0,0.5916079783099618,0.8461505613320766
9,5,53,30.0,1.0,5,20,1,1,5.0,20.0,-0.08451542547285174,0.17813696028043738
9,5,53,30.0,1.0,5,20,1,2,5.0,20.0,0.5916079783099618,-0.712547841121749
9,5,53,30.0,1.0,5,20,1,1,5.0,20.0,0.7606388292556653,0.8461505613320766
9,5,53,30.0,1.0,5,20,1,1,5.0,20.0,-1.9438547858755881,-1.1578902418228418
9,5,53,30.0,1.0,5,20,1,1,5.0,20.0,0.08451542547285174,0.8461505613320766
9,5,53,30.0,1.0,5,20,1,1,5.0,20.0,0.5916079783099618,1.0688217616826232
9,5,53,30.0,1.0,5,20,1,1,5.0,20.0,-0.2535462764185548,-0.712547841121749
9,5,53,30.0,1.0,5,20,1,1,5.0,20.0,1.4367622330384784,1.5141641623837168
9,5,53,30.0,1.0,5,20,1,1,5.0,20.0,0.4225771273642583,0.6234793609815298
9,5,53,30.0,1.0,5,20,1,1,5.0,20.0,0.929669680201368,1.5141641623837168
9,5,53,30.0,1.0,5,20,1,1,5.0,20.0,-1.0987005311470714,-0.9352190414722952
9,5,53,30.0,1.0,5,20,1,1,5.0,20.0,0.2535462764185548,-0.044534240070109345
9,6,54,30.0,1.0,6,21,1,1,38.1,9.52,0.2648673077751323,-0.14073764959783164
9,6,54,30.0,1.0,6,21,2,1,38.1,9.52,0.9825722707787158,1.2233349541965364
9,6,54,30.0,1.0,6,21,1,2,38.1,9.52,0.9825722707787158,0.9959895202308081
9,6,54,30.0,1.0,6,21,2,1,38.1,9.52,1.7002772337822991,-1.050119385460744
9,6,54,30.0,1.0,6,21,1,1,38.1,9.52,0.6237197892769236,0.9959895202308081
9,6,54,30.0,1.0,6,21,1,1,38.1,9.52,-0.45283765522845154,-0.8227739514950159
9,6,54,30.0,1.0,6,21,2,1,38.1,9.52,-0.8116901367302433,-1.7321556873579278
9,6,54,30.0,1.0,6,21,1,1,38.1,9.52,-1.170542618232035,-0.8227739514950159
9,6,54,30.0,1.0,6,21,1,1,38.1,9.52,-0.8116901367302433,-0.3680830835635599
9,6,54,30.0,1.0,6,21,2,1,38.1,9.52,-2.0676738219865145,-1.5048102533922
9,6,54,30.0,1.0,6,21,2,1,38.1,9.52,0.9825722707787158,1.678025822127993
9,6,54,30.0,1.0,6,21,1,1,38.1,9.52,-1.170542618232035,-0.5954285175292876
9,6,54,30.0,1.0,6,21,1,1,38.1,9.52,0.8031460300278197,0.9959895202308081
9,6,54,30.0,1.0,6,21,1,1,38.1,9.52,-0.45283765522845154,-0.5954285175292876
9,6,54,30.0,1.0,6,21,1,1,38.1,9.52,0.9825722707787158,0.31395321833362433
9,6,54,30.0,1.0,6,21,2,1,38.1,9.52,-1.170542618232035,-0.8227739514950159
9,6,54,30.0,1.0,6,21,2,1,38.1,9.52,0.6237197892769236,0.5412986522993526
9,6,54,30.0,1.0,6,21,1,1,38.1,9.52,0.9825722707787158,1.2233349541965364
9,6,54,30.0,1.0,6,21,1,1,38.1,9.52,0.08544106702423623,0.5412986522993526
9,6,54,30.0,1.0,6,21,2,1,38.1,9.52,-0.09398517372665982,0.7686440862650809
9,6,54,30.0,1.0,6,21,1,2,38.1,9.52,-0.8116901367302433,-0.8227739514950159
9,6,55,20.0,0.0,6,20,1,1,30.0,5.0,1.747670652586735,0.2586159003387952
9,6,55,20.0,0.0,6,20,1,1,30.0,5.0,-0.8656686410009063,-1.2191892444543235
9,6,55,20.0,0.0,6,20,2,1,30.0,5.0,-1.8456708760962717,-1.5886405306526032
9,6,55,20.0,0.0,6,20,2,1,30.0,5.0,-0.7023349351516786,-0.11083538585948444
9,6,55,20.0,0.0,6,20,1,1,30.0,5.0,0.76766841749137,0.6280671865370753
9,6,55,20.0,0.0,6,20,2,1,30.0,5.0,-1.6823371702470442,-1.7733661737517432
9,6,55,20.0,0.0,6,20,2,1,30.0,5.0,-1.355669758548589,-0.8497379582560438
9,6,55,20.0,0.0,6,20,1,1,30.0,5.0,-0.2123338176039957,0.4433415434379353
9,6,55,20.0,0.0,6,20,2,1,30.0,5.0,0.6043347116421423,1.1822441158344947
9,6,55,20.0,0.0,6,20,1,1,30.0,5.0,0.9310021233405971,0.2586159003387952
9,6,55,20.0,0.0,6,20,1,1,30.0,5.0,0.2776672999436868,-0.6650123151569042
9,6,55,20.0,0.0,6,20,1,1,30.0,5.0,0.9310021233405971,1.1822441158344947
9,6,55,20.0,0.0,6,20,1,1,30.0,5.0,1.2576695350390525,0.8127928296362154
9,6,55,20.0,0.0,6,20,1,1,30.0,5.0,-0.5390012293024512,-0.6650123151569042
9,6,55,20.0,0.0,6,20,1,1,30.0,5.0,0.76766841749137,0.4433415434379353
9,6,55,20.0,0.0,6,20,1,1,30.0,5.0,-0.5390012293024512,-1.4039148875534635
9,6,55,20.0,0.0,6,20,1,1,30.0,5.0,0.9310021233405971,1.5516954020327747
9,6,55,20.0,0.0,6,20,1,2,30.0,5.0,-0.2123338176039957,0.0738902572396556
9,6,55,20.0,0.0,6,20,2,1,30.0,5.0,0.11433359409445942,1.1822441158344947
9,6,55,20.0,0.0,6,20,1,1,30.0,5.0,-0.37566752345322346,0.2586159003387952
